Perihal,Dari/Untuk,Tipe,Teks_Input_Gabungan,Kategori_Target
Perjanjian Kerja Sama antara PT Pos Indonesia (Persero) dengan Koperasi Jasa Nasional Sinergi Indonesia tentang Pemotongan Uang Pensiun untuk Angsuran Kredit Pensiun dan Pemeliharaan Data (Flagging) Pegawai Negeri Sipil/Aparatur Sipil Negara/TNI/Polri dan Pensiunan yang Memperoleh Kredit melalui Koperasi Jasa Nasional Sinergi Indonesia,Direktur Bisnis Jasa Keuangan;,1 - SPK dan PKS,perjanjian kerja sama antara pt pos indonesia persero dengan koperasi jasa nasional sinergi indonesia tentang pemotongan uang pensiun untuk angsuran kredit pensiun dan pemeliharaan data flagging pegawai negeri sipilaparatur sipil negaratnipolri dan pensiunan yang memperoleh kredit melalui koperasi jasa nasional sinergi indonesia direktur bisnis jasa keuangan,SPK DAN PKS
Perjanjian Kerja Sama antara Dana Pensiun Pos Indonesia dengan PT Pos Indonesia (Persero) tentang Pembayaran Manfaat Pensiun Peserta Dana Pensiun Pos Indonesia Melalui Rekening Giropos,Direktur Bisnis Jasa Keuangan;,2 - SPK dan PKS,perjanjian kerja sama antara dana pensiun pos indonesia dengan pt pos indonesia persero tentang pembayaran manfaat pensiun peserta dana pensiun pos indonesia melalui rekening giropos direktur bisnis jasa keuangan,SPK DAN PKS
Keputusan Direksi tentang Pemberian Tunjangan Kinerja Triwulan III Tahun 2022,Direktur Utama;,3 - KD,keputusan direksi tentang pemberian tunjangan kinerja triwulan iii tahun 2022 direktur utama,KD
"Dukungan Sponsor Event Internasional ""Formula 1 Powerboat Racing World Championship""",Kepala Dinas Kebudayaan dan Pariwisata Kabupaten Toba,4 - Surat Dinas,dukungan sponsor event internasional formula 1 powerboat racing world championship kepala dinas kebudayaan dan pariwisata kabupaten toba,SURAT DINAS
Undangan Workshop BUMN dan Anak Usaha Januari- Februari 2023,Erik Yosafat  Koran BUMN,5 - Surat Dinas,undangan workshop bumn dan anak usaha januari februari 2023 erik yosafat koran bumn,SURAT DINAS
"Dukungan Sponsor Event Internasional ""Formula 1 Powerboat Racing World Championship""",Kepala Dinas Kebudayaan dan Pariwisata Kabupaten Toba,6 - Surat Dinas,dukungan sponsor event internasional formula 1 powerboat racing world championship kepala dinas kebudayaan dan pariwisata kabupaten toba,SURAT DINAS
Somasi,Ketua Umum DPP FPPLI  Ketua Presidium KNPP,7 - Surat Dinas,somasi ketua umum dpp fppli ketua presidium knpp,SURAT DINAS
Tool untuk mensukseskan implementasi Value AKHLAK insan BUMN,Hendrik Lim  MBA (defora),8 - Surat Dinas,tool untuk mensukseskan implementasi value akhlak insan bumn hendrik lim mba defora,SURAT DINAS
Penyesuaian Upah Tahun 2023,Dewan Pengurus Pusat SPPI Kuat Bermartabat,9 - Surat Dinas,penyesuaian upah tahun 2023 dewan pengurus pusat sppi kuat bermartabat,SURAT DINAS
Risalah Radir tanggal 3 Januari 2023,Corsec;,10 - risalah,risalah radir tanggal 3 januari 2023 corsec,RISALAH
Penunjukan Kas Kecil Kesekretariatan,Corporate Secretary;,11 - Surat Dinas,penunjukan kas kecil kesekretariatan corporate secretary,SURAT DINAS
Permohonan Peminjaman BANDROS,Kepala Dinas Pemprov JABAR;,12 - Surat Dinas,permohonan peminjaman bandros kepala dinas pemprov jabar,SURAT DINAS
Surat Perintah Kerja Leonard Greeber,setper;,13 - Surat Dinas,surat perintah kerja leonard greeber setper,SURAT DINAS
Permohonan Peminjaman Bandros,Kepala Blud Angkutan Dinas Perhubungan Kota Bandung;,14 - Surat Dinas,permohonan peminjaman bandros kepala blud angkutan dinas perhubungan kota bandung,SURAT DINAS
Adendum Perjanjian Kerja Sama antara Shopee Internasional Indonesia dengan PT Pos Indonesia (Persero) tentang Layanan Pengiriman Barang,SVP Retail Business;,15 - SPK dan PKS,adendum perjanjian kerja sama antara shopee internasional indonesia dengan pt pos indonesia persero tentang layanan pengiriman barang svp retail business,SPK DAN PKS
Perjanjian Kerja Waktu Tertentu antara PT Pos Indonesia (Persero) dengan Riano Bayu Satria sebagai Tenaga Kerja Profesional Perusahaan,Direktur Business Development dan Portofolio Management;,16 - SPK dan PKS,perjanjian kerja waktu tertentu antara pt pos indonesia persero dengan riano bayu satria sebagai tenaga kerja profesional perusahaan direktur business development dan portofolio management,SPK DAN PKS
Perjanjian Kerja Sama antara PT Tauba Zakka Atkia dengan PT Pos Indonesia (Persero) tentang Fronting Layanan Perjalanan Haji Khusus  Umrah  dan Wisata Muslim melalui PT Pos Indonesia (Persero),Direktur Bisnis Jasa Keuangan;,17 - SPK dan PKS,perjanjian kerja sama antara pt tauba zakka atkia dengan pt pos indonesia persero tentang fronting layanan perjalanan haji khusus umrah dan wisata muslim melalui pt pos indonesia persero direktur bisnis jasa keuangan,SPK DAN PKS
Perjanjian Kerja Waktu Tertentu antara PT Pos Indonesia (Persero) dengan Yus Yudiswara sebagai Tenaga kerja Profesional Perusahaan,Direktur Keuangan dan Manajemen Risiko;,18 - SPK dan PKS,perjanjian kerja waktu tertentu antara pt pos indonesia persero dengan yus yudiswara sebagai tenaga kerja profesional perusahaan direktur keuangan dan manajemen risiko,SPK DAN PKS
Surat keputusan Direksi nomor : SK 2733/DIR-2/1222 tentang Tim Pengadaan Setempat Barang dan Jasa sub Direktorat Human Capital Services and Business Partner dan Sub Direktorat Human Capital Policy and Strategy,Direktur Human Capital Management;,19 - SK,surat keputusan direksi nomor sk 2733dir21222 tentang tim pengadaan setempat barang dan jasa sub direktorat human capital services and business partner dan sub direktorat human capital policy and strategy direktur human capital management,SK
surat dinas,P Fery Hardiman;,20 - Surat Dinas,surat dinas p fery hardiman,SURAT DINAS
Perjanjian Peminjaman Kendaraan Mitsubishi untuk Uji Jalan Ecanter di Indonesia,SVP Operation Management;,21 - SPK dan PKS,perjanjian peminjaman kendaraan mitsubishi untuk uji jalan ecanter di indonesia svp operation management,SPK DAN PKS
Perjanjian Kerja Sama antara PT Pos Indonesia (Persero) dengan PT Pintoe Sabang Iraya tentang Pengadaan Jasa Kontraktor Pelaksana Pemindahan Panel dan Genset KCU Jakarta Premier,Direktur Keuangan dan Manajemen Risiko;,22 - SPK dan PKS,perjanjian kerja sama antara pt pos indonesia persero dengan pt pintoe sabang iraya tentang pengadaan jasa kontraktor pelaksana pemindahan panel dan genset kcu jakarta premier direktur keuangan dan manajemen risiko,SPK DAN PKS
Pengembalian SDM PT Pos Indonesia (Persero) sebagai Peserta Program Talent Secondment Kementerian BUMN,Plt Sekretaris Kementerian BUMN,23 - Surat Dinas,pengembalian sdm pt pos indonesia persero sebagai peserta program talent secondment kementerian bumn plt sekretaris kementerian bumn,SURAT DINAS
Penyesuaian Upah Tahun 2023,Dewan Pengurus Pusat SPPI,24 - Surat Dinas,penyesuaian upah tahun 2023 dewan pengurus pusat sppi,SURAT DINAS
Surat Keputusan Dewan Pengurus Pusat Serikat Pekerja Pos Indonesia Nomor : 023/C3/DPP SPPI/VI/2022 tentang Perubahan Pertama atas Surat Keputusan Dewan Pengurus Pusat Serikat Pekerja Pos Indonesia Nomor : 144/C3/DPP SPPI/V/1121 tanggal 11 November 2021 tentang Pengesahan dan Penetapan Dewan Pengurus Wilayah I Serikat Pekerja Pos Indonesia Sumatera Utara- Aceh Periode Tahun 2021- 2026,Dewan Pengurus Pusat SPPI,25 - SK,surat keputusan dewan pengurus pusat serikat pekerja pos indonesia nomor 023c3dpp sppivi2022 tentang perubahan pertama atas surat keputusan dewan pengurus pusat serikat pekerja pos indonesia nomor 144c3dpp sppiv1121 tanggal 11 november 2021 tentang pengesahan dan penetapan dewan pengurus wilayah i serikat pekerja pos indonesia sumatera utara aceh periode tahun 2021 2026 dewan pengurus pusat sppi,SK
Permohonan Kerjasama Sewa Menyewa Ruangan,KSPPS KOSPPI,26 - Surat Dinas,permohonan kerjasama sewa menyewa ruangan kspps kosppi,SURAT DINAS
Undangan Permohonan Pembicara,Direktur PT Riung Mitra Lestari,27 - Surat Dinas,undangan permohonan pembicara direktur pt riung mitra lestari,SURAT DINAS
Permintaan Kebijaksanaan,PT Wastu Kencana,28 - Surat Dinas,permintaan kebijaksanaan pt wastu kencana,SURAT DINAS
Laporan Lanjutan atas Perkembangan Proses PKPU,Direktur PT Pos Finansial Indonesia,29 - Surat Dinas,laporan lanjutan atas perkembangan proses pkpu direktur pt pos finansial indonesia,SURAT DINAS
Surat Undangan Exclusive Excursion & Certification : Business Ecosystem Development and Execution in Company  Singapore 2023,Direktur Linxbrain Cemerlang Indonesia,30 - Surat Dinas,surat undangan exclusive excursion certification business ecosystem development and execution in company singapore 2023 direktur linxbrain cemerlang indonesia,SURAT DINAS
M&A dan Valuasi Bisnis Training,Direktur Indonesia Training Institute and Consulting Services (intrinsics),31 - Surat Dinas,ma dan valuasi bisnis training direktur indonesia training institute and consulting services intrinsics,SURAT DINAS
M&A dan Valuasi Bisnis Training,Direktur Indonesia Training Institute and Consulting Services (intrinsics),32 - Surat Dinas,ma dan valuasi bisnis training direktur indonesia training institute and consulting services intrinsics,SURAT DINAS
Permohonan Bantuan Dana Pembangunan Mushola,Panitia Pembangunan Mushola Al Fajar,33 - proposal,permohonan bantuan dana pembangunan mushola panitia pembangunan mushola al fajar,PROPOSAL
Permohonan Bantuan Dana Pembangunan Mushola,Permohonan Bantuan Dana Pembangunan Mushola,34 - proposal,permohonan bantuan dana pembangunan mushola permohonan bantuan dana pembangunan mushola,PROPOSAL
Ucapan Terima Kasih,Plt Sestama Bakamla RI  Deputi Kebijakan dan Strategi  Kepala Badan Keamanan Laut RI,35 - Surat Dinas,ucapan terima kasih plt sestama bakamla ri deputi kebijakan dan strategi kepala badan keamanan laut ri,SURAT DINAS
Undangan Expose Persiapan Assessment GCG,Plt Kepala Perwakilan BPKP Perwakilan Provinsi Jawa Barat,36 - Surat Dinas,undangan expose persiapan assessment gcg plt kepala perwakilan bpkp perwakilan provinsi jawa barat,SURAT DINAS
Penyampaian Laporan Tahunan Anti Pencucian Uang dan Pencegahan Pendanaan Terorisme (APU dan PPT) serta Risk Based Approach (RBA),Deputi Direktur Kantor Perwakilan Bank Indonesia Provinsi Jawa Barat,37 - Surat Dinas,penyampaian laporan tahunan anti pencucian uang dan pencegahan pendanaan terorisme apu dan ppt serta risk based approach rba deputi direktur kantor perwakilan bank indonesia provinsi jawa barat,SURAT DINAS
Keputusan Direksi tentang Kebijakan dan Pedoman Umum Penerapan Manajemen Risiko PT Pos Indonesia (Persero),Direktur Utama;,39 - KD,keputusan direksi tentang kebijakan dan pedoman umum penerapan manajemen risiko pt pos indonesia persero direktur utama,KD
Keputusan Direksi Nomor : KD.101/DIRUT/1222 tentang Pemeriksaan Periodik di Unit Pelaksana Teknis,Direktur Utama;,40 - KD,keputusan direksi nomor kd101dirut1222 tentang pemeriksaan periodik di unit pelaksana teknis direktur utama,KD
Perubahan atas Perjanjian Kerja Sama Nomor : PKS251/DIR-4/1021 antara PT Pos Indonesia (Persero) dengan PT Bank Central Asia Tbk tentang Pemanfaatan Layanan Weselpos Instan,Direktur Bisnis Jasa Keuangan;,43 - SPK dan PKS,perubahan atas perjanjian kerja sama nomor pks251dir41021 antara pt pos indonesia persero dengan pt bank central asia tbk tentang pemanfaatan layanan weselpos instan direktur bisnis jasa keuangan,SPK DAN PKS
Perubahan atas Perjanjian Kerja Sama Nomor : PKS 144/SVP Financial Service/0722 antara PT Pos Indonesia (Persero) dengan PT Bank Central Asia Tbk tentang Layanan Wesel Pos Transfer Tunai,SVP Sales and Marketing Financial Service;,44 - SPK dan PKS,perubahan atas perjanjian kerja sama nomor pks 144svp financial service0722 antara pt pos indonesia persero dengan pt bank central asia tbk tentang layanan wesel pos transfer tunai svp sales and marketing financial service,SPK DAN PKS
Perjanjian Kerja Sama antara PT Nalendra Halilintar Samudra dengan PT Pos Indonesia (Persero) tentang Pengiriman Barang PT Pos Indonesia (Persero) dengan Ekosistem Kendaraan Listrik,Direktur Operasi dan Digital Services;,45 - SPK dan PKS,perjanjian kerja sama antara pt nalendra halilintar samudra dengan pt pos indonesia persero tentang pengiriman barang pt pos indonesia persero dengan ekosistem kendaraan listrik direktur operasi dan digital services,SPK DAN PKS
Perjanjian Kerahasiaan (NDA) antara PT Pos Indonesia (Persero) dengan Perusahaan Perseroan (Persero) PT Telekomunikasi Indonesia Tbk tentang Pemanfaatan Giropos pada Platform Pembayaran Telkom,SVP Sales and Marketing Financial Services;,46 - SPK dan PKS,perjanjian kerahasiaan nda antara pt pos indonesia persero dengan perusahaan perseroan persero pt telekomunikasi indonesia tbk tentang pemanfaatan giropos pada platform pembayaran telkom svp sales and marketing financial services,SPK DAN PKS
Perjanjian Kerja Sama antara Yayasan Lembaga Amil Zakat  Infak dan Shadaqoh Nahdlatul Ulama (Lazisnu) dengan PT Pos Indonesia (Persero) tentang Layanan Pengumpulan Zakat  Infak  Sedekah dan Donasi melalui PT Pos Indonesia (Persero),SVP Sales and Marketing Financial Services;,48 - SPK dan PKS,perjanjian kerja sama antara yayasan lembaga amil zakat infak dan shadaqoh nahdlatul ulama lazisnu dengan pt pos indonesia persero tentang layanan pengumpulan zakat infak sedekah dan donasi melalui pt pos indonesia persero svp sales and marketing financial services,SPK DAN PKS
Izin Melakukan Penelitian,Direktur Program Pasca Sarjana Universitas Garut;,49 - Surat Dinas,izin melakukan penelitian direktur program pasca sarjana universitas garut,SURAT DINAS
Iklan Kemitraan HUT ke 50 PT ASDP Indonesia Ferry (Persero),Pengurus Badan Pembina Pensiunan Pegawai (BP-3) Perhubungan,50 - Surat Dinas,iklan kemitraan hut ke 50 pt asdp indonesia ferry persero pengurus badan pembina pensiunan pegawai bp3 perhubungan,SURAT DINAS
Strategi Mencapai Target 2023 Melalui Executive Coaching,Profesional Executive Coach Cipta Performa Indonesia,51 - Surat Dinas,strategi mencapai target 2023 melalui executive coaching profesional executive coach cipta performa indonesia,SURAT DINAS
Somasi,Kantor Hukum Idang Riyadi & Partners,52 - Surat Dinas,somasi kantor hukum idang riyadi partners,SURAT DINAS
1. Tanggapan Komisaris atas Laporan Manajemen Bulan Oktober 2022 PT Pos Logistik Indonesia 2. Laporan Pelaksanaan Tugas Pengawasan Dewan Komisaris bulan Oktober 2022,Komisaris Utama PT Pos Logistik Indonesia,53 - Surat Dinas,1 tanggapan komisaris atas laporan manajemen bulan oktober 2022 pt pos logistik indonesia 2 laporan pelaksanaan tugas pengawasan dewan komisaris bulan oktober 2022 komisaris utama pt pos logistik indonesia,SURAT DINAS
Penawaran Kegiatan Vaksinasi Corporate Social Responsibility (CSR) tahun 2023,Direktur Portofolio  Produk dan Layanan Kimia Farma,54 - Surat Dinas,penawaran kegiatan vaksinasi corporate social responsibility csr tahun 2023 direktur portofolio produk dan layanan kimia farma,SURAT DINAS
Permohonan Sponsorship HPN 2023,Panitia Pusat Hari Pers Nasional (HPN) 2023,55 - proposal,permohonan sponsorship hpn 2023 panitia pusat hari pers nasional hpn 2023,PROPOSAL
Permohonan Sponsorship HPN 2023,Panitia Pusat Hari Pers Nasional (HPN) 2023,56 - proposal,permohonan sponsorship hpn 2023 panitia pusat hari pers nasional hpn 2023,PROPOSAL
Proposal Program Pelatihan dan Sertifikasi BNSP Manajer SDM,Direktur PT Hasanah Raya Cipta,57 - Surat Dinas,proposal program pelatihan dan sertifikasi bnsp manajer sdm direktur pt hasanah raya cipta,SURAT DINAS
Sponsor WISCA 2023,National Representative Indonesia Office Prosafe Institute-World Safety Organization,58 - proposal,sponsor wisca 2023 national representative indonesia office prosafe instituteworld safety organization,PROPOSAL
Undangan Rapat Koordinasi Tahun 2023,Deputi Bidang Pelaporan dan Pengawasan Kepatuhan PPATK,59 - Surat Dinas,undangan rapat koordinasi tahun 2023 deputi bidang pelaporan dan pengawasan kepatuhan ppatk,SURAT DINAS
Surat Pemberitahuan Pemenang Indonesia Excellence Good Corporate Governance Awards 2023 : Managing a High Level of Company Performance in GCG Ethics,CEO & Chief Editor PT Kuadran Satu Komunika (Warta Ekonomi.co.id),60 - Surat Dinas,surat pemberitahuan pemenang indonesia excellence good corporate governance awards 2023 managing a high level of company performance in gcg ethics ceo chief editor pt kuadran satu komunika warta ekonomicoid,SURAT DINAS
Permohonan Kerjasama Pencarian Sponsorship,Barunastra Roboboat Its Team,61 - Surat Dinas,permohonan kerjasama pencarian sponsorship barunastra roboboat its team,SURAT DINAS
Mohon Bantuan Donasi Bhakti Sosial Peduli Kasih Anak Indonesia di Bulan Ramadhan 1444H,Yayasan Bina Insan Nusantara (YABINA),62 - Surat Dinas,mohon bantuan donasi bhakti sosial peduli kasih anak indonesia di bulan ramadhan 1444h yayasan bina insan nusantara yabina,SURAT DINAS
Surat Konfirmasi tentang Pekerjaan Fitur Tandatangan Digital pada Aplikasi Nota Dinas Elektronik,Manager Enterprise Service,63 - Surat Dinas,surat konfirmasi tentang pekerjaan fitur tandatangan digital pada aplikasi nota dinas elektronik manager enterprise service,SURAT DINAS
Laporan Pengembalian Barang Bukti Kasus Tipikor di PT Pos Finansial Indonesia,Direktur PT Pos Finansial Indonesia,64 - Surat Dinas,laporan pengembalian barang bukti kasus tipikor di pt pos finansial indonesia direktur pt pos finansial indonesia,SURAT DINAS
"Undangan Iklan Kemitraan ""Selamat dan Sukses Milad ke-2 Bank Syariah Indonesia""",GM of Sales PT Media Nusantara Informasi (MNC Portal),65 - Surat Dinas,undangan iklan kemitraan selamat dan sukses milad ke2 bank syariah indonesia gm of sales pt media nusantara informasi mnc portal,SURAT DINAS
Permohonan Audiensi,Pengurus Aliansi UMKM Bandung Raya,66 - Surat Dinas,permohonan audiensi pengurus aliansi umkm bandung raya,SURAT DINAS
Izin Melakukan Magang,Wakil Dekan 1 Telkom University;,67 - Surat Dinas,izin melakukan magang wakil dekan 1 telkom university,SURAT DINAS
Undangan Partisipasi Banjarnegara UMKM Expo dan Festival Produk Lokal 2023,Bupati Banjarnegara,68 - Surat Dinas,undangan partisipasi banjarnegara umkm expo dan festival produk lokal 2023 bupati banjarnegara,SURAT DINAS
Undangan Partisipasi Purworejo Expo 2023,Bupati Purworejo,69 - Surat Dinas,undangan partisipasi purworejo expo 2023 bupati purworejo,SURAT DINAS
"Penerbitan ""Booklet Layanan Informasi Protokol Kesehatan Kereta Api dalam rangka Menyambut Idul Fitri 1444H Tahun 2023""",a.n Dewan Pengurus Pusat Serikat Pekerja Kereta Api,70 - Surat Dinas,penerbitan booklet layanan informasi protokol kesehatan kereta api dalam rangka menyambut idul fitri 1444h tahun 2023 an dewan pengurus pusat serikat pekerja kereta api,SURAT DINAS
Keputusan Direksi tentang Pembangunan dan Implementasi Super-app Human Capital Management di PT Pos Indonesia (Persero),Direktur HC Management;,72 - KD,keputusan direksi tentang pembangunan dan implementasi superapp human capital management di pt pos indonesia persero direktur hc management,KD
Keputusan Direksi tentang Perubahan Pertama Atas Keputusan Direksi PT Pos Indonesia (Persero) Nomor KD.010/DIR-2/2022 tentang Uang Cuti Tahunan,Direktur HC Management;,73 - KD,keputusan direksi tentang perubahan pertama atas keputusan direksi pt pos indonesia persero nomor kd010dir22022 tentang uang cuti tahunan direktur hc management,KD
Surat Edaran Nomor : SE001/DIR-4/0123 tentang Tata Kelola Penjualan Meterai Tempel,Direktur Bisnis Jasa Keuangan;,74 - SE,surat edaran nomor se001dir40123 tentang tata kelola penjualan meterai tempel direktur bisnis jasa keuangan,SE
Surat Perintah Kerja dan Perjanjian Kerja Sama antara PT Pos Indonesia (Persero) dengan PT Infomedia Nusantara tentang Pengadaan Jasa Pengelolaan Contact Center Tahun 2023,Direktur Operasi dan Digital Services;,75 - SPK dan PKS,surat perintah kerja dan perjanjian kerja sama antara pt pos indonesia persero dengan pt infomedia nusantara tentang pengadaan jasa pengelolaan contact center tahun 2023 direktur operasi dan digital services,SPK DAN PKS
Perbaikan dan Tambahan Data untuk Permohonan Persetujuan Penghapusbukuan dan Pemindahtanganan sebagian Aktiva Tetap Tanah dan Bangunan KCP Sekip Ujung Palembang 30114a,Direktur Utama;,76 - Surat Dinas,perbaikan dan tambahan data untuk permohonan persetujuan penghapusbukuan dan pemindahtanganan sebagian aktiva tetap tanah dan bangunan kcp sekip ujung palembang 30114a direktur utama,SURAT DINAS
Keputusan Direksi Nomor KD.002/DIR-4/0123 tentang FILATELI,Direktur Bisnis Jasa Keuangan;,77 - KD,keputusan direksi nomor kd002dir40123 tentang filateli direktur bisnis jasa keuangan,KD
SPPD a.n Michelle Safira,Manajer Rumah Tangga;,78 - Surat Dinas,sppd an michelle safira manajer rumah tangga,SURAT DINAS
SPPD a.n Michelle Safira,Manajer Rumah Tangga;,79 - Surat Dinas,sppd an michelle safira manajer rumah tangga,SURAT DINAS
Risalah Radir 17 Januari 2023,Direktur Utama;Anggita Direksi;,80 - risalah,risalah radir 17 januari 2023 direktur utamaanggita direksi,RISALAH
Permintaan ATK,Manajer Rumah Tangga;,81 - Surat Dinas,permintaan atk manajer rumah tangga,SURAT DINAS
Surat Permohonan Penarikan Fasilitas Kredit/Perpanjangan Pembayaran (SPPFK) sehubungan Perpanjangan Waktu Pembayaran.,Direktur Keuangan dan Manajemen Risiko;,83 - Surat Dinas,surat permohonan penarikan fasilitas kreditperpanjangan pembayaran sppfk sehubungan perpanjangan waktu pembayaran direktur keuangan dan manajemen risiko,SURAT DINAS
Penerbitan Buku 101 Rimbawan Hebat,Ketua Pelaksana Pengurus Pusat Perkumpulan Pensiunan Kehutanan Indonesia,84 - Surat Dinas,penerbitan buku 101 rimbawan hebat ketua pelaksana pengurus pusat perkumpulan pensiunan kehutanan indonesia,SURAT DINAS
Permohonan Donatur,Ketua Yayasan Nurani Bangsa/masjid Al Amanah Nurani Bangsa,85 - proposal,permohonan donatur ketua yayasan nurani bangsamasjid al amanah nurani bangsa,PROPOSAL
Permohonan Sponsorship/Donatur,Lembaga Perlindungan Konsumen Swadaya Masyarakat,86 - proposal,permohonan sponsorshipdonatur lembaga perlindungan konsumen swadaya masyarakat,PROPOSAL
Permohonan Kerja Sama,Pembina UKM Jama`ah Shalahuddin UGM,87 - Surat Dinas,permohonan kerja sama pembina ukm jamaah shalahuddin ugm,SURAT DINAS
Sinkronisasi dan Evaluasi Program Kegiatan Tanggung Jawab Sosial dan Lingkungan (TJSL) Perusahaan di Kota Bandung,Wali Kota Bandung,88 - Surat Dinas,sinkronisasi dan evaluasi program kegiatan tanggung jawab sosial dan lingkungan tjsl perusahaan di kota bandung wali kota bandung,SURAT DINAS
confirmation KAP Paul Hadiwinata  Hidajat  Arsono  Retno  Palilingan & Rekan,Chief Financial Officer PT Pos Finansial Indonesia,89 - Surat Dinas,confirmation kap paul hadiwinata hidajat arsono retno palilingan rekan chief financial officer pt pos finansial indonesia,SURAT DINAS
Teguran Pertama Pungutan OJK Tahap-IV dan Denda Keterlambatan PT Pos Indonesia (Persero),Direktur Penilaian Keuangan Perusahaan Sektor Jasa  Otoritas Jasa Keuangan,90 - Surat Dinas,teguran pertama pungutan ojk tahapiv dan denda keterlambatan pt pos indonesia persero direktur penilaian keuangan perusahaan sektor jasa otoritas jasa keuangan,SURAT DINAS
Undangan Kegiatan Liaison : Perolehan Informasi Data dan Kondisi Dunia Usaha,Plt Kepala Perwakilan Bank Indonesia Provinsi Jawa Barat,91 - Surat Dinas,undangan kegiatan liaison perolehan informasi data dan kondisi dunia usaha plt kepala perwakilan bank indonesia provinsi jawa barat,SURAT DINAS
Surat Permohonan Dana Kontribusi  Kompensasi dan Tanggung Jawab Sosial dan Lingkungan (TJSL) Perusahaan/Perseroan Terbatas yang akan dikelola Lembaga Adat PASLAB Luwu Timur diperuntukan untuk Anak Suku sesuai SK,Perkumpulan Anak Suku Lokal Bersatu (PASLB) Kabupaten Luwu Timur Provinsi Sulawesi Selatan,92 - Surat Dinas,surat permohonan dana kontribusi kompensasi dan tanggung jawab sosial dan lingkungan tjsl perusahaanperseroan terbatas yang akan dikelola lembaga adat paslab luwu timur diperuntukan untuk anak suku sesuai sk perkumpulan anak suku lokal bersatu paslb kabupaten luwu timur provinsi sulawesi selatan,SURAT DINAS
Permohonan Pembukaan Kantorpos di Kecamatan Pagaran,Bupati Tapanuli Utara,93 - Surat Dinas,permohonan pembukaan kantorpos di kecamatan pagaran bupati tapanuli utara,SURAT DINAS
Undangan Pelatihan,Direktur Pelaksana PT Citra Multisolusi Indonesia,94 - Surat Dinas,undangan pelatihan direktur pelaksana pt citra multisolusi indonesia,SURAT DINAS
Undangan Pembahasan Sengketa Perpajakan,Kepala Bidang Keberatan dan Banding  Direktorat Jenderal Pajak Kementerian Keuangan RI,95 - Surat Dinas,undangan pembahasan sengketa perpajakan kepala bidang keberatan dan banding direktorat jenderal pajak kementerian keuangan ri,SURAT DINAS
Permohonan Partisipasi pada Program Prasasti Dana Abadi ITS,Rektor ITS,96 - Surat Dinas,permohonan partisipasi pada program prasasti dana abadi its rektor its,SURAT DINAS
Ketentuan Asosiasi Sistem Pembayaran Indonesia (KASPI) Nomor ASPI/K- II/6/XII/2022 tanggal 28 Desember 2022 tentang Penyusunan Materi Edukasi untuk Merchant dan Pengguna QRIS,Direktur Eksekutif Asosiasi Sistem Pembayaran Indonesia (ASPI),97 - Surat Dinas,ketentuan asosiasi sistem pembayaran indonesia kaspi nomor aspik ii6xii2022 tanggal 28 desember 2022 tentang penyusunan materi edukasi untuk merchant dan pengguna qris direktur eksekutif asosiasi sistem pembayaran indonesia aspi,SURAT DINAS
Penawaran Pelatihan Keprotokolan Negara & Master of Ceremony (MC),PT Arseta Karya Utama,98 - Surat Dinas,penawaran pelatihan keprotokolan negara master of ceremony mc pt arseta karya utama,SURAT DINAS
Penawaran Pelatihan Public Speaking,PT Arseta Karya Utama,99 - Surat Dinas,penawaran pelatihan public speaking pt arseta karya utama,SURAT DINAS
Penawaran Pelatihan Sistem Pengamanan Gedung Perkantoran  VIP Protection,PT Arseta Karya Utama,100 - Surat Dinas,penawaran pelatihan sistem pengamanan gedung perkantoran vip protection pt arseta karya utama,SURAT DINAS
Surat pengantar dan Rencana Penggabungan Usaha (Merger),Direktur Utama PT Modern Multiartha,101 - Surat Dinas,surat pengantar dan rencana penggabungan usaha merger direktur utama pt modern multiartha,SURAT DINAS
Perjanjian Kerja Sama antara PT Pos Indonesia (Persero) dengan PT Reyhan Putra Mandiri tentang Kerja Sama Operasi Pospay PMI,Direktur Bisnis Jasa Keuangan;,103 - SPK dan PKS,perjanjian kerja sama antara pt pos indonesia persero dengan pt reyhan putra mandiri tentang kerja sama operasi pospay pmi direktur bisnis jasa keuangan,SPK DAN PKS
Keputusan Direksi Nomor KD.129/DIR-02/1222 tentang Hari Libur Nasional Tahun 2023,Direktur Human Capital Management;,104 - KD,keputusan direksi nomor kd129dir021222 tentang hari libur nasional tahun 2023 direktur human capital management,KD
Perjanjian Kerja Sama antara PT Pos Indonensia (Persero) dengan PT Quatro Jasa Solusindo tentang Kemitraan Pospay secara Host to Host,Direktur Bisnis Jasa Keuangan;,105 - SPK dan PKS,perjanjian kerja sama antara pt pos indonensia persero dengan pt quatro jasa solusindo tentang kemitraan pospay secara host to host direktur bisnis jasa keuangan,SPK DAN PKS
Permohonan Bantuan Dana,Panitia Pembangunan Musholla Al Barokah,106 - Surat Dinas,permohonan bantuan dana panitia pembangunan musholla al barokah,SURAT DINAS
Pembayaran Manfaat THT Taspen dan THT Multi Guna Sejahtera oleh PT Taspen tidak sesuai dengan Gaji Pokok Terakhir,Vincencius Napitu,108 - surat pribadi,pembayaran manfaat tht taspen dan tht multi guna sejahtera oleh pt taspen tidak sesuai dengan gaji pokok terakhir vincencius napitu,SURAT PRIBADI
"Penawaran Kepemilikan Buku ""(bukan) Kisah Sukses Erick Thohir Sebuah Biografi""",Direktur Aman Communication,109 - Surat Dinas,penawaran kepemilikan buku bukan kisah sukses erick thohir sebuah biografi direktur aman communication,SURAT DINAS
Turut Termohon Eksekusi,PT Info Solusindo Data Utama,110 - Surat Dinas,turut termohon eksekusi pt info solusindo data utama,SURAT DINAS
Somasi III,Irfan Fadila Mawi Law Firm,111 - Surat Dinas,somasi iii irfan fadila mawi law firm,SURAT DINAS
Surat Pernyataan,Oranger KCP Sintang,112 - Surat Dinas,surat pernyataan oranger kcp sintang,SURAT DINAS
Perjanjian Kerja Sama antara Yayasan BUMN untuk Indonesia dengan PT Pos Indonesia (Persero) tentang Penyaluran Dana Bantuan Pendidikan Kewirausahaan,Direktur Bisnis Jasa Keuangan;,113 - SPK dan PKS,perjanjian kerja sama antara yayasan bumn untuk indonesia dengan pt pos indonesia persero tentang penyaluran dana bantuan pendidikan kewirausahaan direktur bisnis jasa keuangan,SPK DAN PKS
Perjanjian Kerja Sama antara PT Sarana Yukti Bandhana dengan PT Pos Indonesia (Persero) tentang Penerimaan Pembayaran Multibiller,Direktur Bisnis Jasa Keuangan;,114 - SPK dan PKS,perjanjian kerja sama antara pt sarana yukti bandhana dengan pt pos indonesia persero tentang penerimaan pembayaran multibiller direktur bisnis jasa keuangan,SPK DAN PKS
Surat Keputusan Direksi Nomor : SK 2826/DIR- 2/1222 tentang Satuan Tugas Sertifikasi ISO 14001 Sistem Manajemen Lingkungan dan ISO 45001 Sistem Manajemen Keselamatan dan Kesehatan Kerja (K3) Tingkat Pusat,Direktur Human Capital Management;,115 - SK,surat keputusan direksi nomor sk 2826dir 21222 tentang satuan tugas sertifikasi iso 14001 sistem manajemen lingkungan dan iso 45001 sistem manajemen keselamatan dan kesehatan kerja k3 tingkat pusat direktur human capital management,SK
Surat Keputusan Direksi Nomor : SK107/DIRUT/0123 tentang Tim Counterpart Assessment Penerapan Good Corprorate Governance Tahun 2022,Direktur Utama;,116 - SK,surat keputusan direksi nomor sk107dirut0123 tentang tim counterpart assessment penerapan good corprorate governance tahun 2022 direktur utama,SK
Risalah Radir 24 Januari 2023,Direktur Utama;Anggota Direksi;,117 - risalah,risalah radir 24 januari 2023 direktur utamaanggota direksi,RISALAH
Kerjasama Publikasi,Dewan Pimpinan Pusat Serikat Pekerja PT PLN (Persero),118 - Surat Dinas,kerjasama publikasi dewan pimpinan pusat serikat pekerja pt pln persero,SURAT DINAS
Related Party Confirmation Letter,Pjs VP Internal Audit Group PT Industri Telekomunikasi Indonesia (PT INTI),119 - Surat Dinas,related party confirmation letter pjs vp internal audit group pt industri telekomunikasi indonesia pt inti,SURAT DINAS
Pembatalan Bantuana SPJ,Pengurus Pusat Persatuan Pensiunan Pos Indonesia,120 - Surat Dinas,pembatalan bantuana spj pengurus pusat persatuan pensiunan pos indonesia,SURAT DINAS
upaya banding administratif whatsapp tanggal 3 Januari 2023 yang dikeluarkan PT Pos Indonesia (Persero) Kantor Regional V Surabaya  jalan Krembangan Barat 75 Surabaya,Slamet Wahjudi/085749707991,122 - surat pribadi,upaya banding administratif whatsapp tanggal 3 januari 2023 yang dikeluarkan pt pos indonesia persero kantor regional v surabaya jalan krembangan barat 75 surabaya slamet wahjudi085749707991,SURAT PRIBADI
Telaah dan Saran terhadap Tindak Lanjut AOI atas Review Assessment GCG Tahun 2021  bagian Dewan Komisaris,Komisaris Independen/Ketua KA,123 - Surat Dinas,telaah dan saran terhadap tindak lanjut aoi atas review assessment gcg tahun 2021 bagian dewan komisaris komisaris independenketua ka,SURAT DINAS
Permohonan Sponsorship,PP POLRI Pengurus Daerah Metro Jaya  Tournament Golf Terbuka,124 - proposal,permohonan sponsorship pp polri pengurus daerah metro jaya tournament golf terbuka,PROPOSAL
Perjanjian Kerja Sama antara Koperasi Simpan Pinjam Nusantara dengan PT Pos Indonesia (Persero) tentang Layanan Setoran dan Penarikan Simpanan Oren di Kantorpos,Direktur Bisnis Jasa Keuangan;,128 - SPK dan PKS,perjanjian kerja sama antara koperasi simpan pinjam nusantara dengan pt pos indonesia persero tentang layanan setoran dan penarikan simpanan oren di kantorpos direktur bisnis jasa keuangan,SPK DAN PKS
Berita Acara Kesepakatan Perpanjangan Perjanjian Kerja Sama antara Koperasi Simpan Pinjam Nusantara dengan PT Pos Indonesia (Persero) tentang Pemotongan Uang Pensiun untuk Angsuran Kredit Pensiun,Direktur Bisnis Jasa Keuangan;,129 - SPK dan PKS,berita acara kesepakatan perpanjangan perjanjian kerja sama antara koperasi simpan pinjam nusantara dengan pt pos indonesia persero tentang pemotongan uang pensiun untuk angsuran kredit pensiun direktur bisnis jasa keuangan,SPK DAN PKS
Perjanjian Kerja Sama antara PT Pos Indonesia (Persero) dengan PT Bank Neo Commerce Tbk tentang Pemotongan Uang Pensiun untuk Angsuran Kredit Pensiun dan Pemeliharaan Data (Flagging) Pegawai Negeri Sipil/Aparatur Sipil Negara/TNI/POLRI dan Pensiunan yang memperoleh Kredit melalui Bank Neo Commerce,Direktur Bisnis Jasa Keuangan;,130 - SPK dan PKS,perjanjian kerja sama antara pt pos indonesia persero dengan pt bank neo commerce tbk tentang pemotongan uang pensiun untuk angsuran kredit pensiun dan pemeliharaan data flagging pegawai negeri sipilaparatur sipil negaratnipolri dan pensiunan yang memperoleh kredit melalui bank neo commerce direktur bisnis jasa keuangan,SPK DAN PKS
Surat Perintah Kerja (SPK) Bramasta Noviantara Girindra Wardhana,Corporate Secretary;,131 - SPK dan PKS,surat perintah kerja spk bramasta noviantara girindra wardhana corporate secretary,SPK DAN PKS
Pengantar,Ketua BEM Sekolah Tinggi Ilmu Komunikasi Bandung,132 - Surat Dinas,pengantar ketua bem sekolah tinggi ilmu komunikasi bandung,SURAT DINAS
Rencana Kunjungan Top Management,Direktur PT Sato Label Solutions,133 - Surat Dinas,rencana kunjungan top management direktur pt sato label solutions,SURAT DINAS
PKS antara PT Pos Indonesia (Persero) dengan Kantor Hukum Oktania Wardhana & Partners tentang Pengadaan Jasa Penasihat Hukum,Corporate Secretary;,135 - SPK dan PKS,pks antara pt pos indonesia persero dengan kantor hukum oktania wardhana partners tentang pengadaan jasa penasihat hukum corporate secretary,SPK DAN PKS
Laporan Keuangan,Direktur Utama;,136 - laporan,laporan keuangan direktur utama,LAPORAN
Perjanjian antara PT Pos Indonesia (Persero) dengan PT Dapensi Trio Usaha tentang Pengadaan Jasa Tenaga Alih Daya Cleaning Service Tahun 2023,Direktur Keuangan dan Manajemen Risiko;,137 - SPK dan PKS,perjanjian antara pt pos indonesia persero dengan pt dapensi trio usaha tentang pengadaan jasa tenaga alih daya cleaning service tahun 2023 direktur keuangan dan manajemen risiko,SPK DAN PKS
Perjanjian antara PT Pos Indonesia (Persero) dengan PT Dapensi Trio Usaha tentang Pekerjaan Jasa Keamanan Kantor Kerja di Wilayah Regional I - VI dan Kantor Pusat PT Pos Indonesia (Persero) Tahun 2023,Direktur Keuangan dan Manajemen Risiko;,138 - SPK dan PKS,perjanjian antara pt pos indonesia persero dengan pt dapensi trio usaha tentang pekerjaan jasa keamanan kantor kerja di wilayah regional i vi dan kantor pusat pt pos indonesia persero tahun 2023 direktur keuangan dan manajemen risiko,SPK DAN PKS
Adendum Perjanjian Kerja Sama antara PT Pos Indonesia (Persero) dengan PT Bullion Ecosystem International tentang Penggunaan Platform Bulion Ecosystem International sebagai Digital Platform Diversifikasi Layanan Yang Terintegrasi dengan Sistem Perdagangan Fisik Emas Digital Dalam Bursa,Direktur Utama;,140 - SPK dan PKS,adendum perjanjian kerja sama antara pt pos indonesia persero dengan pt bullion ecosystem international tentang penggunaan platform bulion ecosystem international sebagai digital platform diversifikasi layanan yang terintegrasi dengan sistem perdagangan fisik emas digital dalam bursa direktur utama,SPK DAN PKS
Adendum II atas Perjanjian Kerja Sama antara PT Pos Indonesia (Persero) dengan PT Abi Komoditi Berjangka tentang Kemitraan Perantara Perdagangan Fisik Emas Digital dalam Bursa,Direktur Utama;,141 - SPK dan PKS,adendum ii atas perjanjian kerja sama antara pt pos indonesia persero dengan pt abi komoditi berjangka tentang kemitraan perantara perdagangan fisik emas digital dalam bursa direktur utama,SPK DAN PKS
Pelaksanaan Penerapan Skema Harga Pemrosesan Transaksi Pembayaran antara Indonesia dengan Thailand menggunakan QRIS Atarnegara,Direktur Eksekutif Asosiasi Sistem Pembayararn Indonensia (ASPI),142 - Surat Dinas,pelaksanaan penerapan skema harga pemrosesan transaksi pembayaran antara indonesia dengan thailand menggunakan qris atarnegara direktur eksekutif asosiasi sistem pembayararn indonensia aspi,SURAT DINAS
Risalah Radir 31 Januari 2023,Direktur Utama;Anggota Direksi;,143 - risalah,risalah radir 31 januari 2023 direktur utamaanggota direksi,RISALAH
Keputusan Direksi tentang Kemitraan O-Ranger,Direktur Bisnis Kurir dan Logistik;,144 - KD,keputusan direksi tentang kemitraan oranger direktur bisnis kurir dan logistik,KD
Keputusan Direksi Nomor : KD 90/DIRUT/1022 tentang Biaya Pemakaian Sepeda Motor Roda-2 untuk Antaran Surat dan Paket bagi Mandor dan Pengantar Pos berstatus Karyawan di Unit Pelaksana Teknis dan Dinas Antaran di Kantor Pusat dan Kantor Regional,Direktur Utama;,145 - KD,keputusan direksi nomor kd 90dirut1022 tentang biaya pemakaian sepeda motor roda2 untuk antaran surat dan paket bagi mandor dan pengantar pos berstatus karyawan di unit pelaksana teknis dan dinas antaran di kantor pusat dan kantor regional direktur utama,KD
Keputusan Direksi tentang Perubahan Pertama atas Keputusan Direksi PT Pos Indonesia (Persero) Nomor : KD016/DIRUT/0322 tentang Bantuan Perumahan,Direktur Utama;,147 - Surat Dinas,keputusan direksi tentang perubahan pertama atas keputusan direksi pt pos indonesia persero nomor kd016dirut0322 tentang bantuan perumahan direktur utama,SURAT DINAS
Keputusan Direksi Nomor : 001/DIR-3/0123 tentang Sistem Kiriman Internasional,Direktur Operasi dan Digital Services;,150 - KD,keputusan direksi nomor 001dir30123 tentang sistem kiriman internasional direktur operasi dan digital services,KD
Estimasi Pembayaran Kewajiban Bunga Periode Januari 2023,Department Head SOE & Institution Department PT Bank KB Bukopin  Tbk,151 - Surat Dinas,estimasi pembayaran kewajiban bunga periode januari 2023 department head soe institution department pt bank kb bukopin tbk,SURAT DINAS
Permintaan Fasilitas Sekretariat DPP SPPIKB,DPP SPPI Kuat Bermartabat,152 - Surat Dinas,permintaan fasilitas sekretariat dpp sppikb dpp sppi kuat bermartabat,SURAT DINAS
Penawaran Kerjasama,CEO PT Olimp Update Group,153 - Surat Dinas,penawaran kerjasama ceo pt olimp update group,SURAT DINAS
Mohon Realisasikan Segera Pembayaran Tunjangan Kinerja dan Jasa Produksi Tahun 2022,DPP SPPI Kuat Bermartabat,154 - Surat Dinas,mohon realisasikan segera pembayaran tunjangan kinerja dan jasa produksi tahun 2022 dpp sppi kuat bermartabat,SURAT DINAS
Cuti Bersama tahun 2023,DPP SPPI,155 - Surat Dinas,cuti bersama tahun 2023 dpp sppi,SURAT DINAS
Efektivitas Implementasi PKB 2022-2024,DPP SPPI,156 - Surat Dinas,efektivitas implementasi pkb 20222024 dpp sppi,SURAT DINAS
surat pribadi,Alfian H. Lubis,157 - surat pribadi,surat pribadi alfian h lubis,SURAT PRIBADI
ADDENDUM PERTAMA ATAS PERJANJIAN KERJA SAMA ANTARA PT POS INDONESIA (PERSERO) DAN PERUSAHAAN PERSEROAN (PERSERO) PT TELEKOMUNIKASI INDONESIA  TBK NOMOR : 3621/SETPER/1221 NOMOR : K.TEL.159/HK.810/DR3- 10000000/2021 TANGGAL 1 DESEMBER 2021 TENTANG PEKERJAAN FITUR DIGITAL SIGNATURE PADA APLIKASI NOTA DINAS ELEKTRONIK,Corporate Secretary;,158 - SPK dan PKS,addendum pertama atas perjanjian kerja sama antara pt pos indonesia persero dan perusahaan perseroan persero pt telekomunikasi indonesia tbk nomor 3621setper1221 nomor ktel159hk810dr3 100000002021 tanggal 1 desember 2021 tentang pekerjaan fitur digital signature pada aplikasi nota dinas elektronik corporate secretary,SPK DAN PKS
SPK,karyadi kumpos;,159 - SPK dan PKS,spk karyadi kumpos,SPK DAN PKS
SPK,karyadi kumpos;,160 - SPK dan PKS,spk karyadi kumpos,SPK DAN PKS
Buku Laporan Manajemen Triwulan IV Tahun 2022,Direktur Utama dan Komisaris Utama;,161 - laporan,buku laporan manajemen triwulan iv tahun 2022 direktur utama dan komisaris utama,LAPORAN
Penggilan Mediasi I,Kepala Dinas Ketenagakerjaan Kota Bandung,162 - Surat Dinas,penggilan mediasi i kepala dinas ketenagakerjaan kota bandung,SURAT DINAS
permintaan toner,Manajer Rumah Tangga;,163 - Surat Dinas,permintaan toner manajer rumah tangga,SURAT DINAS
Guarantee Letter PT Pos Indonesia (Persero),VP Kesekretariatan;,164 - Surat Dinas,guarantee letter pt pos indonesia persero vp kesekretariatan,SURAT DINAS
Perjanjian Kerja Sama antara Direktorat Jenderal Perbendaharaan dengan PT Pos Indonesia (Persero) tentang Pelaksanaan Penerimaan Negara secara Elektronik melalui Pos Persepsi,Direktur Utama;,165 - SPK dan PKS,perjanjian kerja sama antara direktorat jenderal perbendaharaan dengan pt pos indonesia persero tentang pelaksanaan penerimaan negara secara elektronik melalui pos persepsi direktur utama,SPK DAN PKS
Perjanjian Kerja Sama antara Direktorat Jenderal Rehabilitasi Sosial Kementerian Sosial dengan PT Pos Indonesia (Persero) tentang Penyaluran Bantuan Permakanan Bagi Lanjut Usia Keluarga Tunggal Tahun 2022,Direktur Bisnis Jasa Keuangan;,167 - SPK dan PKS,perjanjian kerja sama antara direktorat jenderal rehabilitasi sosial kementerian sosial dengan pt pos indonesia persero tentang penyaluran bantuan permakanan bagi lanjut usia keluarga tunggal tahun 2022 direktur bisnis jasa keuangan,SPK DAN PKS
Perjanjian Kerja Sama antara PT Pos Indonesia (Persero) dengan Koperasi Jasa Merpati Jaya Mandiri tentang Pemotongan Uang Pensiun untuk Angsuran Kredit Pensiun dan Pemeliharaan Data (Flagging) Pegawai Negeri Sipil/Aparatur Sipil Negara/TNI/Polri dan Pensiunan yang memperoleh Kredit melalui Koperasi Jasa Merpati Jaya mandiri,Direktur Bisnis Jasa Keuangan;,168 - SPK dan PKS,perjanjian kerja sama antara pt pos indonesia persero dengan koperasi jasa merpati jaya mandiri tentang pemotongan uang pensiun untuk angsuran kredit pensiun dan pemeliharaan data flagging pegawai negeri sipilaparatur sipil negaratnipolri dan pensiunan yang memperoleh kredit melalui koperasi jasa merpati jaya mandiri direktur bisnis jasa keuangan,SPK DAN PKS
Perjanjian Kerja Sama antara PT Pos Indonesia (Persero) dengan Koperasi Simpan Pinjam Nasari tentang Pemotongan Uang Pensiun untuk Angsuran Kredit Pensiun dan Pemeliharaan Data (Flagging) Pegawai Negeri Sipil/Aparatur Sipil Negara/TNI/Polri dan Pensiunan yang memperoleh Kredit melalui Koperasi Simpan Pinjam Nasari,Direktur Bisnis Jasa Keuangan;,169 - SPK dan PKS,perjanjian kerja sama antara pt pos indonesia persero dengan koperasi simpan pinjam nasari tentang pemotongan uang pensiun untuk angsuran kredit pensiun dan pemeliharaan data flagging pegawai negeri sipilaparatur sipil negaratnipolri dan pensiunan yang memperoleh kredit melalui koperasi simpan pinjam nasari direktur bisnis jasa keuangan,SPK DAN PKS
Keputusan Direksi tentang Layanan Sistem Pembayaran Digital Berbasis Giropos,Direktur Bisnis Jasa Keuangan;,170 - KD,keputusan direksi tentang layanan sistem pembayaran digital berbasis giropos direktur bisnis jasa keuangan,KD
Keputusan Direksi Nomor : KD.104/DIRUT/1222 tentang Perekrutan Bersama Kementerian Badan Usaha Milik Negara di PT Pos Indonesia (Persero) Batch 2 Tahun 2022,Direktur Utama;,172 - KD,keputusan direksi nomor kd104dirut1222 tentang perekrutan bersama kementerian badan usaha milik negara di pt pos indonesia persero batch 2 tahun 2022 direktur utama,KD
Perjanjian Kerja Sama antara Direktorat Jenderal Perbendaharaan dengan PT Pos Indonesia (Persero) tentang Pelaksanaan Penerimaan Negara secara Elektronik melalui Pos Persepsi,Direktur Utama;,173 - SPK dan PKS,perjanjian kerja sama antara direktorat jenderal perbendaharaan dengan pt pos indonesia persero tentang pelaksanaan penerimaan negara secara elektronik melalui pos persepsi direktur utama,SPK DAN PKS
Keputusan Direksi tentang Perjanjian Kerja Waktu Tertentu dan Tenaga Kerja Harian di Lingkungan PT Pos Indonesia (Persero),Direktur Utama;,175 - KD,keputusan direksi tentang perjanjian kerja waktu tertentu dan tenaga kerja harian di lingkungan pt pos indonesia persero direktur utama,KD
Keputusan Direksi Nomor : KD 118/DIRUT/1222 tentang Bantuan Uang Transpor,Direktur Utama;,176 - KD,keputusan direksi nomor kd 118dirut1222 tentang bantuan uang transpor direktur utama,KD
Keputusan Direksi Nomor : KD 132/DIRUT/1222 tentang Peduli  Antusias  Soliditas  Totalitas  Integritas sebagai Tema dan Prioritas Pengembangan Karakter Budaya AKHLAK di PT Pos Indonesia (Persero),Direktur Utama;,177 - KD,keputusan direksi nomor kd 132dirut1222 tentang peduli antusias soliditas totalitas integritas sebagai tema dan prioritas pengembangan karakter budaya akhlak di pt pos indonesia persero direktur utama,KD
Keputusan Direksi Tentang Perubahan Pertama atas Keputusan Direksi PT Pos Indonesia (Persero) Nomor : KD 059/DIR-2/0822 tentang Pilot Project Penilaian Kinerja Karyawan berbasis Objective Key Result,Direktur Human Capital Management;,178 - KD,keputusan direksi tentang perubahan pertama atas keputusan direksi pt pos indonesia persero nomor kd 059dir20822 tentang pilot project penilaian kinerja karyawan berbasis objective key result direktur human capital management,KD
Keputusan Direksi tentang Pemutusan Hubungan Kerja di Lingkungan PT Pos Indonesia (Persero),Direktur Utama;,179 - KD,keputusan direksi tentang pemutusan hubungan kerja di lingkungan pt pos indonesia persero direktur utama,KD
Panggilan Mediasi II,Kepala Dinas Ketenagakerjaan,181 - Surat Dinas,panggilan mediasi ii kepala dinas ketenagakerjaan,SURAT DINAS
Nota Kesepahaman antara PT Badan Usaha Milik Alkhairaat dengan PT Pos Indonesia (Persero) tentang Pemanfaatan Produk dan Layanan PT Pos Indonesia (Persero) untuk mendukung Program Kerja Alkhairaat,Direktur Utama;,183 - SPK dan PKS,nota kesepahaman antara pt badan usaha milik alkhairaat dengan pt pos indonesia persero tentang pemanfaatan produk dan layanan pt pos indonesia persero untuk mendukung program kerja alkhairaat direktur utama,SPK DAN PKS
Surat Keputusan Direksi tentang Tim Pelaksana Percepatan Peningkatan Penggunaan Produk Dalam Negeri Tahun 2023,Direktur Utama;,184 - SK,surat keputusan direksi tentang tim pelaksana percepatan peningkatan penggunaan produk dalam negeri tahun 2023 direktur utama,SK
Perjanjian Kerja Sama antara PT Pos Indonesia (Persero) dengan Pimpinan Pusat (PP) Muhammadiyah tentang Pemanfaatan Aplikasi Pospay oleh PP Muhammadiyah Nomor : PKS262/DIR-4/2022,Direktur Bisnis Jasa Keuangan;,185 - SPK dan PKS,perjanjian kerja sama antara pt pos indonesia persero dengan pimpinan pusat pp muhammadiyah tentang pemanfaatan aplikasi pospay oleh pp muhammadiyah nomor pks262dir42022 direktur bisnis jasa keuangan,SPK DAN PKS
Perjanjian Kerja Sama antara PT Pos Indonesia (Persero) dengan PT Cipta Sejati Nusantara tentang Pengelolaan Agenpos Layanan Jasa Kurir Business to Business Nomor : PKS.031/SVP Retail Business/0223,SVP Retail Business;,186 - SPK dan PKS,perjanjian kerja sama antara pt pos indonesia persero dengan pt cipta sejati nusantara tentang pengelolaan agenpos layanan jasa kurir business to business nomor pks031svp retail business0223 svp retail business,SPK DAN PKS
Surat Undangan Partner Film Facilitation Gathering,Direktur Utama Perum Produksi Film Negara,187 - Surat Dinas,surat undangan partner film facilitation gathering direktur utama perum produksi film negara,SURAT DINAS
Permintaan Dokumen,a.n Kepala Kepolisian Resor Indragiri Hilir  Kasat Reskrim selaku Penyidik,188 - Surat Dinas,permintaan dokumen an kepala kepolisian resor indragiri hilir kasat reskrim selaku penyidik,SURAT DINAS
Risalah Radir. Selasa 14 Feb 2023,Direktur Utama;Anggota Direksi;,189 - risalah,risalah radir selasa 14 feb 2023 direktur utamaanggota direksi,RISALAH
Pengantar Sponsorship,Panitia Pelaksana FESTAGAMA  Himpunan Mahasiswa Perencanaan Wilayah dan Kota (HMTPWK) UGM,190 - proposal,pengantar sponsorship panitia pelaksana festagama himpunan mahasiswa perencanaan wilayah dan kota hmtpwk ugm,PROPOSAL
Sponsorship Kegiatan Turnamen Golf dalam rangka HUT ke-77 TNI Angkatan Udara,a.n Kepala Dinas Konstruksi TNI Angkatan Udara  Ketua Panitia,191 - Surat Dinas,sponsorship kegiatan turnamen golf dalam rangka hut ke77 tni angkatan udara an kepala dinas konstruksi tni angkatan udara ketua panitia,SURAT DINAS
Dukungan Bazaar Produk UMKM Danau Toba dalam rangka F1H20,Asisten Deputi Pengembangan Rantai Pasok,192 - Surat Dinas,dukungan bazaar produk umkm danau toba dalam rangka f1h20 asisten deputi pengembangan rantai pasok,SURAT DINAS
"Bantuan Dukungan Kegiatan International Batam Golf Championship series 3 ""Batam Golf Inter-Nations Golf Challenge""",Dewan Pengurus Kamar Dagang dan Industri (KADIN) Kota Batam,193 - proposal,bantuan dukungan kegiatan international batam golf championship series 3 batam golf internations golf challenge dewan pengurus kamar dagang dan industri kadin kota batam,PROPOSAL
Permohonan Kerjasama Sponsorship,Himpunan Mahasiswa Teknik Elektro Institut Teknologi Sepuluh Nopember Surabaya,194 - proposal,permohonan kerjasama sponsorship himpunan mahasiswa teknik elektro institut teknologi sepuluh nopember surabaya,PROPOSAL
Partisipasi Iklan Kemitraan PT ASDP Indonesia Ferry (Persero),Advertising Manager PT Grahanusa Mediatama (KONTAN),196 - Surat Dinas,partisipasi iklan kemitraan pt asdp indonesia ferry persero advertising manager pt grahanusa mediatama kontan,SURAT DINAS
Kebijakan Keselamatan dan Kesehatan Kerja (K3) Perusahaan,Direktur HC Management;,199 - KD,kebijakan keselamatan dan kesehatan kerja k3 perusahaan direktur hc management,KD
1. Proposal Penawaran Pelatihan Investigas. 2. Proposal Penawaran Pelatihan Pelayanan Prima. 3. Penawaran Pelatihan Security Sistem Pengamanan Obyek Vital Nasional dan TPTKP Teror Bom.,PT Multi Konsul Indonesia,200 - proposal,1 proposal penawaran pelatihan investigas 2 proposal penawaran pelatihan pelayanan prima 3 penawaran pelatihan security sistem pengamanan obyek vital nasional dan tptkp teror bom pt multi konsul indonesia,PROPOSAL
Anjuran. Bernado Boy Panjaitan,Pemerintah Kota Bandung  Kepala Dinas Ketenagakerjaan,201 - Surat Dinas,anjuran bernado boy panjaitan pemerintah kota bandung kepala dinas ketenagakerjaan,SURAT DINAS
ESGRC Training,Direktur Indonesian Training Institute & Consulting Services,202 - Surat Dinas,esgrc training direktur indonesian training institute consulting services,SURAT DINAS
Pembayaran Iuran Keanggotaan ASPI tahun 2023,Direktur Eksekutif Asosiasi Sistem Pembayaran Indonesia,203 - Surat Dinas,pembayaran iuran keanggotaan aspi tahun 2023 direktur eksekutif asosiasi sistem pembayaran indonesia,SURAT DINAS
Surat Keputusan Direksi Nomor : SK 2737/DIRUT/1223 tentang Tim Pelaksana Penyaluran Program Sembako Adaptif dan Bantuan Asistensi Rehabilitasi Sosial Anak Yatim Piatu Tahun 2022,Direktur Utama;,205 - SK,surat keputusan direksi nomor sk 2737dirut1223 tentang tim pelaksana penyaluran program sembako adaptif dan bantuan asistensi rehabilitasi sosial anak yatim piatu tahun 2022 direktur utama,SK
surat pribadi,Viedya E. Gani,206 - surat pribadi,surat pribadi viedya e gani,SURAT PRIBADI
Pengajuan Ijin Dispensasi Peserta Muswil ke-1 SPPI Kuat Bermartabat,Panitia Musyawarah Wilayah ke-1 DPW Khusus Kantor Pusat Bandung,207 - Surat Dinas,pengajuan ijin dispensasi peserta muswil ke1 sppi kuat bermartabat panitia musyawarah wilayah ke1 dpw khusus kantor pusat bandung,SURAT DINAS
Surat Permohonan,Panitia Pelaksana Hari Pers Nasional 2023,209 - Surat Dinas,surat permohonan panitia pelaksana hari pers nasional 2023,SURAT DINAS
Somasi II (Kedua),Kantor Hukum Idang Riyadi  SH. MH & Partners,210 - Surat Dinas,somasi ii kedua kantor hukum idang riyadi shmh partners,SURAT DINAS
Permohonan Sponsorship,Kaukus Muda Indonesia (KMI),211 - proposal,permohonan sponsorship kaukus muda indonesia kmi,PROPOSAL
surat konfirmasi,PT Bank Panin Dubai Syariah,212 - Surat Dinas,surat konfirmasi pt bank panin dubai syariah,SURAT DINAS
Permohonan Bantuan Donasi Penyelenggaraan Muswil ke-1 DPWKH SPPI Kuat Bermartabat,Panitia Musyawarah Wilayah ke-1 DPW Khusus Kantor Pusat Bandung,213 - Surat Dinas,permohonan bantuan donasi penyelenggaraan muswil ke1 dpwkh sppi kuat bermartabat panitia musyawarah wilayah ke1 dpw khusus kantor pusat bandung,SURAT DINAS
Keputusan Direksi Nomor : KD.116/DIR-2/1222 tentang Perubahan Pertama atas Keputusan Direksi PT Pos Indonesia (Persero) Nomor : KD 066/DIR-2/0822 tentang Penghargaan,Direktur Human Capital Management;,214 - KD,keputusan direksi nomor kd116dir21222 tentang perubahan pertama atas keputusan direksi pt pos indonesia persero nomor kd 066dir20822 tentang penghargaan direktur human capital management,KD
APPU Newsletter,Asian Pacific Postal Union,215 - Surat Dinas,appu newsletter asian pacific postal union,SURAT DINAS
Undangan Partisipasi Kegiatan Sosial Donor Darah SEKAR Telkom,Panitia Donor Darah HUT ke-23 Serikat Karyawan PT Telekomunikasi Indonesia  Tbk,216 - Surat Dinas,undangan partisipasi kegiatan sosial donor darah sekar telkom panitia donor darah hut ke23 serikat karyawan pt telekomunikasi indonesia tbk,SURAT DINAS
Permohonan Donasi/Sponsorship,Lembaga Amil Zakat Persatuan Islam (Lazpersis),217 - Surat Dinas,permohonan donasisponsorship lembaga amil zakat persatuan islam lazpersis,SURAT DINAS
Permohonan,Panitia Pelaksana Golf Charity Nutrition Day  Himpunan Insan Golf (HIG) DPR RI,218 - Surat Dinas,permohonan panitia pelaksana golf charity nutrition day himpunan insan golf hig dpr ri,SURAT DINAS
Undangan Partisipasi Malang City Expo 2023,Walikota Malang,219 - Surat Dinas,undangan partisipasi malang city expo 2023 walikota malang,SURAT DINAS
Ucapan Terima Kasih dan Permohonan Dukungan dalam Pelaksanaan Gernas BBI/PDN dan BBWI 2023,Menteri Koordinator Bidang Kemaritiman dan Investasi Republik Indonesia,220 - Surat Dinas,ucapan terima kasih dan permohonan dukungan dalam pelaksanaan gernas bbipdn dan bbwi 2023 menteri koordinator bidang kemaritiman dan investasi republik indonesia,SURAT DINAS
Usulan Penerbitan Prangko Seri Jambore Kepanduan Sedunia ke-25 tahun 2023,Ketua Kwartir Nasional Gerakan Pramuka,221 - Surat Dinas,usulan penerbitan prangko seri jambore kepanduan sedunia ke25 tahun 2023 ketua kwartir nasional gerakan pramuka,SURAT DINAS
Sponsorship,Charity Golf Tournament Hari Pers Nasional 2023,222 - Surat Dinas,sponsorship charity golf tournament hari pers nasional 2023,SURAT DINAS
Newsletter,Asian Pacific Postal Union,223 - Surat Dinas,newsletter asian pacific postal union,SURAT DINAS
Risalah Radir. Selasa 21 Feb 2023,Direktur Utama;Anggota Direksi;,224 - risalah,risalah radir selasa 21 feb 2023 direktur utamaanggota direksi,RISALAH
Penawaran Kerjasama Fasilitas Perbankan dan Pemaparan Produk bagi Pegawai Aktif dan Pra Pensiun,Pension Loan Product Division Head PT Bank KB Bukopin  Tbk,225 - Surat Dinas,penawaran kerjasama fasilitas perbankan dan pemaparan produk bagi pegawai aktif dan pra pensiun pension loan product division head pt bank kb bukopin tbk,SURAT DINAS
Draft PKS dengan PT Pos Proeprti Indonesia tentang Pendayagunaan Aset Properti milik PT Pos Indonesia (Persero),Manajer Kontrak dan Hukum Bisnis,226 - Surat Dinas,draft pks dengan pt pos proeprti indonesia tentang pendayagunaan aset properti milik pt pos indonesia persero manajer kontrak dan hukum bisnis,SURAT DINAS
Permohonan Bantuan Dana,Yayasan Azka Raksa Bina Insan Kamil Lembaga Kesejahteraan Sosial Azka,227 - Surat Dinas,permohonan bantuan dana yayasan azka raksa bina insan kamil lembaga kesejahteraan sosial azka,SURAT DINAS
Permohonan Dukungan dan Sponsorship Kegiatan Milad ke-45 Masjid Istiqlal,Ketua Harian Badan Pengelola Masjid Istiqlal,228 - Surat Dinas,permohonan dukungan dan sponsorship kegiatan milad ke45 masjid istiqlal ketua harian badan pengelola masjid istiqlal,SURAT DINAS
Surat Edaran tentang Petunjuk Pelaksanaan Kemitraan Layanan Pos Universal,Direktur Business Development dan Portofolio Management;,229 - SE,surat edaran tentang petunjuk pelaksanaan kemitraan layanan pos universal direktur business development dan portofolio management,SE
Perjanjian Kerja Sama tentang Penerimaan Pembayaran Angsuran Kredit secara Online antara PT Bussan Auto Finance dengan PT Pos Indonesia (Persero),Direktur Bisnis Jasa Keuangan;,230 - SPK dan PKS,perjanjian kerja sama tentang penerimaan pembayaran angsuran kredit secara online antara pt bussan auto finance dengan pt pos indonesia persero direktur bisnis jasa keuangan,SPK DAN PKS
Pemberitahuan Perubahan Jadwal Keberangkatan Program Reward Jalan-Jalan ke Singapore,Direktur Pemasaran,231 - Surat Dinas,pemberitahuan perubahan jadwal keberangkatan program reward jalanjalan ke singapore direktur pemasaran,SURAT DINAS
Penawaran Traning,Direktur Eksekutif PPLC PT Pengadaan Kita Serantau,232 - Surat Dinas,penawaran traning direktur eksekutif pplc pt pengadaan kita serantau,SURAT DINAS
Undangan Workshop BUMN dan Anak Usaha BUMN,Koran BUMN,233 - Surat Dinas,undangan workshop bumn dan anak usaha bumn koran bumn,SURAT DINAS
Permohonan Donatur/Sponsorship,Panitia Penyelenggara Open Golf Turnamen 2023  Jurnal Wicaksana Media Istana Kenegaraan,235 - Surat Dinas,permohonan donatursponsorship panitia penyelenggara open golf turnamen 2023 jurnal wicaksana media istana kenegaraan,SURAT DINAS
Perjanjian antara PT Pos Indonesia (Persero) dengan PT Rachmarani Jaya Abadi tentang Pengadaan Jasa Pengelola Media Sosial,SVP Retail Business;,236 - SPK dan PKS,perjanjian antara pt pos indonesia persero dengan pt rachmarani jaya abadi tentang pengadaan jasa pengelola media sosial svp retail business,SPK DAN PKS
Adendum atas Perjanjian Kerja Sama Nomor : PKS040/SVP Retail Business/0322 antara PT Buka Usaha Indonesia dan PT Pos Indonesia (Persero) tentang Pengiriman Barang,SVP Retail Business;,237 - SPK dan PKS,adendum atas perjanjian kerja sama nomor pks040svp retail business0322 antara pt buka usaha indonesia dan pt pos indonesia persero tentang pengiriman barang svp retail business,SPK DAN PKS
"Penawaran Kepemilikan Buku ""(Bukan) Kisah Sukses Erick Thohir sebuah Biografi""",Direktur Aman Communication,238 - Surat Dinas,penawaran kepemilikan buku bukan kisah sukses erick thohir sebuah biografi direktur aman communication,SURAT DINAS
Undangan,Panitia Muswil ke-1 DPW Khusus Kantor Pusat SPPI KB Tahun 2023,239 - Surat Dinas,undangan panitia muswil ke1 dpw khusus kantor pusat sppi kb tahun 2023,SURAT DINAS
Permohonan Bantuan Pengadaan Lahan  Pembangunan dan Sarana Prasarana SDNU Pemanahan,Panitia Pembangunan SDNU Pemanahan,240 - Surat Dinas,permohonan bantuan pengadaan lahan pembangunan dan sarana prasarana sdnu pemanahan panitia pembangunan sdnu pemanahan,SURAT DINAS
Undangan Partisipasi Penyelenggaraan Indonesia Essential Oil  Spices Market & Expo 2023,Ketua Panitia Pelaksana Indonesia Essential Oil  Spices Market & Expo 2023,241 - Surat Dinas,undangan partisipasi penyelenggaraan indonesia essential oil spices market expo 2023 ketua panitia pelaksana indonesia essential oil spices market expo 2023,SURAT DINAS
Undangan Launching Ceremony IFG Life pada acara LifeFest 2023,PT Asuransi Jiwa IFG,243 - Surat Dinas,undangan launching ceremony ifg life pada acara lifefest 2023 pt asuransi jiwa ifg,SURAT DINAS
Sponsor Syiar Ramadhan 1444 M/2023 H,Pimpinan Wilayah Dewan Masjid Indonesia (DMI) Provinsi DKI Jakarta,244 - Surat Dinas,sponsor syiar ramadhan 1444 m2023 h pimpinan wilayah dewan masjid indonesia dmi provinsi dki jakarta,SURAT DINAS
Permintaan Data Nilai Kinerja Pegawai Tugas Karya Semester 1 dan 2 2022-PT Pos Indonesia,Plh EVP Pengembangan Talenta  Vice President Pengembangan TLN Eksekutif PLN,245 - Surat Dinas,permintaan data nilai kinerja pegawai tugas karya semester 1 dan 2 2022pt pos indonesia plh evp pengembangan talenta vice president pengembangan tln eksekutif pln,SURAT DINAS
Exclusive Training Legal for Non Legal,Direktur Indonesian Training Institute & Consulting Services (intrinsics),246 - Surat Dinas,exclusive training legal for non legal direktur indonesian training institute consulting services intrinsics,SURAT DINAS
Sponsorship Reuni Akbar SMAN 1 Magetan,Panitia Reuni Akbar 2023 Alumni SMAN 1 Magetan,247 - Surat Dinas,sponsorship reuni akbar sman 1 magetan panitia reuni akbar 2023 alumni sman 1 magetan,SURAT DINAS
Ucapan Terima Kasih,Ketua Badan Amil Zakat Nasional Republik Indonesia,248 - Surat Dinas,ucapan terima kasih ketua badan amil zakat nasional republik indonesia,SURAT DINAS
Penyampaian Ucapan Terima Kasih,Deputi Bidang Pelaporan dan Pengawasan Kepatuhan PPATK,249 - Surat Dinas,penyampaian ucapan terima kasih deputi bidang pelaporan dan pengawasan kepatuhan ppatk,SURAT DINAS
Implementasi PKB 2022-2023,Dewan Pengurus Wilayah III SPPI Sumbagsel-Babel,251 - Surat Dinas,implementasi pkb 20222023 dewan pengurus wilayah iii sppi sumbagselbabel,SURAT DINAS
Undangan Annual Kick-off Meeting Profesi Manajemen Risiko Sektor Jasa Keuangan tahun 2023,Ketua IRMAPA (Indonesia Risk Management Professional Association),252 - Surat Dinas,undangan annual kickoff meeting profesi manajemen risiko sektor jasa keuangan tahun 2023 ketua irmapa indonesia risk management professional association,SURAT DINAS
Permohonan Pembangunan Ruang Kelas Baru (RKB),Ketua Yayasan Alfa Raudhatul Thalibin,253 - Surat Dinas,permohonan pembangunan ruang kelas baru rkb ketua yayasan alfa raudhatul thalibin,SURAT DINAS
Dukungan Sponsorship,Pimpinan Pusat Jamiyyatul Qurra`wal Huffazh Nahdlatul Ulama,255 - Surat Dinas,dukungan sponsorship pimpinan pusat jamiyyatul qurrawal huffazh nahdlatul ulama,SURAT DINAS
Surat Keputusan Direksi tentang Penetapan Satuan Tugas Pengamanan dan Pemanfaatan Aset Tanah dan Gedung di Wilayah Daerah Istimewa Yogyakarta,Direktur Keuangan dan Manajemen Risiko;,256 - SK,surat keputusan direksi tentang penetapan satuan tugas pengamanan dan pemanfaatan aset tanah dan gedung di wilayah daerah istimewa yogyakarta direktur keuangan dan manajemen risiko,SK
Keputusan Direksi tentang Manajemen Pembelajaran di PT Pos Indonesia (Persero),Direktur Utama;,257 - KD,keputusan direksi tentang manajemen pembelajaran di pt pos indonesia persero direktur utama,KD
Keputusan Direksi tentang Layanan Pos Kargo,Direktur Bisnis Kurir dan Logistik;,259 - KD,keputusan direksi tentang layanan pos kargo direktur bisnis kurir dan logistik,KD
Keputusan Direksi tentang Pos Ekonomi,Direktur Bisnis Kurir dan Logistik;,260 - KD,keputusan direksi tentang pos ekonomi direktur bisnis kurir dan logistik,KD
Keputusan Direksi tentang Lini Produk Jasa Kurir Ritel Domestik dan Internasional,Direktur Bisnis Kurir dan Logistik;,261 - KD,keputusan direksi tentang lini produk jasa kurir ritel domestik dan internasional direktur bisnis kurir dan logistik,KD
Proposal Bazaar 1444 H,Ketua panitia Pelaksana Bazar Ramadhan 1444H  Dharma Wanita Persatuan Sekretariat Wakil Presiden,263 - proposal,proposal bazaar 1444 h ketua panitia pelaksana bazar ramadhan 1444h dharma wanita persatuan sekretariat wakil presiden,PROPOSAL
Permohonan Perpanjangan Sewa,Pengurus Koperasi Merpati Jaya Mandiri,264 - Surat Dinas,permohonan perpanjangan sewa pengurus koperasi merpati jaya mandiri,SURAT DINAS
Permohonan Dukungan Event Layanan Zakat BAZNAS,Ketua Badan Amil Zakat Nasional Republik Indonesia (BAZNAS),265 - Surat Dinas,permohonan dukungan event layanan zakat baznas ketua badan amil zakat nasional republik indonesia baznas,SURAT DINAS
Permohonan Penunjukan Saksi,Direktur Tindak Pidana Siber  Badan Reserse Kriminal POLRI,266 - Surat Dinas,permohonan penunjukan saksi direktur tindak pidana siber badan reserse kriminal polri,SURAT DINAS
Permohonan Sponsorship,Badan Peneliti Independen (BPI KPNPA RI),267 - Surat Dinas,permohonan sponsorship badan peneliti independen bpi kpnpa ri,SURAT DINAS
Mohon Bantuan Biaya Transportasi,Koordinator Santri Asal Kab. Timor Tengah Selatan (TTS) Soe Propinsi NTT Kupang,269 - Surat Dinas,mohon bantuan biaya transportasi koordinator santri asal kab timor tengah selatan tts soe propinsi ntt kupang,SURAT DINAS
Keluhan Pelayanan Layanan Pos Universal (LPU),Direktur Jogjalawkarta  Kantor Hukum-Pengacara/Notaris-Perpajakan,270 - Surat Dinas,keluhan pelayanan layanan pos universal lpu direktur jogjalawkarta kantor hukumpengacaranotarisperpajakan,SURAT DINAS
Permohonan Dukungan,Pengurus Koperasi Pegawai dan Pensiunan PT Pos Indonesia (Persero),271 - Surat Dinas,permohonan dukungan pengurus koperasi pegawai dan pensiunan pt pos indonesia persero,SURAT DINAS
Surat Keputusan Direksi Nomor SK.431/DIRUT/0323 tentang Penghargaan Karya Jasa,Direktur Utama;,272 - SK,surat keputusan direksi nomor sk431dirut0323 tentang penghargaan karya jasa direktur utama,SK
Keputusan Direksi tentang Layanan Pos Marketplace,Direktur Bisnis Kurir dan Logistik;,274 - KD,keputusan direksi tentang layanan pos marketplace direktur bisnis kurir dan logistik,KD
Perjanjian Kerahasiaan dengan PT Shopee International Indonesia,SVP Enterprise Business;,275 - SPK dan PKS,perjanjian kerahasiaan dengan pt shopee international indonesia svp enterprise business,SPK DAN PKS
Surat Permohonan Ijin Kunjungan Lokasi Shooting,Unit Location Manager Falcon Pictures,276 - Surat Dinas,surat permohonan ijin kunjungan lokasi shooting unit location manager falcon pictures,SURAT DINAS
Permohonan Rekomendasi Pembentukan dan Pencatatan,Forum Perjuangan Pensiunan Bersatu (FPPB),277 - Surat Dinas,permohonan rekomendasi pembentukan dan pencatatan forum perjuangan pensiunan bersatu fppb,SURAT DINAS
Keputusan Direksi Nomor : KD.134/DIRUT/1222 tentang Pemberian Tunjangan Khusus Daerah bagi Karyawan yang Bekerja di wilayah Papua,Direktur Utama;,278 - KD,keputusan direksi nomor kd134dirut1222 tentang pemberian tunjangan khusus daerah bagi karyawan yang bekerja di wilayah papua direktur utama,KD
"Ebook MASTEL-Bunga Rampai Pemikiran MASTEL ""Menuju Kesehatan  Pertumbuhan  Keberlangsungan dan Kemandirian Industri Telematika di Indonesia""",Ketua Umum Masyarakat Telematika Indonesia (mastel),279 - Surat Dinas,ebook mastelbunga rampai pemikiran mastel menuju kesehatan pertumbuhan keberlangsungan dan kemandirian industri telematika di indonesia ketua umum masyarakat telematika indonesia mastel,SURAT DINAS
Surat Tindak Lanjut Indonesia Film Facilitation,Direktur Utama Produksi Film Negara,280 - Surat Dinas,surat tindak lanjut indonesia film facilitation direktur utama produksi film negara,SURAT DINAS
Risalah Radir. Selasa 7 Maret 2023,Direktur Utama;Anggota Direksi;,281 - risalah,risalah radir selasa 7 maret 2023 direktur utamaanggota direksi,RISALAH
Perjanjian Kerja Sama antara PT Pos Indonesia (Persero) dengan PT Joss Antar Express tentang Pengelolaan Agenpos Layanan Jasa Kurir Business to Business,SVP Retail Business;,282 - SPK dan PKS,perjanjian kerja sama antara pt pos indonesia persero dengan pt joss antar express tentang pengelolaan agenpos layanan jasa kurir business to business svp retail business,SPK DAN PKS
Petikan Risalah Radir  Selasa 7 maret 2023,Direktur Utama;Anggota Direksi;,283 - risalah,petikan risalah radir selasa 7 maret 2023 direktur utamaanggota direksi,RISALAH
Tanggapan Rencana Bisnis Dana Pensiun Pos Indonesia Tahun 2023,Direktur Pengawasan Dana Pensiun dan BPJS Ketenagakerjaan  Otoritas Jasa Keuangan (OJK),285 - Surat Dinas,tanggapan rencana bisnis dana pensiun pos indonesia tahun 2023 direktur pengawasan dana pensiun dan bpjs ketenagakerjaan otoritas jasa keuangan ojk,SURAT DINAS
Pemberitahuan Pelaksanaan Aksi Doa Bersama,Pengurus Pusat Persatuan Pensiunan Pos Indonesia,286 - Surat Dinas,pemberitahuan pelaksanaan aksi doa bersama pengurus pusat persatuan pensiunan pos indonesia,SURAT DINAS
Surat tanggapan disertai permohonan,Angelina Celly Stepany,287 - Surat Dinas,surat tanggapan disertai permohonan angelina celly stepany,SURAT DINAS
Surat Pemberitahuan Untuk Hadir,Kepala Kantor Wilayah DJP Wajib Pajak Besar,288 - Surat Dinas,surat pemberitahuan untuk hadir kepala kantor wilayah djp wajib pajak besar,SURAT DINAS
Penawaran Majalah Infobank Edisi 539  Maret 2023 dengan Tema Digital Brand 2023,Manager Markekting Infobank,289 - Surat Dinas,penawaran majalah infobank edisi 539 maret 2023 dengan tema digital brand 2023 manager markekting infobank,SURAT DINAS
Iklan Bersama,Managing Director Transportasi Indonesia,290 - proposal,iklan bersama managing director transportasi indonesia,PROPOSAL
Laporan Hasil Pemantauan Tindak Lanjut Rekomendasi Hasil Pemeriksaan Semester II Tahun 2022,Auditorat Utama Keuangan Negara VII  Badan Pemeriksa Keuangan Republik Indonesia,292 - laporan,laporan hasil pemantauan tindak lanjut rekomendasi hasil pemeriksaan semester ii tahun 2022 auditorat utama keuangan negara vii badan pemeriksa keuangan republik indonesia,LAPORAN
Adendum Kelima atas Perjanjian Kerja Sama antara PT Tokopedia dengan PT Pos Indonesia (Persero) tentang Layanan Pengiriman Barang,SVP Retail Business;,293 - SPK dan PKS,adendum kelima atas perjanjian kerja sama antara pt tokopedia dengan pt pos indonesia persero tentang layanan pengiriman barang svp retail business,SPK DAN PKS
Uang Ketupat Tahun 2023,Pengurus Pusat Persatuan Pensiunan Pos Indonesia,294 - Surat Dinas,uang ketupat tahun 2023 pengurus pusat persatuan pensiunan pos indonesia,SURAT DINAS
Undangan untuk Trackrecord,Corporate Secretary;,295 - Surat Dinas,undangan untuk trackrecord corporate secretary,SURAT DINAS
Doa Bersama Pensiunan,Ketua Umum Pegurus Pensiunan Pos Indonesia;,296 - Surat Dinas,doa bersama pensiunan ketua umum pegurus pensiunan pos indonesia,SURAT DINAS
Keputusan Direksi Nomor : KD.005/DIRUT/0223 tentang Perubahan Pertama atas keputusan Direksi PT Pos Indonesia (Persero) nomor : KD.60/DIRUT/0822 tentang Tenaga Kerja Profesional Perusahaan (TKPP),Direktur Utama;,297 - KD,keputusan direksi nomor kd005dirut0223 tentang perubahan pertama atas keputusan direksi pt pos indonesia persero nomor kd60dirut0822 tentang tenaga kerja profesional perusahaan tkpp direktur utama,KD
Pemberitahuan Aksi Doa Bersama Persatuan Pensiunan Pos Indonesia,Pengurus Pusat Persatuan Pensiunan Pos Indonesia,298 - Surat Dinas,pemberitahuan aksi doa bersama persatuan pensiunan pos indonesia pengurus pusat persatuan pensiunan pos indonesia,SURAT DINAS
Surat Pemberitahuan Pemenang Indonesia Human Resources Awards 2023 : Exploring Human Capabilities to Pursue Core Strategies in Digitalization Era,CEO & Chief Editor PT Kuadran Satu Komunika,300 - Surat Dinas,surat pemberitahuan pemenang indonesia human resources awards 2023 exploring human capabilities to pursue core strategies in digitalization era ceo chief editor pt kuadran satu komunika,SURAT DINAS
Surat Pemberitahuan Pemenang Indonesia Digital Innovation Awards 2023 : Accelerating Strategic Business through Digital Transformation,CEO & Chief Editor PT Kuadran Satu Komunika,301 - Surat Dinas,surat pemberitahuan pemenang indonesia digital innovation awards 2023 accelerating strategic business through digital transformation ceo chief editor pt kuadran satu komunika,SURAT DINAS
Kerjasama Iklan Time Signal Ramadhan STAR Radio Tangerang,Chief Business Development STAR Radio Tangerang,302 - Surat Dinas,kerjasama iklan time signal ramadhan star radio tangerang chief business development star radio tangerang,SURAT DINAS
Permohonan Kerjasama Iklan bersama atas ulang tahun ke- 52 PT Asuransi Kredit Indonesia,Ketua Koperasi PT Asuransi Kredit Indonesia,303 - Surat Dinas,permohonan kerjasama iklan bersama atas ulang tahun ke 52 pt asuransi kredit indonesia ketua koperasi pt asuransi kredit indonesia,SURAT DINAS
Permohonan Bantuan,Yayasan Pendidikan Asuhan Anak Bangsa (YPAAB),304 - Surat Dinas,permohonan bantuan yayasan pendidikan asuhan anak bangsa ypaab,SURAT DINAS
Permohonan Audiensi,Pengurus Pusat Persatuan Pensiunan Pos Indonesia,305 - Surat Dinas,permohonan audiensi pengurus pusat persatuan pensiunan pos indonesia,SURAT DINAS
Workshop Contract Drafting,Direktur Indonesian Training Institute & Consulting Services,306 - Surat Dinas,workshop contract drafting direktur indonesian training institute consulting services,SURAT DINAS
Permohonan Bantuan Dana (Santunan Ramadhan & Idul Fitri),TPQ Al-Hidayatus Salam,307 - Surat Dinas,permohonan bantuan dana santunan ramadhan idul fitri tpq alhidayatus salam,SURAT DINAS
Surat Edaran tentang Penyelenggaraan Kegiatan Knowledge Management PT Pos Indonesia (Persero) Tahun 2023,Direktur Human Capital Management;,308 - SE,surat edaran tentang penyelenggaraan kegiatan knowledge management pt pos indonesia persero tahun 2023 direktur human capital management,SE
Putusan Mahkamah Agung Republik Indonesia pada tingkat kasasi No. 1336 K/pdt.SUS-PHI/2022,Ridwan,309 - Surat Dinas,putusan mahkamah agung republik indonesia pada tingkat kasasi no 1336 kpdtsusphi2022 ridwan,SURAT DINAS
Pembayaran Bonus/Jasa Produksi Tahun 2022,Dewan Pengurus Pusat SPPI,310 - Surat Dinas,pembayaran bonusjasa produksi tahun 2022 dewan pengurus pusat sppi,SURAT DINAS
Pekan Inovasi dan Investasi Sumatera Utara (PIISU) ke-9 Tahun 2023,an Gubernur Sumatera Utara Sekretaris Daerah Pemerintah Provinsi Sumatera Utara,311 - Surat Dinas,pekan inovasi dan investasi sumatera utara piisu ke9 tahun 2023 an gubernur sumatera utara sekretaris daerah pemerintah provinsi sumatera utara,SURAT DINAS
Pemenuhan Kualifikasi Personil Bidang Manajemen Risiko sesuai PER- 5/MBU/09/2022,Direktur CRMS,312 - Surat Dinas,pemenuhan kualifikasi personil bidang manajemen risiko sesuai per 5mbu092022 direktur crms,SURAT DINAS
Permintaan Daftar Nama Pembeli Terbesar atas Penjualan Meterai Tempel,Plt Kepala Kantor Wilayah Direktorat Jenderal Pajak Sumatera Utara II  Kementerian Keuangan RI,313 - Surat Dinas,permintaan daftar nama pembeli terbesar atas penjualan meterai tempel plt kepala kantor wilayah direktorat jenderal pajak sumatera utara ii kementerian keuangan ri,SURAT DINAS
Permohonan Audiensi dan Penawaran Kerjasama dalam Bidang Pengembangan Sumber Daya Manusia,Head of Commerce PT Cerdas Digital Nusantara (cakap),314 - Surat Dinas,permohonan audiensi dan penawaran kerjasama dalam bidang pengembangan sumber daya manusia head of commerce pt cerdas digital nusantara cakap,SURAT DINAS
Permohonan Penghadapan,a.n Kepala Kepolisian Resor Bogor  Kasat Reskrim Kepolisian Negara RI,315 - Surat Dinas,permohonan penghadapan an kepala kepolisian resor bogor kasat reskrim kepolisian negara ri,SURAT DINAS
Petikan Risalah Radir  Selasa 14 Maret 2023,Direktur Utama;Anggota Direksi;,316 - risalah,petikan risalah radir selasa 14 maret 2023 direktur utamaanggota direksi,RISALAH
Surat Keputusan Direksi Nomor : SK.209/DIRUT/0223 tentang Satuan Tugas Pelaksana Distribusi Logistik dan Perlengkapan Pemilu Tahun 2024,Direktur Utama;,317 - SK,surat keputusan direksi nomor sk209dirut0223 tentang satuan tugas pelaksana distribusi logistik dan perlengkapan pemilu tahun 2024 direktur utama,SK
Perjanjian Kerja Sama antara PT Teguh Aman Lestari dengan PT Pos Indonesia (Persero) tentang Pengiriman Kiriman Marketplace,SVP Retail Business;,318 - SPK dan PKS,perjanjian kerja sama antara pt teguh aman lestari dengan pt pos indonesia persero tentang pengiriman kiriman marketplace svp retail business,SPK DAN PKS
Perjanjian Kerja Sama antara PT Pos Indonesia dengan Serikat Dagang Seluruh Indonesia (SDSI) tentang Pengiriman Kiriman Marketplace Warung SDSI,SVP Retail Business;,319 - SPK dan PKS,perjanjian kerja sama antara pt pos indonesia dengan serikat dagang seluruh indonesia sdsi tentang pengiriman kiriman marketplace warung sdsi svp retail business,SPK DAN PKS
Keputusan Direksi Nomor : KD.013/DIRUT/0323 tentang Organisasi dan Tata Kerja,Direktur Utama;,320 - KD,keputusan direksi nomor kd013dirut0323 tentang organisasi dan tata kerja direktur utama,KD
Tuntutan Jasprod Tahun 2022,Dewan Pengurus Pusat SPPI Kuat Bermartabat,321 - Surat Dinas,tuntutan jasprod tahun 2022 dewan pengurus pusat sppi kuat bermartabat,SURAT DINAS
Undangan Focus Group Discussion (FGD) terkait Perkembangan Implementasi Digitalisasi pada Program Bantuan Sosial,Deputi Direktur  Kantor Perwakilan Bank Indonesia Provinsi Jawa Barat,322 - Surat Dinas,undangan focus group discussion fgd terkait perkembangan implementasi digitalisasi pada program bantuan sosial deputi direktur kantor perwakilan bank indonesia provinsi jawa barat,SURAT DINAS
Permintaan Uang Ketupat dan Tunjangan Pangan,Satgas Aksi Doa Bersama Pensiunan Pos Indonesia Cabang Mataram,323 - Surat Dinas,permintaan uang ketupat dan tunjangan pangan satgas aksi doa bersama pensiunan pos indonesia cabang mataram,SURAT DINAS
Permohonan Kunjungan Industri,Wakil Dewan Fakultas Ekonomi dan Bisnis Universitas Nasional,324 - Surat Dinas,permohonan kunjungan industri wakil dewan fakultas ekonomi dan bisnis universitas nasional,SURAT DINAS
Permohonan Dukungan Pembiayaan Dharma Santi BUMN 2023 melalui Sponsorship,"Panitia Pelaksana ""Dharma Santi BUMN 2023 Tahun Baru Saka 1945""",325 - proposal,permohonan dukungan pembiayaan dharma santi bumn 2023 melalui sponsorship panitia pelaksana dharma santi bumn 2023 tahun baru saka 1945,PROPOSAL
Penerimaan Calon Mahasiswa Baru Politeknik STIA LAN Bandung Tahun 2023,Direktur Lembaga Administrasi Negara Politeknik STIA LAN Bandung,326 - Surat Dinas,penerimaan calon mahasiswa baru politeknik stia lan bandung tahun 2023 direktur lembaga administrasi negara politeknik stia lan bandung,SURAT DINAS
Perjanjian Kerja Sama antara Koperasi Pegawai Pos Indonesia Jakarta Pusat dengan PT Pos Indonesia (Persero) tentang Fasilitas Kredit Karyawan PT Pos Indonesia (Persero),Direktur Human Capital Management;,327 - SPK dan PKS,perjanjian kerja sama antara koperasi pegawai pos indonesia jakarta pusat dengan pt pos indonesia persero tentang fasilitas kredit karyawan pt pos indonesia persero direktur human capital management,SPK DAN PKS
Newsletter March  2023,Asian Pacific Postal Union,329 - Surat Dinas,newsletter march 2023 asian pacific postal union,SURAT DINAS
Permohonan Donatur,Panitia Gebyar Ramadhan 1444 H/2023 M Pesona Kharisma Mandiri,330 - Surat Dinas,permohonan donatur panitia gebyar ramadhan 1444 h2023 m pesona kharisma mandiri,SURAT DINAS
Penerbitan Buku 50 Tahun HKTI,Himpunan Kerukunan Tani Indonesia,331 - Surat Dinas,penerbitan buku 50 tahun hkti himpunan kerukunan tani indonesia,SURAT DINAS
1. Tanggapan Dewan Komisaris atas Laporan Manajemen bulan Desember 2022 PT Pos Logistik Indonesia 2. Laporan Pelaksanaan Tugas Pengawasan Dewan Komisaris bulan Desember 2022,Komisaris Utama PT Pos Logistik Indonesia,332 - laporan,1 tanggapan dewan komisaris atas laporan manajemen bulan desember 2022 pt pos logistik indonesia 2 laporan pelaksanaan tugas pengawasan dewan komisaris bulan desember 2022 komisaris utama pt pos logistik indonesia,LAPORAN
Permohonan Rekomendasi Pembentukan dan Pencatatan,Forum Perjuangan Pensiunan Bersatu,333 - Surat Dinas,permohonan rekomendasi pembentukan dan pencatatan forum perjuangan pensiunan bersatu,SURAT DINAS
Tuntutan Jasprod Tahun 2022,Dewan Pengurus Pusat SPPI Kuat Bermartabat,334 - Surat Dinas,tuntutan jasprod tahun 2022 dewan pengurus pusat sppi kuat bermartabat,SURAT DINAS
Perjanjian Kerja Sama antara PT Bank BTPN Tbk dengan PT Pos Indonesia (Persero) tentang Layanan Penarikan Dana Hasil Pinjaman di Kantor Pos,Direktur Bisnis Jasa Keuangan;,335 - SPK dan PKS,perjanjian kerja sama antara pt bank btpn tbk dengan pt pos indonesia persero tentang layanan penarikan dana hasil pinjaman di kantor pos direktur bisnis jasa keuangan,SPK DAN PKS
SPPD Michelle,VP Kesekretariatan;,337 - Surat Dinas,sppd michelle vp kesekretariatan,SURAT DINAS
Keputusan Direksi tentang Perubahan Ketiga atas Keputusan Direksi PT Pos Indonesia (Persero) Nomor KD. 059/DIRUT/0721 tentang Manajemen Karir,Direktur Utama;,339 - KD,keputusan direksi tentang perubahan ketiga atas keputusan direksi pt pos indonesia persero nomor kd 059dirut0721 tentang manajemen karir direktur utama,KD
Surat Keputusan Direksi PT Pos Indonesia (Persero) Nomor : SK 424/DIRUT/0323 tentang Tim Penganugerahan Tanda Kehormatan dari Presiden Republik Indonesia kepada Direksi dan Karyawan PT Pos Indonesia (Persero) Tahun 2023,Direktur Utama;,340 - SK,surat keputusan direksi pt pos indonesia persero nomor sk 424dirut0323 tentang tim penganugerahan tanda kehormatan dari presiden republik indonesia kepada direksi dan karyawan pt pos indonesia persero tahun 2023 direktur utama,SK
Usulan Pengadaan Privy.id,Corporate Secretary;,341 - Surat Dinas,usulan pengadaan privyid corporate secretary,SURAT DINAS
Akselerasi Pembayaran Benefit Karyawan,Dewan Pengurus Pusat Serikat Pekerja Pos Indonesia,342 - Surat Dinas,akselerasi pembayaran benefit karyawan dewan pengurus pusat serikat pekerja pos indonesia,SURAT DINAS
Bonus/Jasa Produksi Tahun 2022,Dewan Pengurus Pusat Serikat Pekerja Pos Indonesia,343 - Surat Dinas,bonusjasa produksi tahun 2022 dewan pengurus pusat serikat pekerja pos indonesia,SURAT DINAS
Perjanjian Kerja Sama antara Lembaga Amil Zakat Sidogiri (LAZ Sidogiri) dengan PT Pos Indonesia (Persero) tentang Layanan Pengumpulan Zakat  Infak dan Sedekah melalui PT Pos Indonesia (Persero),SVP Sales and Marketing Financial Service;,344 - SPK dan PKS,perjanjian kerja sama antara lembaga amil zakat sidogiri laz sidogiri dengan pt pos indonesia persero tentang layanan pengumpulan zakat infak dan sedekah melalui pt pos indonesia persero svp sales and marketing financial service,SPK DAN PKS
Permohonan Uang Ketupat Tahun 2023 atas Jawaban dari Sekretaris Perusahaan,Pengurus Pusat Persatuan Pensiunan Pos Indonesia,345 - Surat Dinas,permohonan uang ketupat tahun 2023 atas jawaban dari sekretaris perusahaan pengurus pusat persatuan pensiunan pos indonesia,SURAT DINAS
Surat Undangan Accelerated Transformation Program in Europe 2023,Direktur Linxbrain Cemerlang Indonesia,346 - Surat Dinas,surat undangan accelerated transformation program in europe 2023 direktur linxbrain cemerlang indonesia,SURAT DINAS
EE Engineering Estimate Privy.ID,Corporate Secretary;,347 - Surat Dinas,ee engineering estimate privyid corporate secretary,SURAT DINAS
PKS Pemotongan Iuran PPPos secara Terpusat,Pengurus Pusat Persatuan Pensiunan Pos Indonesia,348 - Surat Dinas,pks pemotongan iuran pppos secara terpusat pengurus pusat persatuan pensiunan pos indonesia,SURAT DINAS
Keputusan Direksi tentang Standaar Penerapan Kerangka Kerja Teknologi Informasi,Direktur Utama;,349 - KD,keputusan direksi tentang standaar penerapan kerangka kerja teknologi informasi direktur utama,KD
Keputusan Direksi tentang Tarif Layanan Registered Internasional,Direktur Bisnis Kurir dan Logistik;,350 - KD,keputusan direksi tentang tarif layanan registered internasional direktur bisnis kurir dan logistik,KD
Keputusan Direksi tentang Tarif Layanan Paketpos Cepat Internasional,Direktur Bisnis Kurir dan Logistik;,351 - KD,keputusan direksi tentang tarif layanan paketpos cepat internasional direktur bisnis kurir dan logistik,KD
Keputusan Direksi tentang Tarif Layanan ePacket,Direktur Bisnis Kurir dan Logistik;,352 - KD,keputusan direksi tentang tarif layanan epacket direktur bisnis kurir dan logistik,KD
Keputusan Direksi tentang Tarif Layanan Pos Ekspor,Direktur Bisnis Kurir dan Logistik;,353 - KD,keputusan direksi tentang tarif layanan pos ekspor direktur bisnis kurir dan logistik,KD
Keputusan Direksi tentang Tarif Layanan Express Mail Service,Direktur Bisnis Kurir dan Logistik;,354 - KD,keputusan direksi tentang tarif layanan express mail service direktur bisnis kurir dan logistik,KD
PROGRAM PENUGASAN ACCOUNT MANAGER UNTUK PENGGARAPAN BISNIS DI KEMENTRIAN LEMBAGA DAN BADAN BERKEDUDUKAN DI JAKARTA,DIREKTUR UTAMA;,356 - KD,program penugasan account manager untuk penggarapan bisnis di kementrianlembaga dan badan berkedudukan di jakarta direktur utama,KD
Risalah Radir  Selasa 28 Maret 2023,Direktur Utama;Anggota Direksi;,357 - risalah,risalah radir selasa 28 maret 2023 direktur utamaanggota direksi,RISALAH
SPPD Michelle,VP Kesekretariatan;,358 - Surat Dinas,sppd michelle vp kesekretariatan,SURAT DINAS
Perjanjian Kerja Sama antara PT Pos Indonesia (Persero) dengan PT Bank Mandiri (Persero) Tbk KC Bandung Braga tentang Layanan Fasilitas Kredit Serbaguna Mandiri (KSM) untuk Pekerja PT Pos Indonesia (Persero),Direktur Human Capital Management;,359 - SPK dan PKS,perjanjian kerja sama antara pt pos indonesia persero dengan pt bank mandiri persero tbk kc bandung braga tentang layanan fasilitas kredit serbaguna mandiri ksm untuk pekerja pt pos indonesia persero direktur human capital management,SPK DAN PKS
Keputusan Direksi tentang Digitalisasi dan Otomasi Operasi Kurir dan Logistik,Direktur Operasi dan Digital Services;,360 - KD,keputusan direksi tentang digitalisasi dan otomasi operasi kurir dan logistik direktur operasi dan digital services,KD
Nota Kesepahaman antara PT Buka Usaha Indonesia dan PT Pos Indonesia (Persero) tentang Integrasi API dan Kerja Sama Pengembangan Keagenan,SVP Retail Business;,362 - SPK dan PKS,nota kesepahaman antara pt buka usaha indonesia dan pt pos indonesia persero tentang integrasi api dan kerja sama pengembangan keagenan svp retail business,SPK DAN PKS
Perjanjian Kerja Sama antara Direktorat Jaminan Sosial Direktorat Jenderal Perlindungan dan Jaminan Sosial Kementerian Sosial Republik Indonesia dengan PT Pos Indonesia (Persero) Nomor : PKS 037/DIR- 4/0223,Direktur Bisnis Jasa Keuangan;,363 - SPK dan PKS,perjanjian kerja sama antara direktorat jaminan sosial direktorat jenderal perlindungan dan jaminan sosial kementerian sosial republik indonesia dengan pt pos indonesia persero nomor pks 037dir 40223 direktur bisnis jasa keuangan,SPK DAN PKS
Perjanjian Kerja Sama antara Direktorat Pemberdayaan Kelompok Rentan Direktorat Jenderal Pemberdayaan Sosial Kementerian Sosial dengan PT Pos Indonesia Nomor : PKS 036/DIR-4/0223,Direktur Bisnis Jasa Keuangan;,364 - SPK dan PKS,perjanjian kerja sama antara direktorat pemberdayaan kelompok rentan direktorat jenderal pemberdayaan sosial kementerian sosial dengan pt pos indonesia nomor pks 036dir40223 direktur bisnis jasa keuangan,SPK DAN PKS
Perjanjian Kerja Waktu Tertentu antara PT Pos Indonesia (Persero) dengan Muhammad Abdul Idris sebagai TKPP nomor : PKS 040/DIR-6/0323,Direktur Business Development dan Portofolio Management;,365 - SPK dan PKS,perjanjian kerja waktu tertentu antara pt pos indonesia persero dengan muhammad abdul idris sebagai tkpp nomor pks 040dir60323 direktur business development dan portofolio management,SPK DAN PKS
Perjanjian Waktu Tertentu antara PT Pos Indonesia (Persero) dengan Arlia Irishtiana sebagai TKPP nomor : PKS 032/DIR-5/0423,Direktur Bisnis Kurir dan Logistik;,366 - SPK dan PKS,perjanjian waktu tertentu antara pt pos indonesia persero dengan arlia irishtiana sebagai tkpp nomor pks 032dir50423 direktur bisnis kurir dan logistik,SPK DAN PKS
SK Tim Corsec Privy.id,Corporate Secretary;,367 - Surat Dinas,sk tim corsec privyid corporate secretary,SURAT DINAS
Keputusan Direksi PT Pos Indonesia (Persero) Pendiri Dana Pensiun Pos Indonesia Nomor : KD 122/DIRUT/1222 tentang Peraturan Dana Pensiun dari Dana Pensiun Pos Indonesia,Direktur Utama;,368 - KD,keputusan direksi pt pos indonesia persero pendiri dana pensiun pos indonesia nomor kd 122dirut1222 tentang peraturan dana pensiun dari dana pensiun pos indonesia direktur utama,KD
Surat Persetujuan/Ijin Corsec Privy.id,Corporate Secretary;,369 - Surat Dinas,surat persetujuanijin corsec privyid corporate secretary,SURAT DINAS
Iklan Kemitraan Ucapan Selamat HUT bank bjb ke-62 Tahun 2023,Serikat Karyawan Bank BJB,370 - Surat Dinas,iklan kemitraan ucapan selamat hut bank bjb ke62 tahun 2023 serikat karyawan bank bjb,SURAT DINAS
Nota Kesepahaman Pemanfaatan Jasa dan Potensi Masing-Masing Pihak antara PT Ged Lintas Indonesia dan PT Pos Indonesia (Persero),Direktur Utama;,371 - SPK dan PKS,nota kesepahaman pemanfaatan jasa dan potensi masingmasing pihak antara pt ged lintas indonesia dan pt pos indonesia persero direktur utama,SPK DAN PKS
Keputusan Direksi tentang Pengelolaan Distribusi Logistik dan Perlengkapan Pemilu Tahun 2024,Direktur Utama;,372 - KD,keputusan direksi tentang pengelolaan distribusi logistik dan perlengkapan pemilu tahun 2024 direktur utama,KD
Adendum atas Perjanjian Kerja Sama antara PT Pos Indonesia (Persero) dengan PT Artha Semesta Utama tentang Pemanfaatan Layanan Weselpos Instan,Direktur Bisnis Jasa Keuangan;,373 - SPK dan PKS,adendum atas perjanjian kerja sama antara pt pos indonesia persero dengan pt artha semesta utama tentang pemanfaatan layanan weselpos instan direktur bisnis jasa keuangan,SPK DAN PKS
Penyampaian Buku Teori dan Metodologi Manajemen Risiko Korupsi,Sekretaris Utama Badan Pengawasan Keuangan dan Pembangunan (BPKP),374 - Surat Dinas,penyampaian buku teori dan metodologi manajemen risiko korupsi sekretaris utama badan pengawasan keuangan dan pembangunan bpkp,SURAT DINAS
Keputusan Direktur Jenderal Pajak Nomor KEP- 00189/KEB/PJ/WPJ.19/2023 tentang Keberatan Wajib Pajak atas Surat Ketetapan Pajak Lebih Bayar Pajak Penghasilan,a.n Direktur Jenderal Pajak  Kepala Kantor Wilayah DJP Wajib Pajak Besar  Kementerian Keuangan RI,375 - Surat Dinas,keputusan direktur jenderal pajak nomor kep 00189kebpjwpj192023 tentang keberatan wajib pajak atas surat ketetapan pajak lebih bayar pajak penghasilan an direktur jenderal pajak kepala kantor wilayah djp wajib pajak besar kementerian keuangan ri,SURAT DINAS
Permohonan Uang Ketupat dan Kenaikan Tunjangan Pangan,Pengurus Pusat Persatuan Pensiunan Pos Indonesia,376 - Surat Dinas,permohonan uang ketupat dan kenaikan tunjangan pangan pengurus pusat persatuan pensiunan pos indonesia,SURAT DINAS
Surat Pribadi,Tria Marhendra (Pensiunan Pos) FPP Bersatu,377 - surat pribadi,surat pribadi tria marhendra pensiunan pos fpp bersatu,SURAT PRIBADI
Surat permintaan HPS dan Kop,Corporate Secretary;,378 - Surat Dinas,surat permintaan hps dan kop corporate secretary,SURAT DINAS
Risalah Radir  Selasa 4 April 2023,Direktur Utama;Anggota Direksi;,379 - risalah,risalah radir selasa 4 april 2023 direktur utamaanggota direksi,RISALAH
Usulan Permintaan Pengadaan Privy.id,Corporate Secretary;,380 - Surat Dinas,usulan permintaan pengadaan privyid corporate secretary,SURAT DINAS
Surat Edaran Nomor : SE.004/DIR-2/0223 tentang Penyelenggaraan The Best Performance Award PT Pos Indonesia (Persero),Direktur Human Capital Management;,381 - SE,surat edaran nomor se004dir20223 tentang penyelenggaraan the best performance award pt pos indonesia persero direktur human capital management,SE
Keputusan Direksi Nomor : KD 024/DIRUT/0423 tentang Pembayaran Tunjangan Hari Raya Keagamaan tahun 2023,Direktur Utama;,382 - KD,keputusan direksi nomor kd 024dirut0423 tentang pembayaran tunjangan hari raya keagamaan tahun 2023 direktur utama,KD
Surat Edaran Nomor : SE 06/DIR-2/0423 tentang Pembayaran Tunjangan Hari Raya Keagamaan Tahun 2023,Direktur Human Capital Management;,383 - SE,surat edaran nomor se 06dir20423 tentang pembayaran tunjangan hari raya keagamaan tahun 2023 direktur human capital management,SE
Surat Permintaan Harga Privy.id,Corporate Secretary;,385 - Surat Dinas,surat permintaan harga privyid corporate secretary,SURAT DINAS
SPK/PKS,div hukum (karyadi);,386 - SPK dan PKS,spkpks div hukum karyadi,SPK DAN PKS
Lampiran HPS Privy.id,Corporate Secretary;,387 - Surat Dinas,lampiran hps privyid corporate secretary,SURAT DINAS
PKS,div Hukum (Karyadi);,388 - SPK dan PKS,pks div hukum karyadi,SPK DAN PKS
Perjanjian Kerja Sama antara Direktorat Jenderal Rehabilitasi Sosial Kementerian Sosial dengan PT Pos Indonesia (Persero) Nomor : PKS 286/DIR- 4/1222 tentang Penyaluran Bantuan Permakanan Bagi Penyandang Disabilitas Tahun 2022,Direktur Bisnis Jasa Keuangan;,389 - SPK dan PKS,perjanjian kerja sama antara direktorat jenderal rehabilitasi sosial kementerian sosial dengan pt pos indonesia persero nomor pks 286dir 41222 tentang penyaluran bantuan permakanan bagi penyandang disabilitas tahun 2022 direktur bisnis jasa keuangan,SPK DAN PKS
Perjanjian Kerja Waktu Tertentu antara PT Pos Indonesia (Persero) dengan I Gusti Ketut Wijaya K sebagai Tenaga Kerja Profesional Perusahaan. Nomor : PKS 028/DIR-3/0323,Direktur Operasi dan Digital Services;,391 - SPK dan PKS,perjanjian kerja waktu tertentu antara pt pos indonesia persero dengan i gusti ketut wijaya k sebagai tenaga kerja profesional perusahaan nomor pks 028dir30323 direktur operasi dan digital services,SPK DAN PKS
Perjanjian Kerja Waktu Tertentu antara PT Pos Indonesia (Persero) Dengan Winahyo Pratomo sebagai Tenaga Kerja Profesional Perusahaan Nomor : PKS. 027/DIR-3/0323,Direktur Oprasi dan Digital Business;,392 - SPK dan PKS,perjanjian kerja waktu tertentu antara pt pos indonesia persero dengan winahyo pratomo sebagai tenaga kerja profesional perusahaan nomor pks 027dir30323 direktur oprasi dan digital business,SPK DAN PKS
Perjanjian Kerja Waktu Tertentu antara PT Pos Indonesia (Persero) Dengan Agus Trisyuwanto sebagai Tenaga Kerja Profesional Perusahaan Nomor : PKS. 050/DIRUT/0423,Direktur Utama;,393 - SPK dan PKS,perjanjian kerja waktu tertentu antara pt pos indonesia persero dengan agus trisyuwanto sebagai tenaga kerja profesional perusahaan nomor pks 050dirut0423 direktur utama,SPK DAN PKS
Undangan Klarifikasi Online,Ketua Komisi Advokasi  Badan Perlindungan Konsumen Nasional Republik Indonesia,394 - Surat Dinas,undangan klarifikasi online ketua komisi advokasi badan perlindungan konsumen nasional republik indonesia,SURAT DINAS
Perjanjian Kerahasiaan antara Otorita Ibu Kota Nusantara dan PT Pos Indonesia,Direktur Business Development dan Portofolio Management;,395 - SPK dan PKS,perjanjian kerahasiaan antara otorita ibu kota nusantara dan pt pos indonesia direktur business development dan portofolio management,SPK DAN PKS
Cbm Idul Fitri 1444H  Bonus/jasprod dan Dinas Hari Libur Nasional,Dewan Pengurus Pusat SPPI,396 - Surat Dinas,cbm idul fitri 1444h bonusjasprod dan dinas hari libur nasional dewan pengurus pusat sppi,SURAT DINAS
Surat Pemberitahuan Pembayaran Kewajiban Kontribusi Penyelenggaraan Layanan Pos Universal Tahun Buku 2022,Plt Direktur Pengendalian Pos dan Informatika,397 - Surat Dinas,surat pemberitahuan pembayaran kewajiban kontribusi penyelenggaraan layanan pos universal tahun buku 2022 plt direktur pengendalian pos dan informatika,SURAT DINAS
SPPD Michelle,VP Kesekretariatan;,398 - Surat Dinas,sppd michelle vp kesekretariatan,SURAT DINAS
Perjanjian Kerja Sama antara Direktorat Jenderal Aplikasi Informatika Kementerian Komunikasi dan Informatika Republik Indonesia dan PT Pos Indonesia (Persero) tentang Fasilitasi Program Adopsi Teknologi Digital 4.0 Bagi UMKM,Direktur Utama;,399 - SPK dan PKS,perjanjian kerja sama antara direktorat jenderal aplikasi informatika kementerian komunikasi dan informatika republik indonesia dan pt pos indonesia persero tentang fasilitasi program adopsi teknologi digital 40 bagi umkm direktur utama,SPK DAN PKS
Nota Kesepahaman antara Yayasan Bina Insani Gemilang Indonesia dengan PT Pos Indonesia (Persero) tentang Pemanfaatan Layanan Jasa dan Potensi Masing- Masing Pihak,Direktur Utama;,400 - SPK dan PKS,nota kesepahaman antara yayasan bina insani gemilang indonesia dengan pt pos indonesia persero tentang pemanfaatan layanan jasa dan potensi masing masing pihak direktur utama,SPK DAN PKS
Keputusan Direksi tentang Tarif Pos Kargo,Direktur Bisnis Kurir dan Logistik;,401 - KD,keputusan direksi tentang tarif pos kargo direktur bisnis kurir dan logistik,KD
Perjanjian Kerja Sama antara PT Bank Pembangunan Daerah Jawa Barat dan Banten dengan PT Pos Indonesia (Persero) tentang Switching Aggregator Penerimaan Pembayaran Tagihan Pajak dan Pembayaran Lainnya secara Online,VP Financial Product Management;,402 - SPK dan PKS,perjanjian kerja sama antara pt bank pembangunan daerah jawa barat dan banten dengan pt pos indonesia persero tentang switching aggregator penerimaan pembayaran tagihan pajak dan pembayaran lainnya secara online vp financial product management,SPK DAN PKS
Perjanjian Kerja Sama antara PT Pasti Global Eksperindo dengan PT Pos Indonesia (Persero) tentang Pengiriman Kiriman Marketplace,SVP Retail Business;,403 - SPK dan PKS,perjanjian kerja sama antara pt pasti global eksperindo dengan pt pos indonesia persero tentang pengiriman kiriman marketplace svp retail business,SPK DAN PKS
Berita Acara Privy.Id,Corporate Secretary;,404 - Surat Dinas,berita acara privyid corporate secretary,SURAT DINAS
SPK Notaris Hendrayanto,Corporate Secretary;,405 - SPK dan PKS,spk notaris hendrayanto corporate secretary,SPK DAN PKS
SPK Notaris Hendrayanto,Corporate Secretary;,406 - SPK dan PKS,spk notaris hendrayanto corporate secretary,SPK DAN PKS
Relas Panggilan Sidang Kepada Turut Tergugat I,Jurusita Pengganti Pengadilan Negeri/Niaga Semarang,407 - Surat Dinas,relas panggilan sidang kepada turut tergugat i jurusita pengganti pengadilan negeriniaga semarang,SURAT DINAS
Permohonan Sponsorship/Pengajuan Proposal,Ketua Panitia CCC (Consonanz Children Choir),408 - proposal,permohonan sponsorshippengajuan proposal ketua panitia ccc consonanz children choir,PROPOSAL
Surat Pengantar Proposal,Project Officer Dizz Production,409 - proposal,surat pengantar proposal project officer dizz production,PROPOSAL
1. Laporan Manajemen bulan Februari 2023 2. Laporan Pelaksanaan Tugas Pengawasan Dewan Komisaris bulan Februari 2023,Komisaris PT Pos Logistik Indonesia,410 - Surat Dinas,1 laporan manajemen bulan februari 2023 2 laporan pelaksanaan tugas pengawasan dewan komisaris bulan februari 2023 komisaris pt pos logistik indonesia,SURAT DINAS
Berita Acara Kesepakatan antara Switching Aggregator Penerimaan Pembayaran Tagihan Pajak dan Pembayaran Lainnya secara Online,VP Financial Service Product Management;,411 - BA,berita acara kesepakatan antara switching aggregator penerimaan pembayaran tagihan pajak dan pembayaran lainnya secara online vp financial service product management,BA
PKS dengan Law Firm Hendrayanto & Partners,Corporate Secretary;,412 - SPK dan PKS,pks dengan law firm hendrayanto partners corporate secretary,SPK DAN PKS
PKS dengan Law Firm Hendrayanto & Partners,Corporate Secretary;,413 - SPK dan PKS,pks dengan law firm hendrayanto partners corporate secretary,SPK DAN PKS
Perjanjian Jasa Angkutan Pendistribusian Bantuan Pangan Cadangan Beras Pemerintah Tahun 2023 antara Perusahaan Umum (Perum) BULOG dengan PT Pos Indonesia (Persero) Nomor : PKS 073/DIRUT/0323,Direktur Utama;,414 - SPK dan PKS,perjanjian jasa angkutan pendistribusian bantuan pangan cadangan beras pemerintah tahun 2023 antara perusahaan umum perum bulog dengan pt pos indonesia persero nomor pks 073dirut0323 direktur utama,SPK DAN PKS
Surat Keputusan Direksi Nomor : SK 374/DIRUT/0223 tentang Tim Pelaksana Penyaluran Program Sembako dan Program Keluarga Harapan (PKH) Tahun 2023,Direktur Utama;,415 - SK,surat keputusan direksi nomor sk 374dirut0223 tentang tim pelaksana penyaluran program sembako dan program keluarga harapan pkh tahun 2023 direktur utama,SK
Keputusan Direksi Nomor : KD 019/DIRUT/0323 tentang Pengalihan Pendayagunaan Aset PT Pos Indonesia (Persero) kepada PT Pos Properti Indonesia,Direktur Utama;,416 - KD,keputusan direksi nomor kd 019dirut0323 tentang pengalihan pendayagunaan aset pt pos indonesia persero kepada pt pos properti indonesia direktur utama,KD
Keputusan Para Pemegang Saham sebagai Pengganti Rapat Umum Pemegang Saham Luar Biasa (RUPS- LB) PT Pos Properti Indonesia tentang Perubahan Susunan Pengurus PT Pos Properti Indonesia,Direktur Utama;,417 - Surat Dinas,keputusan para pemegang saham sebagai pengganti rapat umum pemegang saham luar biasa rups lb pt pos properti indonesia tentang perubahan susunan pengurus pt pos properti indonesia direktur utama,SURAT DINAS
Kunjungan Japan Postal Group Union (JPUG),Dewan Pengurus Pusat SPPI Kuat Bermartabat,418 - Surat Dinas,kunjungan japan postal group union jpug dewan pengurus pusat sppi kuat bermartabat,SURAT DINAS
Informasi Status Keanggotaan SPPI-KB yang melakukan Aksi di muka umum,Dewan Pengurus Pusat SPPI Kuat Bermartabat,419 - Surat Dinas,informasi status keanggotaan sppikb yang melakukan aksi di muka umum dewan pengurus pusat sppi kuat bermartabat,SURAT DINAS
SPPD Michelle,VP Kesekretariatan;,420 - Surat Dinas,sppd michelle vp kesekretariatan,SURAT DINAS
1. Berita Acara Kesepakatan tentang Penerimaan Pembayaran Angsuran Kredit secara Online antara PT Internusa Tribuana Citra Multifinance dengan PT Pos Indonesia (Persero) Nomor : PKS.071/DIR-4/0223. 2. Berita Acara Kesepakatan tentang Penerimaan Pembayaran Angsuran Kredit secara Online antara PT Indomobil Finance Indonesia dengan PT Pos Indonesia (Persero) Nomor : PKS 114/DIR-4/0223,Direktur Bisnis Jasa Keuangan;,421 - SPK dan PKS,1 berita acara kesepakatan tentang penerimaan pembayaran angsuran kredit secara online antara pt internusa tribuana citra multifinance dengan pt pos indonesia persero nomor pks071dir40223 2 berita acara kesepakatan tentang penerimaan pembayaran angsuran kredit secara online antara pt indomobil finance indonesia dengan pt pos indonesia persero nomor pks 114dir40223 direktur bisnis jasa keuangan,SPK DAN PKS
Keputusan Direksi tentang Perubahan Keempat atas Keputusan Direksi PT Pos Indonesia (Persero) Nomor KD.96/DIRUT/1112 tentang Pakaian Kerja dan Tanda Pengenal Karyawan PT Pos Indonesia (Persero),Direktur Utama;,422 - KD,keputusan direksi tentang perubahan keempat atas keputusan direksi pt pos indonesia persero nomor kd96dirut1112 tentang pakaian kerja dan tanda pengenal karyawan pt pos indonesia persero direktur utama,KD
Risalah Rapat Gabungan Dewan Komisaris dengan Direksi Pos Indonesia (Persero) Nomor 27/Dekom/0123,Direktur Utama;,423 - Surat Dinas,risalah rapat gabungan dewan komisaris dengan direksi pos indonesia persero nomor 27dekom0123 direktur utama,SURAT DINAS
Hasil Asesmen Penerapan GCG pada PT Pos Indonesia (Persero) Periode Tahun 2022,Deputi Kepala BPKP,424 - Surat Dinas,hasil asesmen penerapan gcg pada pt pos indonesia persero periode tahun 2022 deputi kepala bpkp,SURAT DINAS
Management Letter (ML) atas Assessment Penerapan Good Corporate Governance (GCG) pada PT Pos Indonesia (Persero) Tahun 2022,Kepala Perwakilan  Badan Pengawasan Keuangan dan Pembangunan Perwakilan Provinsi Jawa Barat,425 - Surat Dinas,management letter ml atas assessment penerapan good corporate governance gcg pada pt pos indonesia persero tahun 2022 kepala perwakilan badan pengawasan keuangan dan pembangunan perwakilan provinsi jawa barat,SURAT DINAS
Pelaksanaan Penilaian Indonesian Corporate Accountability Index (ICORPAX) pada PT Pos Indonesia (Persero),Kepala Perwakilan  Badan Pengawasan Keuangan dan Pembangunan Perwakilan Provinsi Jawa Barat,426 - Surat Dinas,pelaksanaan penilaian indonesian corporate accountability index icorpax pada pt pos indonesia persero kepala perwakilan badan pengawasan keuangan dan pembangunan perwakilan provinsi jawa barat,SURAT DINAS
Usulan Penetapan Pelaksana Privy.Id,Corporate Secretary;,427 - Surat Dinas,usulan penetapan pelaksana privyid corporate secretary,SURAT DINAS
SPK/PKS,div hukum (karyadi);,428 - SPK dan PKS,spkpks div hukum karyadi,SPK DAN PKS
spk/PKS,div hukum (karyadi);,429 - SPK dan PKS,spkpks div hukum karyadi,SPK DAN PKS
Penetapan Pelaksana Privy.Id,Corporate Secretary;,430 - Surat Dinas,penetapan pelaksana privyid corporate secretary,SURAT DINAS
Penunjukan Pelaksana Privy.Id,Corporate Secretary;,431 - Surat Dinas,penunjukan pelaksana privyid corporate secretary,SURAT DINAS
Pembatalan Acara Halal Bihalal PT Pos Indonesia (Persero),pensiunan;,432 - Surat Dinas,pembatalan acara halal bihalal pt pos indonesia persero pensiunan,SURAT DINAS
Addendum Kedua atas Perjanjian Kerja Sama antara PT Pos Indonesia (Persero) dan Perusahaan Perseroan (Persero) PT Telekomunikasi Indonesia tentang Pekerjaan Fitur Tandatangan Digital pada Aplikasi Nota Dinas Elektronik,Corporate Secretary;,433 - SPK dan PKS,addendum kedua atas perjanjian kerja sama antara pt pos indonesia persero dan perusahaan perseroan persero pt telekomunikasi indonesia tentang pekerjaan fitur tandatangan digital pada aplikasi nota dinas elektronik corporate secretary,SPK DAN PKS
Perjanjian Kerja Sama antara PT Pos Indonesia (Persero) dengan PT Bank Rakyat Indonesia (Persero) Tbk tentang Pemanfaatan Jasa Layanan Pengiriman Pada Aplikasi AgenBRILink,SVP Retail Business;,434 - SPK dan PKS,perjanjian kerja sama antara pt pos indonesia persero dengan pt bank rakyat indonesia persero tbk tentang pemanfaatan jasa layanan pengiriman pada aplikasi agenbrilink svp retail business,SPK DAN PKS
Perjanjian Kerja Waktu Tertentu antara PT Pos Indonesia (Persero) dengan Joshua Alfred Hasudungan sebagai Tenaga kerja Profesional Perusahaan Nomor : PKS.084/DIR- 5/0523,Direktur Bisnis Kurir dan Logistik;,435 - SPK dan PKS,perjanjian kerja waktu tertentu antara pt pos indonesia persero dengan joshua alfred hasudungan sebagai tenaga kerja profesional perusahaan nomor pks084dir 50523 direktur bisnis kurir dan logistik,SPK DAN PKS
Keputusan Direksi tentang Layanan Pos Special Cargo,Direktur Bisnis Kurir dan Logistik;,436 - KD,keputusan direksi tentang layanan pos special cargo direktur bisnis kurir dan logistik,KD
Perjanjian Kerja Sama antara PT Pos Indonesia (Persero) dengan PT Wahana Pembayaran Digital tentang Layanan Cash in pada Jaringan Layanan Pos,Direktur Bisnis Jasa Keuangan;,437 - SPK dan PKS,perjanjian kerja sama antara pt pos indonesia persero dengan pt wahana pembayaran digital tentang layanan cash in pada jaringan layanan pos direktur bisnis jasa keuangan,SPK DAN PKS
Perpanjangan Perjanjian Kerja Sama PT Telkom (Privy.id),Corporate Secretary;,438 - SPK dan PKS,perpanjangan perjanjian kerja sama pt telkom privyid corporate secretary,SPK DAN PKS
Petikan Risalah Ratas,Corsec;,439 - risalah,petikan risalah ratas corsec,RISALAH
Mohon Pembayaran Tunjangan Perbaikan Penghasilan (TPP) dan Tunjangan Lainnya,Sukri / 08117300317,440 - surat pribadi,mohon pembayaran tunjangan perbaikan penghasilan tpp dan tunjangan lainnya sukri 08117300317,SURAT PRIBADI
Estimasi Pembayaran Kewajiban Bunga Periode April 2023,Department Head  Wholesale Lending Department I  PT Bank KB Bukopin  Tbk,441 - Surat Dinas,estimasi pembayaran kewajiban bunga periode april 2023 department head wholesale lending department i pt bank kb bukopin tbk,SURAT DINAS
Risalah Rapat Dewan Komisaris dengan Direksi Pos Indonesia (Persero) Nomor 140/Dekom/0423 tanggal 17 April 2023,Direktur Utama;,442 - risalah,risalah rapat dewan komisaris dengan direksi pos indonesia persero nomor 140dekom0423 tanggal 17 april 2023 direktur utama,RISALAH
undangan young leaders bumn,internal;,443 - Surat Dinas,undangan young leaders bumn internal,SURAT DINAS
Laporan Proses Privy.Id,Corporate Secretary;,444 - Surat Dinas,laporan proses privyid corporate secretary,SURAT DINAS
Ralat Undangan,Sucofindo;,445 - Surat Dinas,ralat undangan sucofindo,SURAT DINAS
Proposal Sponsorship Magnetic Festival 2023,Universitas Logistik & Bisnis Internasional (ULBI),446 - proposal,proposal sponsorship magnetic festival 2023 universitas logistik bisnis internasional ulbi,PROPOSAL
Permintaan Biaya Stunting (Tarif Pengiriman Biaya Headling/Bongkar Muat) untuk Program Stunting,Direktur SCM & TI Rajawali Nusantara Indonesia,447 - Surat Dinas,permintaan biaya stunting tarif pengiriman biaya headlingbongkar muat untuk program stunting direktur scm ti rajawali nusantara indonesia,SURAT DINAS
Undangan Workshop BUMN dan Anak Usaha di Mei - Juni 2023,Koran BUMN,448 - Surat Dinas,undangan workshop bumn dan anak usaha di mei juni 2023 koran bumn,SURAT DINAS
Surat Keputusan Dewan Pengurus Pusat Serikat Pekerja Indonesia tentang Perubahan Kedua atas Surat Keputusan Dewan Pengurus Pusat Serikat Pekerja Pos Indonesia Nomor : 007/C3/DPP SPPI/VI/2022 tanggal 21 Maret 2022,Dewan Pengurus Pusat Serikat Pekerja Pos Indonesia,449 - SK,surat keputusan dewan pengurus pusat serikat pekerja indonesia tentang perubahan kedua atas surat keputusan dewan pengurus pusat serikat pekerja pos indonesia nomor 007c3dpp sppivi2022 tanggal 21 maret 2022 dewan pengurus pusat serikat pekerja pos indonesia,SK
Permohonan Kunjungan,"Dekan Fakultas Ekonomi dan Bisnis Universitas Pembangunan Nasional ""Veteran"" Yogyakarta",450 - Surat Dinas,permohonan kunjungan dekan fakultas ekonomi dan bisnis universitas pembangunan nasional veteran yogyakarta,SURAT DINAS
Pemberitahuan Rapat Umum Anggota (RUA) Tahunan Asosiasi Sistem Pembayaran Indonesia (ASPI) Tahun 2023,Ketua Umum Asosiasi Sistem Pembayaran Indonesia,451 - Surat Dinas,pemberitahuan rapat umum anggota rua tahunan asosiasi sistem pembayaran indonesia aspi tahun 2023 ketua umum asosiasi sistem pembayaran indonesia,SURAT DINAS
Pengumuman 3rd Indonesia Top Digital PR Award 2023,PT Media Ads Indonesia,452 - Surat Dinas,pengumuman 3rd indonesia top digital pr award 2023 pt media ads indonesia,SURAT DINAS
Permohonan Sponsorship/Partisipasi,Yayasan Insan Peduli Olahraga (IPO),453 - Surat Dinas,permohonan sponsorshippartisipasi yayasan insan peduli olahraga ipo,SURAT DINAS
SPK Privy.Id,Corporate Secretary;,454 - Surat Dinas,spk privyid corporate secretary,SURAT DINAS
Keputusan Direksi tentang Lembaga Kerja Sama Bipartit,Direktur Utama;,455 - KD,keputusan direksi tentang lembaga kerja sama bipartit direktur utama,KD
Permohonan Audiensi,Panitia Program Talkshow dan Warung Kerukunan Lintas Agama Indonesia Bangkit,456 - Surat Dinas,permohonan audiensi panitia program talkshow dan warung kerukunan lintas agama indonesia bangkit,SURAT DINAS
Pernyataan Sikap,Dewan Pengurus Pusat dan Wilayah Serikat Pekerja Pos Indonesia,457 - Surat Dinas,pernyataan sikap dewan pengurus pusat dan wilayah serikat pekerja pos indonesia,SURAT DINAS
undangan nonton bareng kartupos wini,Pertiwi;,458 - Surat Dinas,undangan nonton bareng kartupos wini pertiwi,SURAT DINAS
Keputusan Direksi tentang Kemitraan Pickup,Direktur Operasi dan Digital Services;,459 - KD,keputusan direksi tentang kemitraan pickup direktur operasi dan digital services,KD
sppd,VP General Support;,460 - sppd,sppd vp general support,SPPD
sppd,VP General Support;,461 - sppd,sppd vp general support,SPPD
sppd,VP General Support;,462 - sppd,sppd vp general support,SPPD
sppd,VP General Support;,463 - sppd,sppd vp general support,SPPD
sppd,VP General Support;,464 - sppd,sppd vp general support,SPPD
sppd,VP General Support;,465 - sppd,sppd vp general support,SPPD
sppd,VP General Support;,466 - sppd,sppd vp general support,SPPD
Surat Keputusan Direksi Nomor : SK.704/DIRUT/0423 tentang Satuan Tugas Pelaksana Pendistribusian Bantuan Pangan Cadangan Beras Pemerintah Tahun 2023,Direktur Utama;,467 - SK,surat keputusan direksi nomor sk704dirut0423 tentang satuan tugas pelaksana pendistribusian bantuan pangan cadangan beras pemerintah tahun 2023 direktur utama,SK
Surat Keputusan Direksi tentang Perpanjangan Masa Tugas dan Perubahan Susunan Keanggotaan Komite Penerbitan Instrumen Utang PT Pos Indonesia (Persero),Direktur Utama;,471 - SK,surat keputusan direksi tentang perpanjangan masa tugas dan perubahan susunan keanggotaan komite penerbitan instrumen utang pt pos indonesia persero direktur utama,SK
Adendum atas Perjanjian antara PT Metropolitan Televisindo dengan PT Pos Indonesia (Persero) tentang Pendistribusian Bantuan Set- Top-Box (STB) kepada Rumah Tangga Miskin,SVP Enterprise Business;,472 - SPK dan PKS,adendum atas perjanjian antara pt metropolitan televisindo dengan pt pos indonesia persero tentang pendistribusian bantuan set topbox stb kepada rumah tangga miskin svp enterprise business,SPK DAN PKS
Surat Keputusan Direksi Nomor : SK 705/DIRUT/0423 tentang Satuan Tugas Pelaksana Distribusi Bantuan Pangan Program Stunting Pemerintah Tahun 2023,Direktur Utama;,473 - SK,surat keputusan direksi nomor sk 705dirut0423 tentang satuan tugas pelaksana distribusi bantuan pangan program stunting pemerintah tahun 2023 direktur utama,SK
P Zamzam,Corporate Secretary;,474 - Surat Dinas,p zamzam corporate secretary,SURAT DINAS
Berita Acara Kesepakatan tentang Program Pemasaran Produk Asuransi antara PT Pos Indonesia (Persero) dengan PT Heksa Solution Insurance,Direktur Bisnis Jasa Keuangan;,475 - SPK dan PKS,berita acara kesepakatan tentang program pemasaran produk asuransi antara pt pos indonesia persero dengan pt heksa solution insurance direktur bisnis jasa keuangan,SPK DAN PKS
Adendum Kedua Perjanjian Teknis Uji Pasar Minicab Miev di Indonesia,SVP Operation Management;,476 - SPK dan PKS,adendum kedua perjanjian teknis uji pasar minicab miev di indonesia svp operation management,SPK DAN PKS
Keputusan Direksi nomor: KD.003/DIRUT/0123 tentang Pengelolaan Kas Perusahaan,Direktur Utama;,477 - KD,keputusan direksi nomor kd003dirut0123 tentang pengelolaan kas perusahaan direktur utama,KD
Relaas Panggilan kepada Bernado Boy Panjaitan,Pengadilan Hubungan Industrial pada Pengadilan Negeri Bandung Kelas 1A Khusus,478 - Surat Dinas,relaas panggilan kepada bernado boy panjaitan pengadilan hubungan industrial pada pengadilan negeri bandung kelas 1a khusus,SURAT DINAS
P Zamzam,Corporate Secretary;,479 - Surat Dinas,p zamzam corporate secretary,SURAT DINAS
Permintaan KPI Individu Direksi Tahun 2023,Komisaris Utama,480 - Surat Dinas,permintaan kpi individu direksi tahun 2023 komisaris utama,SURAT DINAS
Persetujuan Cuti a.n Direktur Utama PT Pos Indonesia (Persero),Komisaris Utama,481 - Surat Dinas,persetujuan cuti an direktur utama pt pos indonesia persero komisaris utama,SURAT DINAS
Persetujuan Cuti a.n Direktur Keuangan dan Manajemen Risiko,Komisaris Utama,482 - Surat Dinas,persetujuan cuti an direktur keuangan dan manajemen risiko komisaris utama,SURAT DINAS
Tanggapan atas Usulan Debt of Equity Swap PT Pos Logistik Indonesia,Komisaris Utama,483 - Surat Dinas,tanggapan atas usulan debt of equity swap pt pos logistik indonesia komisaris utama,SURAT DINAS
Pengajuan Kerjasama Sponsorship Kegiatan,Panitia Chemical Engineering Night (CheNight) 2023 ITB,484 - proposal,pengajuan kerjasama sponsorship kegiatan panitia chemical engineering night chenight 2023 itb,PROPOSAL
Penawaran Kerjasama,Green Generation Indonesia  Panitia Jambore Nasional Generasi Hijau 2023,485 - proposal,penawaran kerjasama green generation indonesia panitia jambore nasional generasi hijau 2023,PROPOSAL
Permintaan ATK,Manajer Rumah Tangga;,486 - Surat Dinas,permintaan atk manajer rumah tangga,SURAT DINAS
izin lembur,bagian kontrak dan hukum bisnis;,487 - Surat Dinas,izin lembur bagian kontrak dan hukum bisnis,SURAT DINAS
Permohonan Kenaikkan Limit Kartu Kredit,Bank BNI Card Center;,488 - Surat Dinas,permohonan kenaikkan limit kartu kredit bank bni card center,SURAT DINAS
P Zamzam,Corsec;,489 - Surat Dinas,p zamzam corsec,SURAT DINAS
Anjuran. Hubungan Industrial a.n Jaya Santoso,Dinas Ketenagakerjaan Pemerintah Kota Bandung,490 - Surat Dinas,anjuran hubungan industrial an jaya santoso dinas ketenagakerjaan pemerintah kota bandung,SURAT DINAS
Surat Keputusan Direksi Nomor : SK 848/DIRUT/0423 tentang Squad Simplifikasi KD-SE PT Pos Indonesia (Persero),Direktur Utama;,491 - SK,surat keputusan direksi nomor sk 848dirut0423 tentang squad simplifikasi kdse pt pos indonesia persero direktur utama,SK
Surat Perintah Membayar Kelebihan Pajak,Direktorat Jenderal Pajak Kementerian Keuangan RI,492 - Surat Dinas,surat perintah membayar kelebihan pajak direktorat jenderal pajak kementerian keuangan ri,SURAT DINAS
Perjanjian Kerja Sama antara PT Indomobil Finance Indonesia dengan PT Pos Indonesia (Persero) tentang Penerimaan Pembayaran Angsuran Kredit secara Online,Direktur Bisnis Jasa Keuangan;,494 - Surat Dinas,perjanjian kerja sama antara pt indomobil finance indonesia dengan pt pos indonesia persero tentang penerimaan pembayaran angsuran kredit secara online direktur bisnis jasa keuangan,SURAT DINAS
Permohonan Sponsorship,Kepala Departemen Manajemen Fakultas Ekonomi dan Bisnis Universitas Brawijaya,495 - Surat Dinas,permohonan sponsorship kepala departemen manajemen fakultas ekonomi dan bisnis universitas brawijaya,SURAT DINAS
Penawaran Kerjasama Angkutan Cargo,Direktur Utama PT Alda Trans Papua,496 - proposal,penawaran kerjasama angkutan cargo direktur utama pt alda trans papua,PROPOSAL
Permohonan Kerja Sama dalam bentuk Sponsorship,Model United Nations Club Universitas Brawijaya,497 - Surat Dinas,permohonan kerja sama dalam bentuk sponsorship model united nations club universitas brawijaya,SURAT DINAS
Proposal Kegiatan YTBN di Daerah 3T Periode Tahun 2023-2024,Yayasan Tunas Bakti Nusantara,498 - proposal,proposal kegiatan ytbn di daerah 3t periode tahun 20232024 yayasan tunas bakti nusantara,PROPOSAL
Perjanjian Kerahasiaan antara Perusahaan Perseroan (Persero) PT Perusahaan Perkembangan Ekonomi Nasional Rajawali Nusantara Indonesia dan PT Pos Indonesia (Persero) Nomor : NDA 082/DIRUT/0423,Direktur Utama;,500 - SPK dan PKS,perjanjian kerahasiaan antara perusahaan perseroan persero pt perusahaan perkembangan ekonomi nasional rajawali nusantara indonesia dan pt pos indonesia persero nomor nda 082dirut0423 direktur utama,SPK DAN PKS
Perjanjian Kerja Sama antara PT Pos Indonesia (Persero) dengan PT Heksa Solution Insurance tentang Pemasaran Produk Asuransi Nomor : PKS 090/DIR-4/0423,Direktur Bisnis Jasa Keuangan;,501 - SPK dan PKS,perjanjian kerja sama antara pt pos indonesia persero dengan pt heksa solution insurance tentang pemasaran produk asuransi nomor pks 090dir40423 direktur bisnis jasa keuangan,SPK DAN PKS
Keputusan Direksi tentang Sistem Remunerasi,Direktur Utama;,502 - KD,keputusan direksi tentang sistem remunerasi direktur utama,KD
1. Berita Acara Kesepakatan tentang Layanan Online Multi Biller antara PT Pos Indonesia (Persero) dengan PT Orek Teknologi Nusantara. 2. Perjanjian Kerja Sama antara PT Pos Indonesia (Persero) dengan PT Oren Teknologi Nusantara tentang Layanan Penerimaan Pembayaran Multi Biller melalui SOPPPos Nomor : PKS 087/DIR- 4/0423,Direktur Bisnis Jasa Keuangan;,503 - SPK dan PKS,1 berita acara kesepakatan tentang layanan online multi biller antara pt pos indonesia persero dengan pt orek teknologi nusantara 2 perjanjian kerja sama antara pt pos indonesia persero dengan pt oren teknologi nusantara tentang layanan penerimaan pembayaran multi biller melalui sopppos nomor pks 087dir 40423 direktur bisnis jasa keuangan,SPK DAN PKS
Perjanjian Kerja Sama antara PT Internusa Tribuana Citra Multi Finance dengan PT Pos Indonesia (Persero) tentang Penerimaan Pembayaran Angsuran Kredit secara Online Nomor PKS 089/DIR- 4/0423,Direktur Bisnis Jasa Keuangan;,504 - SPK dan PKS,perjanjian kerja sama antara pt internusa tribuana citra multi finance dengan pt pos indonesia persero tentang penerimaan pembayaran angsuran kredit secara online nomor pks 089dir 40423 direktur bisnis jasa keuangan,SPK DAN PKS
Risalah Rapat Direksi,Direksi;,505 - Surat Dinas,risalah rapat direksi direksi,SURAT DINAS
Undangan,Ditjen PPI;,506 - Surat Dinas,undangan ditjen ppi,SURAT DINAS
Adendum Pertama Perjanjian Kerja Sama antara Direktorat Jaminan Sosial  Direktorat Jenderal Perlindungan Jaminan Sosial Kementerian Sosial Republik Indonesia Nomor : PKS 075/DIR- 4/0323 tentang Penyaluran Bantuan Sosial Program Keluarga Harapan,Direktur Bisnis Jasa Keuangan;,507 - SPK dan PKS,adendum pertama perjanjian kerja sama antara direktorat jaminan sosial direktorat jenderal perlindungan jaminan sosial kementerian sosial republik indonesia nomor pks 075dir 40323 tentang penyaluran bantuan sosial program keluarga harapan direktur bisnis jasa keuangan,SPK DAN PKS
Surat Keputusan Direksi Nomor : SK 821/DIRUT/0423 tentang Satuan Tugas Penyusunan Rencana Jangka Panjang Perusahaan (RJPP) Tahun 2024-2028 PT Pos Indonesia (Persero),Direktur Utama;,508 - SK,surat keputusan direksi nomor sk 821dirut0423 tentang satuan tugas penyusunan rencana jangka panjang perusahaan rjpp tahun 20242028 pt pos indonesia persero direktur utama,SK
Keputusan Direksi tentang Pembayaran Jasa Produksi Tahun 2022,Direktur Utama;,509 - KD,keputusan direksi tentang pembayaran jasa produksi tahun 2022 direktur utama,KD
Perjanjian Antara PT Pos Indonesia dengan Perserikatan Perdata Center For Investment and Business Advisory tentang Pelatihan Executive Leadership Program for BoD-2 PT Pos Indonesia (Persero) Tahun 2023 Nomor 104/SVP HCSBP/0423,SVP Human Capital Services and Business Partner;,510 - SPK dan PKS,perjanjian antara pt pos indonesia dengan perserikatan perdata center for investment and business advisory tentang pelatihan executive leadership program for bod2 pt pos indonesia persero tahun 2023 nomor 104svp hcsbp0423 svp human capital services and business partner,SPK DAN PKS
Perjanjian Kerja Sama antara PT Pos Indonesia (Persero) dengan PT Logitek Digital Nusantara tentang Pengelolaan Agenpos Layanan Jasa Kurir Business to Business,SVP Retail Business;,511 - SPK dan PKS,perjanjian kerja sama antara pt pos indonesia persero dengan pt logitek digital nusantara tentang pengelolaan agenpos layanan jasa kurir business to business svp retail business,SPK DAN PKS
Perjanjian antara PT Pos Indonesia (Persero) dengan HILMAWAN tentang Pengadaan Jasa Konsultan Proyek Bisnis Pospay Transfer,SVP Sales and Marketing Financial Service;,512 - SPK dan PKS,perjanjian antara pt pos indonesia persero dengan hilmawan tentang pengadaan jasa konsultan proyek bisnis pospay transfer svp sales and marketing financial service,SPK DAN PKS
Pernyataan Resmi Organisasi terkait Kebijakan Perusahaan,DPP SPPI Kuat Bermartabat,513 - Surat Dinas,pernyataan resmi organisasi terkait kebijakan perusahaan dpp sppi kuat bermartabat,SURAT DINAS
Pernyataan Sikap SPPI-KB (Ekspedisi ke-2),DPP SPPI Kuat Bermartabat,514 - Surat Dinas,pernyataan sikap sppikb ekspedisi ke2 dpp sppi kuat bermartabat,SURAT DINAS
Surat Pemberitahuan Penerima Penghargaan 5th ICA (Indonesia CSR Awards 2023),Founder and CEO The ICONOMICS,515 - Surat Dinas,surat pemberitahuan penerima penghargaan 5th ica indonesia csr awards 2023 founder and ceo the iconomics,SURAT DINAS
Keputusan Direksi tentang Gizi Kerja Dinas Malam,Direktur Utama;,517 - KD,keputusan direksi tentang gizi kerja dinas malam direktur utama,KD
Keputusan Direksi tentang Officer Development Program untuk Calon Supervisor Kantor Cabang PT Pos Indonesia (Persero Intake Karyawan Pelaksana Minimal Lulusan Diploma III untuk Penempatan di Luar Pulau Jawa Tahun 2023,Direktur Utama;,518 - KD,keputusan direksi tentang officer development program untuk calon supervisor kantor cabang pt pos indonesia persero intake karyawan pelaksana minimal lulusan diploma iii untuk penempatan di luar pulau jawa tahun 2023 direktur utama,KD
Proposal Insect 7.0 IAI National Seminar and Competition 7.0 Forum Pengurus Anggota Muda IAI Wilayah Jawa Barat Periode 2022 - 2023,Ikatan Akuntan Indonesia Wilayah Jawa Barat,519 - proposal,proposal insect 70 iai national seminar and competition 70 forum pengurus anggota muda iai wilayah jawa barat periode 2022 2023 ikatan akuntan indonesia wilayah jawa barat,PROPOSAL
Penyaluran Bantuan Pangan secara Kolektif di Wilayah Papua,Direksi Perusahaan Umum (Perum) BULOG,520 - Surat Dinas,penyaluran bantuan pangan secara kolektif di wilayah papua direksi perusahaan umum perum bulog,SURAT DINAS
Proposal Sponsoeship Pesta Porak Angkasa 2023,SMA Angkasa,521 - proposal,proposal sponsoeship pesta porak angkasa 2023 sma angkasa,PROPOSAL
Partisipasi Penerbitan Buku Direktori Bisnis Alumni ITB Jakarta,Pengurus Daerah Ikatan Alumni ITB Jakarta,522 - Surat Dinas,partisipasi penerbitan buku direktori bisnis alumni itb jakarta pengurus daerah ikatan alumni itb jakarta,SURAT DINAS
Penawaran Beriklan di Majalah InFlight (Lion  Batik dan Sriwijaya),Bintang Cipta Sarana (Marketing Specialist Dina Momang - 081283360618),523 - Surat Dinas,penawaran beriklan di majalah inflight lion batik dan sriwijaya bintang cipta sarana marketing specialist dina momang 081283360618,SURAT DINAS
Penyaluran Bantuan Pangan - CBP Alokasi Mei 2023,Direktur Supply Chain dan Pelayanan Publik Perusahaan Umum (Perum) BULOG,527 - Surat Dinas,penyaluran bantuan pangan cbp alokasi mei 2023 direktur supply chain dan pelayanan publik perusahaan umum perum bulog,SURAT DINAS
Pengantar Proposal Sponsorship,UKM Musik Atmacipta Svara ULBI,528 - proposal,pengantar proposal sponsorship ukm musik atmacipta svara ulbi,PROPOSAL
Permohonan Penertiban Pendistribusian Beras ASN/PNS di Provinsi Papua Pegunungan,Asosiasi Pengusaha Ekspedisi Darat Indonesia,529 - Surat Dinas,permohonan penertiban pendistribusian beras asnpns di provinsi papua pegunungan asosiasi pengusaha ekspedisi darat indonesia,SURAT DINAS
Surat Pemberitahuan Inventarisasi,Kepala Kantor Pertanahan Kabupaten Aceh Tengah,530 - Surat Dinas,surat pemberitahuan inventarisasi kepala kantor pertanahan kabupaten aceh tengah,SURAT DINAS
Ucapan Terima Kasih,Mahkamah Konstitusi Republik Indonesia,531 - Surat Dinas,ucapan terima kasih mahkamah konstitusi republik indonesia,SURAT DINAS
Risalah Rapat Direksi,Direksi;,532 - Surat Dinas,risalah rapat direksi direksi,SURAT DINAS
Nota Kesepahaman antara PT Pos Indonesia (Persero) dengan PT Medialogy Digital Indonesia tentang Pemanfaatan Layanan Jasa dan Potensi masing-masing Pihak,Direktur Utama;,534 - SPK dan PKS,nota kesepahaman antara pt pos indonesia persero dengan pt medialogy digital indonesia tentang pemanfaatan layanan jasa dan potensi masingmasing pihak direktur utama,SPK DAN PKS
Partisipasi mengikuti Pameran Belitung Expo 2023,Bupati Belitung,535 - Surat Dinas,partisipasi mengikuti pameran belitung expo 2023 bupati belitung,SURAT DINAS
Ucapan Terima Kasih,Ketua Umum Yayasan Kanker Indonesia,536 - Surat Dinas,ucapan terima kasih ketua umum yayasan kanker indonesia,SURAT DINAS
Permohonan Informasi Tarif Pengiriman,Pejabat Pelaksana Pengadaan PLN UID Bali,537 - Surat Dinas,permohonan informasi tarif pengiriman pejabat pelaksana pengadaan pln uid bali,SURAT DINAS
Pemberitahuan Penyelenggaraan secara Luring Acara 5th Indonesia CSR Brand Equity Awards 2023 & 5th ICA (Indonesia CSR Awards 2023),Founder and CEO The Iconomics,538 - Surat Dinas,pemberitahuan penyelenggaraan secara luring acara 5th indonesia csr brand equity awards 2023 5th ica indonesia csr awards 2023 founder and ceo the iconomics,SURAT DINAS
Aspek Hukum MAK,Direktur Indonesian Training Institute & Consulting Services,539 - Surat Dinas,aspek hukum mak direktur indonesian training institute consulting services,SURAT DINAS
Keputusan Menteri Sosial Republik Indonesia Nomor : 49/HUK-UND/2023 tentang Pemberian Izin Penyelenggaraan Undian Gratis Berhadiah kepada PT Pos Indonesia (Persero) di Bandung,a.n. Menteri Sosial Republik Indonesia  Direktur Jenderal Pemberdayaan Sosial,540 - Surat Dinas,keputusan menteri sosial republik indonesia nomor 49hukund2023 tentang pemberian izin penyelenggaraan undian gratis berhadiah kepada pt pos indonesia persero di bandung an menteri sosial republik indonesia direktur jenderal pemberdayaan sosial,SURAT DINAS
Permohonan Bantuan Renovasi Tiga Ruang Kelas dan Pengadaan Perpustakaan dan Toilet Sekolah  SDK Maukaro Ende Flores NTT,Panitia Pembangunan SDK Swadaya Maukaro Kabupaten Ende,541 - Surat Dinas,permohonan bantuan renovasi tiga ruang kelas dan pengadaan perpustakaan dan toilet sekolah sdk maukaro ende flores ntt panitia pembangunan sdk swadaya maukaro kabupaten ende,SURAT DINAS
Keputusan Direksi Nomor : KD 45/DIR-3/0523 tentang Biaya Layanan Tambahan Kiriman Internasional,Direktur Operasi dan Digital Services;,543 - KD,keputusan direksi nomor kd 45dir30523 tentang biaya layanan tambahan kiriman internasional direktur operasi dan digital services,KD
Surat Edaran Nomor : SE 011/DIR-3/0523 tentang Implementasi ISO 9001:2015,Direktur Operasi dan Digital Services;,544 - SE,surat edaran nomor se 011dir30523 tentang implementasi iso 90012015 direktur operasi dan digital services,SE
Keputusan Direksi tentang Sistem Operasi Kurir PT Pos Indonesia (Persero),Direktur Utama;,545 - KD,keputusan direksi tentang sistem operasi kurir pt pos indonesia persero direktur utama,KD
Surat Keputusan Direksi tentang Perpanjangan Masa Tugas Tim Koordinasi Penyelenggaraan Layanan Pos Universal Tahun Anggaran 2023,Direktur Utama;,546 - SK,surat keputusan direksi tentang perpanjangan masa tugas tim koordinasi penyelenggaraan layanan pos universal tahun anggaran 2023 direktur utama,SK
Permohonan,Panitia Dies Natalis 14 Tahun 2023  Universitas Islam Negeri Sunan Gunung Djati Bandung,548 - proposal,permohonan panitia dies natalis 14 tahun 2023 universitas islam negeri sunan gunung djati bandung,PROPOSAL
Undangan Pelatihan,Direktur Pelaksana PT Citra Multi Solutions,549 - Surat Dinas,undangan pelatihan direktur pelaksana pt citra multi solutions,SURAT DINAS
Permohonan Paduan Suara ULBI untuk mengisi pada acara RAPIM,Kepala Kemahasiswaan ULBI;,550 - Surat Dinas,permohonan paduan suara ulbi untuk mengisi pada acara rapim kepala kemahasiswaan ulbi,SURAT DINAS
Risalah Rapat Direksi  Selasa 30 Mei 2023,Direksi;,551 - risalah,risalah rapat direksi selasa 30 mei 2023 direksi,RISALAH
Perjanjian Kerja Sama antara PT Mandala Multifinance  Tbk dan PT Pos Indonesia (Persero) tentang Penerimaan Pembayaran Angsuran Kredit secara Online. Nomor : PKS 088/DIR-4/0423,Direktur Bisnis Jasa Keuangan;,552 - SPK dan PKS,perjanjian kerja sama antara pt mandala multifinance tbk dan pt pos indonesia persero tentang penerimaan pembayaran angsuran kredit secara online nomor pks 088dir40423 direktur bisnis jasa keuangan,SPK DAN PKS
Keputusan Direksi tentang Pemberian Tunjangan Kinerja (Performance Incentive) Triwulan I Tahun 2023,Direktur Utama;,553 - KD,keputusan direksi tentang pemberian tunjangan kinerja performance incentive triwulan i tahun 2023 direktur utama,KD
Persetujuan PKL,Telkom University;,554 - Surat Dinas,persetujuan pkl telkom university,SURAT DINAS
Nota Kesepahaman (MoU) antara Deputi Bidang Usaha Mikro Kementerian Koperasi dan Usaha Kecil Menengah Republik Indonesia dengan PT Pos Indonesia (Persero) tentang Layanan Jasa Kurir dan Logistik pada Pusat Layanan Usaha Terpadu Koperasi Usaha Mikro Kecil,Direktur Utama;,555 - SPK dan PKS,nota kesepahaman mou antara deputi bidang usaha mikro kementerian koperasi dan usaha kecil menengah republik indonesia dengan pt pos indonesia persero tentang layanan jasa kurir dan logistik pada pusat layanan usaha terpadu koperasi usaha mikro kecil direktur utama,SPK DAN PKS
Perjanjian Kerja Waktu Tertentu antara PT Pos Indonesia (Persero) dengan Ari Kusumo Wibowo sebagai Tenaga Kerja Profesional Perusahaan. Nomor : PKS.039/DIR-5/0323,Direktur Bisnis Kurir dan Logistik;,556 - SPK dan PKS,perjanjian kerja waktu tertentu antara pt pos indonesia persero dengan ari kusumo wibowo sebagai tenaga kerja profesional perusahaan nomor pks039dir50323 direktur bisnis kurir dan logistik,SPK DAN PKS
Keputusan Direksi nomor : KD 042/DIRUT/0523 tentang Perubahan Kedua atas Keputusan Direksi PT Pos Indonesia (Persero) Nomor KD 061/DIRUT/0822 tentang Pengelolaan Hubungan Induk dengan Anak Perusahaan dan Badan Afiliasi,Direktur Utama;,557 - KD,keputusan direksi nomor kd 042dirut0523 tentang perubahan kedua atas keputusan direksi pt pos indonesia persero nomor kd 061dirut0822 tentang pengelolaan hubungan induk dengan anak perusahaan dan badan afiliasi direktur utama,KD
Surat Edaran Nomor SE 012/DIR-4/0523 tentang Kemitraan Pospay Ranger,Direktur Bisnis Jasa Keuangan;,558 - SE,surat edaran nomor se 012dir40523 tentang kemitraan pospay ranger direktur bisnis jasa keuangan,SE
Keputusan Direksi Nomor : KD 043/DIR-4/0523 tentang Kemitraan Pospay Ranger,Direktur Bisnis Jasa Keuangan;,559 - KD,keputusan direksi nomor kd 043dir40523 tentang kemitraan pospay ranger direktur bisnis jasa keuangan,KD
Adendum Kedua terhadap perjanjian Kerja Sama antara PT Artajasa Pembayaran Elektronis dan PT Pos Indonesia (Persero) tentang Penyelenggaraan Layanan Online Payment Multibiller,Direktur Bisnis Jasa Keuangan;,560 - SPK dan PKS,adendum kedua terhadap perjanjian kerja sama antara pt artajasa pembayaran elektronis dan pt pos indonesia persero tentang penyelenggaraan layanan online payment multibiller direktur bisnis jasa keuangan,SPK DAN PKS
Surat Perintah Kerja (SPK) Rancang Bangun Mandiri,Direktur Keuangan dan Manajemen Risiko;,563 - SPK dan PKS,surat perintah kerja spk rancang bangun mandiri direktur keuangan dan manajemen risiko,SPK DAN PKS
Bukti Pemindahbukuan,a.n Direktur Jenderal Pajak  Kepala Kantor. KPP Pratama Bandung Cibeunying,564 - Surat Dinas,bukti pemindahbukuan an direktur jenderal pajak kepala kantor kpp pratama bandung cibeunying,SURAT DINAS
Surat Panggilan Ke 2 (Dua),Kepala Kepolisian Resor Cirebon Kota  Kepala Satuan Reserse Kriminal,565 - Surat Dinas,surat panggilan ke 2 dua kepala kepolisian resor cirebon kota kepala satuan reserse kriminal,SURAT DINAS
Penawaran Kerjasama,PT Kimia Farma Apotek  Unit Bisnis Bandung,566 - Surat Dinas,penawaran kerjasama pt kimia farma apotek unit bisnis bandung,SURAT DINAS
Perjanjian Kerja Sama antara PT Pos Indonesia (Persero) dengan PT Mitra Sentosa Paramaabadi tentang Layanan Agregator melalui Aplikasi Nomor : PKS 102/DIR- 4/0523,Direktur Bisnis Jasa Keuangan;,568 - SPK dan PKS,perjanjian kerja sama antara pt pos indonesia persero dengan pt mitra sentosa paramaabadi tentang layanan agregator melalui aplikasi nomor pks 102dir 40523 direktur bisnis jasa keuangan,SPK DAN PKS
Keputusan Direksi tentang Program Rekrutmen Bersama Badan Usaha Milik Negara di PT Pos Indonesia (Persero) Tahun 2023,Direktur Utama;,569 - KD,keputusan direksi tentang program rekrutmen bersama badan usaha milik negara di pt pos indonesia persero tahun 2023 direktur utama,KD
Laporan Penyelenggaraan Kegiatan Pemberian Penghargaan dari Pemerintah kepada Direksi dan Karyawan PT Pos Indonesia (Persero) tahun 2023,Direktur Human Capital Management;,571 - laporan,laporan penyelenggaraan kegiatan pemberian penghargaan dari pemerintah kepada direksi dan karyawan pt pos indonesia persero tahun 2023 direktur human capital management,LAPORAN
Surat Permohonan Sponsor Kegiatan,Wadir III Bidang Kemahasiswaan Lembaga Administrasi Negara  Politeknik STIA LAN Bandung,572 - proposal,surat permohonan sponsor kegiatan wadir iii bidang kemahasiswaan lembaga administrasi negara politeknik stia lan bandung,PROPOSAL
Undangan Strategic Discussion Forum & Critical Business Insight,Pertamina Training & Consulting,573 - Surat Dinas,undangan strategic discussion forum critical business insight pertamina training consulting,SURAT DINAS
Undangan Partisipasi Batu Bisnis Festival 2023 dalam rangka Tour Gowes Wisata Nasional 2023,a.n Walikota Batu  Sekretaris Daerah,574 - Surat Dinas,undangan partisipasi batu bisnis festival 2023 dalam rangka tour gowes wisata nasional 2023 an walikota batu sekretaris daerah,SURAT DINAS
Memorandum of Understanding/Nota Kesepahaman tentang Pemanfaatan Potensi Bersama Pos Indonesia dengan Jenius antara PT Pos Indonesia (Persero) dan PT Bank BTPN Tbk,Direktur Bisnis Jasa Keuangan;,576 - SPK dan PKS,memorandum of understandingnota kesepahaman tentang pemanfaatan potensi bersama pos indonesia dengan jenius antara pt pos indonesia persero dan pt bank btpn tbk direktur bisnis jasa keuangan,SPK DAN PKS
Risalah Radir selasa 6 Juni 2023,Direksi;,577 - risalah,risalah radir selasa 6 juni 2023 direksi,RISALAH
"Top Brand Award under the category : ""Non Bank Money Transfer Service""",Director Frontier  Panitia Top Brand Award,579 - Surat Dinas,top brand award under the category non bank money transfer service director frontier panitia top brand award,SURAT DINAS
Pemotongan Gaji Pensiunan Rizani dan Sukadarisno,Direktur Utama PT BPR Eka Bumi Artha,580 - Surat Dinas,pemotongan gaji pensiunan rizani dan sukadarisno direktur utama pt bpr eka bumi artha,SURAT DINAS
Tanggapan Dewan Komisaris atas Laporan Manajemen Bulan April 2023 PT Pos Logistik Indonesia,Komisaris Utama PT Pos Logistik Indonesia,581 - Surat Dinas,tanggapan dewan komisaris atas laporan manajemen bulan april 2023 pt pos logistik indonesia komisaris utama pt pos logistik indonesia,SURAT DINAS
Laporan Pelaksanaan Tugas Pengawasan Dewan Komisaris Bulan April 2023,Komisaris Utama PT Pos Logistik Indonesia,582 - Surat Dinas,laporan pelaksanaan tugas pengawasan dewan komisaris bulan april 2023 komisaris utama pt pos logistik indonesia,SURAT DINAS
Permintaan data Penelitian,1.Sdr. Agus Eko Putro (Dosen Prodi Manajemen Transportasi) 2.Sdr. Chandra Dewi (Dosen Prodi Manajemen Logistik);,583 - Surat Dinas,permintaan data penelitian 1sdr agus eko putro dosen prodi manajemen transportasi 2sdr chandra dewi dosen prodi manajemen logistik,SURAT DINAS
Perjanjian Kerja Sama antara PT Pos Indonesia (Persero) dengan PT Pos Properti Indonesia tentang Pendayagunaan Aset Properti Milik PT Pos Indonesia (Persero) Nomor : PKS- 115/DIR-1/0523,Direktur Utama;,584 - SPK dan PKS,perjanjian kerja sama antara pt pos indonesia persero dengan pt pos properti indonesia tentang pendayagunaan aset properti milik pt pos indonesia persero nomor pks 115dir10523 direktur utama,SPK DAN PKS
Adendum Perjanjian Kerja Sama antara PT Metra Net dengan PT Pos Indonesia (Persero) tentang Pengiriman Kiriman Marketplace Padiumkm.id,SVP Retail Business;,585 - SPK dan PKS,adendum perjanjian kerja sama antara pt metra net dengan pt pos indonesia persero tentang pengiriman kiriman marketplace padiumkmid svp retail business,SPK DAN PKS
Perjanjian Kerja Sama antara PT Pos Indonesia (Persero) dengan PT Pembayaran Lintas Usaha Sukses tentang Layanan Pembayaran Billing Espay pada Jaringan Layanan Pos nomor : 099/DIR-4/0523,Direktur Bisnis Jasa Keuangan;,586 - SPK dan PKS,perjanjian kerja sama antara pt pos indonesia persero dengan pt pembayaran lintas usaha sukses tentang layanan pembayaran billing espay pada jaringan layanan pos nomor 099dir40523 direktur bisnis jasa keuangan,SPK DAN PKS
Perjanjian Kerja Sama antara PT Summit Oto Finance dengan PT Pos Indonesia (Persero) tentang Penerimaan Pembayaran Tagihan secara Online nomor : PKS. 104/DIR-4/2023,Direktur Bisnis Jasa Keuangan;,587 - SPK dan PKS,perjanjian kerja sama antara pt summit oto finance dengan pt pos indonesia persero tentang penerimaan pembayaran tagihan secara online nomor pks 104dir42023 direktur bisnis jasa keuangan,SPK DAN PKS
Keputusan Direksi tentang Alokasi Anggaran Operasional Tahun 2023,Direktur Utama;,588 - KD,keputusan direksi tentang alokasi anggaran operasional tahun 2023 direktur utama,KD
Perjanjian Kerja Sama antara PT Pos Indonesia (Persero) dengan Koperasi Digital Semesta Mandiri tentang Layanan Cash In dan Cash Out pada Jaringan Layanan Pos Nomor : PKS 123/SVP Financial Service/0523,SVP Financial Service;,589 - SPK dan PKS,perjanjian kerja sama antara pt pos indonesia persero dengan koperasi digital semesta mandiri tentang layanan cash in dan cash out pada jaringan layanan pos nomor pks 123svp financial service0523 svp financial service,SPK DAN PKS
1. Surat Perintah Kerja Nomor SPK.552/DIR-3/0623 2. Perjanjian Kerja Sama antara PT Pos Indonesia (Persero) dengan PT Pos Finansial Indonesia tentang Pekerjaan Pengadaan Sewa Perangkat IT untuk Mendukung Layanan KCP LPU PT Pos Indonesia (Persero),Direktur Operasi dan Digital Services;,590 - SPK dan PKS,1 surat perintah kerja nomor spk552dir30623 2 perjanjian kerja sama antara pt pos indonesia persero dengan pt pos finansial indonesia tentang pekerjaan pengadaan sewa perangkat it untuk mendukung layanan kcp lpu pt pos indonesia persero direktur operasi dan digital services,SPK DAN PKS
1. Berita Acara Kesepakatan tentang Penerimaan Pembayaran Angsuran Pembiayaan secara Online antara PT Pos Indonesia (Persero) dengan PT Trihamas Finance Syariah 2. Perjanjian Kerja Sama antara PT Trihamas Finance Syariah dengan PT Pos Indonesia (Persero) tentang Penerimaan Pembayaran Angsuran Pembiayaan secara Online,Direktur Bisnis Jasa Keuangan;,591 - SPK dan PKS,1 berita acara kesepakatan tentang penerimaan pembayaran angsuran pembiayaan secara online antara pt pos indonesia persero dengan pt trihamas finance syariah 2 perjanjian kerja sama antara pt trihamas finance syariah dengan pt pos indonesia persero tentang penerimaan pembayaran angsuran pembiayaan secara online direktur bisnis jasa keuangan,SPK DAN PKS
Surat Edaran Nomor : SE 038/DIR-1/1222 tentang Petunjuk Pelaksanaan Implementasi Cost Center per Direktorat,Direktur Keuangan dan Manajemen Risiko;,594 - SE,surat edaran nomor se 038dir11222 tentang petunjuk pelaksanaan implementasi cost center per direktorat direktur keuangan dan manajemen risiko,SE
Perjanjian Kerja Sama antara PT Pos Indonesia (Persero) dengan PT Uang Kita tentang Pemanfaatan Layanan Weselpos Dalam Negeri,SVP Financial Service;,595 - SPK dan PKS,perjanjian kerja sama antara pt pos indonesia persero dengan pt uang kita tentang pemanfaatan layanan weselpos dalam negeri svp financial service,SPK DAN PKS
Permintaan Keterangan,Kepala Seksi Intelijen Kejaksaan Negeri Jakarta Barat,597 - Surat Dinas,permintaan keterangan kepala seksi intelijen kejaksaan negeri jakarta barat,SURAT DINAS
Surat Keputusan Direksi tentang Pembentukan Komite Risiko dan Ketaatan PT Pos Indonesia (Persero),Direktur Utama;,599 - SK,surat keputusan direksi tentang pembentukan komite risiko dan ketaatan pt pos indonesia persero direktur utama,SK
Keputusan Direksi Nomor : KD 036/DIR-5/0423 tentang Tarif Pos Marketplace,Direktur Bisnis Kurir dan Logistik;,600 - KD,keputusan direksi nomor kd 036dir50423 tentang tarif pos marketplace direktur bisnis kurir dan logistik,KD
Keputusan Direksi tentang Tarif Special Cargo,Direktur Bisnis Kurir dan Logistik;,601 - KD,keputusan direksi tentang tarif special cargo direktur bisnis kurir dan logistik,KD
Risalah Rapat Direksi  Selasa 13 Juni 2023,Direksi;,602 - Surat Dinas,risalah rapat direksi selasa 13 juni 2023 direksi,SURAT DINAS
"Panggilan Rapat Umum Anggota Tahunan (""RUA Tahunan"") Asosiasi Sistem Pembayaran Indonesia (""ASPI"") Tahun 2023",Ketua Umum Asosiasi Sistem Pembayaran Indonesia (ASPI),603 - Surat Dinas,panggilan rapat umum anggota tahunan rua tahunan asosiasi sistem pembayaran indonesia aspi tahun 2023 ketua umum asosiasi sistem pembayaran indonesia aspi,SURAT DINAS
Undangan,Pengurus Besar Pergerakan Mahasiswa Islam Indonesia (PMII),604 - Surat Dinas,undangan pengurus besar pergerakan mahasiswa islam indonesia pmii,SURAT DINAS
Pengakhiran atas Perjanjian Kerja Sama Nomor PKS 269/SVP Retail Business/1222 antara PT Pos Indonesia (Persero) dengan PT Karya Harapan Global tentang Pengelolaan Agenpos Layanan Jasa Kurir Business to Business Nomor PKS 136/Retail Business/0623,SVP Retail Business;,606 - SPK dan PKS,pengakhiran atas perjanjian kerja sama nomor pks 269svp retail business1222 antara pt pos indonesia persero dengan pt karya harapan global tentang pengelolaan agenpos layanan jasa kurir business to business nomor pks 136retail business0623 svp retail business,SPK DAN PKS
Perjanjian Kerja Sama antara PT Pos Indonesia (Persero) dengan KSPPS Manunggal Makmur tentang Pemotongan Uang Pensiun untuk Angsuran Kredit Pensiun dan Pemeliharaan Data (Flagging) Pegawai Negeri Sipil/Aparatur Sipil Negara/TNI/POLRI dan Pensiunan yang Memperoleh Kredit melalui KSPPS Manunggal Makmur Nomor : PKS 079/DIR-4/0423,Direktur Bisnis Jasa Keuangan;,607 - SPK dan PKS,perjanjian kerja sama antara pt pos indonesia persero dengan kspps manunggal makmur tentang pemotongan uang pensiun untuk angsuran kredit pensiun dan pemeliharaan data flagging pegawai negeri sipilaparatur sipil negaratnipolri dan pensiunan yang memperoleh kredit melalui kspps manunggal makmur nomor pks 079dir40423 direktur bisnis jasa keuangan,SPK DAN PKS
Adendum Pertama atas Perjanjian Kerja Sama antara Dana Pensiun Pos Indonesia dengan PT Pos Indonesia (Persero) tentang Pembayaran Manfaat Pensiun Peserta Dana Pensiun Pos Indonesia melalui Rekening Giropos Nomor : PKS 023/DIR- 4/0123,Direktur Bisnis Jasa Keuangan;,608 - SPK dan PKS,adendum pertama atas perjanjian kerja sama antara dana pensiun pos indonesia dengan pt pos indonesia persero tentang pembayaran manfaat pensiun peserta dana pensiun pos indonesia melalui rekening giropos nomor pks 023dir 40123 direktur bisnis jasa keuangan,SPK DAN PKS
Perbaikan usulan belanja investasi RKAP 2023 Program Kerja : Peremajaan Perangkat Kerja IT,Direktur Operasi dan Digital Services;,610 - Surat Dinas,perbaikan usulan belanja investasi rkap 2023 program kerja peremajaan perangkat kerja it direktur operasi dan digital services,SURAT DINAS
Pengantar Proposal Lintas Agama,Ketua Pelaksana Program Talkshow dan Warung Kerukunan Lintas Agama Indonesia Bangkit,611 - proposal,pengantar proposal lintas agama ketua pelaksana program talkshow dan warung kerukunan lintas agama indonesia bangkit,PROPOSAL
Surat Pengantar Proposal Permohonan Sponsorship,Vincentius Kelvin/087776047717.Paduan Suara Mahasiswa Universitas Padjajaran,612 - proposal,surat pengantar proposal permohonan sponsorship vincentius kelvin087776047717paduan suara mahasiswa universitas padjajaran,PROPOSAL
Panggilan/Pemberitahuan Surat Tercatat,Sekretaris Mahkamah Agung RI,613 - Surat Dinas,panggilanpemberitahuan surat tercatat sekretaris mahkamah agung ri,SURAT DINAS
Partisipasi dalam rangka menyambut HUT ke 78 RI,a.n Ketua Yayasan Pejuang Kemerdekaan Republik Indonesia  Sekretaris Umum,614 - proposal,partisipasi dalam rangka menyambut hut ke 78 ri an ketua yayasan pejuang kemerdekaan republik indonesia sekretaris umum,PROPOSAL
Ajakan Berkurban,Deputi I Bidang Pengumpulan Badan Amil Zakat Nasional (BAZNAS) RI,615 - Surat Dinas,ajakan berkurban deputi i bidang pengumpulan badan amil zakat nasional baznas ri,SURAT DINAS
Permintaan Klarifikasi,Advokat/Konsultan Hukum Equity Knowledge Profesional Lawyers,616 - Surat Dinas,permintaan klarifikasi advokatkonsultan hukum equity knowledge profesional lawyers,SURAT DINAS
Konfirmasi Data Terkait Pengenaan Sanksi Administrasi berupa Denda atas PT Pos Indonesia (Persero),Kepala Kantor Pelayanan Utama Bea dan Cukai Tipe C Soekarno Hatta Kementeria Keuangan RI,617 - Surat Dinas,konfirmasi data terkait pengenaan sanksi administrasi berupa denda atas pt pos indonesia persero kepala kantor pelayanan utama bea dan cukai tipe c soekarno hatta kementeria keuangan ri,SURAT DINAS
Partisipasi Iklan Kemitraan HUT BRI ke 128 Tahun,General Manager Koperasi Swakarya BRI,618 - Surat Dinas,partisipasi iklan kemitraan hut bri ke 128 tahun general manager koperasi swakarya bri,SURAT DINAS
Penawaran Harga Publikasi PT Pos Indonesia (Persero),Pimpinan Bandung Cyber Media,619 - Surat Dinas,penawaran harga publikasi pt pos indonesia persero pimpinan bandung cyber media,SURAT DINAS
Pengajuan Sponsorship pada Kegiatan Bandung Historical Study Games 2023,Koordinator Eksekutif Sahabat Museum Konperensi Asia Afrika,620 - Surat Dinas,pengajuan sponsorship pada kegiatan bandung historical study games 2023 koordinator eksekutif sahabat museum konperensi asia afrika,SURAT DINAS
Laporan Keuangan untuk tahun-tahun yang berakhir pada tanggal 31 Desember 2022 dan 2021 beserta Laporan Auditor Independen,Divisi Tanggung Jawab Sosial dan Lingkungan (TJSL),621 - laporan,laporan keuangan untuk tahuntahun yang berakhir pada tanggal 31 desember 2022 dan 2021 beserta laporan auditor independen divisi tanggung jawab sosial dan lingkungan tjsl,LAPORAN
Perjanjian Kerja Sama antara PT Pos Indonesia (Persero) dengan PT Birotika Semesta tentang Penyaluran Kiriman Pos Ekspor ke Luar Negeri,Direktur Operasi dan Digital Services;,623 - SPK dan PKS,perjanjian kerja sama antara pt pos indonesia persero dengan pt birotika semesta tentang penyaluran kiriman pos ekspor ke luar negeri direktur operasi dan digital services,SPK DAN PKS
Risalah Radir  Selasa 20 Juni 2023,Direksi;,625 - risalah,risalah radir selasa 20 juni 2023 direksi,RISALAH
Tanggapan Dewan Komisaris atas Laporan Manajemen Bulan Maret 2023 PT Pos Logistik Indonesia,Komisaris Utama PT Pos Logistik Indonesia,626 - laporan,tanggapan dewan komisaris atas laporan manajemen bulan maret 2023 pt pos logistik indonesia komisaris utama pt pos logistik indonesia,LAPORAN
Laporan Pelaksanaan Tugas Pengawasan Dewan Komisaris bulan Maret 2023,Komisaris Utama PT Pos Logistik Indonesia,627 - Surat Dinas,laporan pelaksanaan tugas pengawasan dewan komisaris bulan maret 2023 komisaris utama pt pos logistik indonesia,SURAT DINAS
Pameran dan Gelar Dagang Produk UPPKA dan UMKM dalam rangka HARGANAS ke-30 Tahun 2023,Badan Pengurus Pusat Perkumpulan Andalan Kelompok UPPKA (AKU),628 - Surat Dinas,pameran dan gelar dagang produk uppka dan umkm dalam rangka harganas ke30 tahun 2023 badan pengurus pusat perkumpulan andalan kelompok uppka aku,SURAT DINAS
Partisipasi Pemasangan Iklan pada Majalah KADIN,Ketua Umum Kamar Dagang dan Industri Jawa Barat,629 - Surat Dinas,partisipasi pemasangan iklan pada majalah kadin ketua umum kamar dagang dan industri jawa barat,SURAT DINAS
Permohonan Bantuan Dana untuk Pembangunan Rumah Singgah Pastor Lingkungan St Aloysius Bolenggo,Panitia Pembangunan Kapela St. Aloysius Bolenggo tahap ke-3,630 - Surat Dinas,permohonan bantuan dana untuk pembangunan rumah singgah pastor lingkungan st aloysius bolenggo panitia pembangunan kapela st aloysius bolenggo tahap ke3,SURAT DINAS
Surat Pengantar Proposal â€œProgram Kurban Rumah Amal 1444Hâ€◻,Direktur Rumah Amal Salman,631 - proposal,surat pengantar proposal program kurban rumah amal 1444h direktur rumah amal salman,PROPOSAL
Permohonan Partisipasi KAI- YPIA 2023 Yogyakarta,Yayasan Pendidikan Internal Audit,632 - Surat Dinas,permohonan partisipasi kai ypia 2023 yogyakarta yayasan pendidikan internal audit,SURAT DINAS
Kesediaan Berpartisipasi dalam Program Cosporate Governance Perception Index (CGPI) yang diselenggarakan IICG bersama Majalah SWA,The Indonesia Institute for Corporate Givernance,633 - Surat Dinas,kesediaan berpartisipasi dalam program cosporate governance perception index cgpi yang diselenggarakan iicg bersama majalah swa the indonesia institute for corporate givernance,SURAT DINAS
Partisipasi Penyelenggaraan Kegiatan Publikasi Pemberangkatan dan Kepulangan Calon Jemaah Haji Indonesia 1444 H/2023 M,Pengurus Pusat Ikatan Persaudaraan Haji Indonesia,634 - Surat Dinas,partisipasi penyelenggaraan kegiatan publikasi pemberangkatan dan kepulangan calon jemaah haji indonesia 1444 h2023 m pengurus pusat ikatan persaudaraan haji indonesia,SURAT DINAS
Sponsorship Ucapan Selamat HUT Ke-39 PT Angkasa Pura II,Managing Director Majalah Transportasi Indonesia,635 - Surat Dinas,sponsorship ucapan selamat hut ke39 pt angkasa pura ii managing director majalah transportasi indonesia,SURAT DINAS
Permohonan Kerjasama Pengelolaan Aset Tetap Tidak Beroperasi (Limbah Non B3),Direktur Utama PT Perusahaan Perdagangan Indonesia,636 - Surat Dinas,permohonan kerjasama pengelolaan aset tetap tidak beroperasi limbah non b3 direktur utama pt perusahaan perdagangan indonesia,SURAT DINAS
Surat Pengumuman Indonesia Digital Popular Brand Award 2023,PT Tras Mediacom  Indonesia Digital Popular Brand Award,637 - Surat Dinas,surat pengumuman indonesia digital popular brand award 2023 pt tras mediacom indonesia digital popular brand award,SURAT DINAS
Permohonan Bantuan Pembangunan Ruang Kelas Baru (RKB) dan Pembangunan Satu Ruang Guru,Kepala Sekolah Madrasah Tsanawiyah Guppi Cileles,638 - Surat Dinas,permohonan bantuan pembangunan ruang kelas baru rkb dan pembangunan satu ruang guru kepala sekolah madrasah tsanawiyah guppi cileles,SURAT DINAS
Program Peningkatan Kapasitas di Bidang Governansi  Risiko Kepatuhan dan Keberlanjutan,Direktur CRMS (Center for Risk Management & Sustainability),639 - Surat Dinas,program peningkatan kapasitas di bidang governansi risiko kepatuhan dan keberlanjutan direktur crms center for risk management sustainability,SURAT DINAS
Surat Penawaran Kerjasama,Toha Gandhi & Partner Benavita Aprilia,640 - proposal,surat penawaran kerjasama toha gandhi partner benavita aprilia,PROPOSAL
Himbauan untuk berpartisipasi dalam Digital Transformation Indonesia Conference and Exhibition (DTICX) 2023  26-27 Juli 2023  New Grand Ballroom Jakarta International Expo (JIExpo),Ketua Umum Telematika Indonesia (MASTEL),641 - Surat Dinas,himbauan untuk berpartisipasi dalam digital transformation indonesia conference and exhibition dticx 2023 2627 juli 2023 new grand ballroom jakarta international expo jiexpo ketua umum telematika indonesia mastel,SURAT DINAS
Permohonan Bantuan Dana,Madrasah Diniyah Takmiliyah Awaliyah (MDTA) Qoryatul Hidayah,642 - Surat Dinas,permohonan bantuan dana madrasah diniyah takmiliyah awaliyah mdta qoryatul hidayah,SURAT DINAS
Permohonan Kerjasama Penyaluran Hewan Qurban Idul Adha 1444H,Pengurus Yayasan Pelopor Pengemban Amanah Bangsa,643 - Surat Dinas,permohonan kerjasama penyaluran hewan qurban idul adha 1444h pengurus yayasan pelopor pengemban amanah bangsa,SURAT DINAS
Undangan Seminar dan Round Table Discussion,Office Manager Asosiasi Auditor Internal,644 - Surat Dinas,undangan seminar dan round table discussion office manager asosiasi auditor internal,SURAT DINAS
LRCR Workshop,Direktur Indonesian Training Institute & Consulting Services (Intrinsics),645 - Surat Dinas,lrcr workshop direktur indonesian training institute consulting services intrinsics,SURAT DINAS
Adendum Ketiga Perjanjian Teknis Uji Pasar Minicab Miev di Indonesia Nomor PKS 100/SVP Operasi/0423,SVP Operation Management;,647 - SPK dan PKS,adendum ketiga perjanjian teknis uji pasar minicab miev di indonesia nomor pks 100svp operasi0423 svp operation management,SPK DAN PKS
Keputusan Direksi tentang Pedoman Penyelenggaraan Subsidi Operasional Layanan Pos Universal,Direktur Utama;,648 - KD,keputusan direksi tentang pedoman penyelenggaraan subsidi operasional layanan pos universal direktur utama,KD
Surat Edaran Nomor : SE 13/DIR-3/0623 tentang Petunjuk Pelaksanaan Penanganan Kiriman Internasional menggunakan Jaringan Universal Postal Union,Direktur Operasi dan Digital Services;,649 - SE,surat edaran nomor se 13dir30623 tentang petunjuk pelaksanaan penanganan kiriman internasional menggunakan jaringan universal postal union direktur operasi dan digital services,SE
Petikan Risalah Ratas  Selasa 20 Juni 2023 (P Helmi),Direksi;,650 - Surat Dinas,petikan risalah ratas selasa 20 juni 2023 p helmi direksi,SURAT DINAS
Iklan Kemitraan Bersama,Rima;,651 - Surat Dinas,iklan kemitraan bersama rima,SURAT DINAS
Surat Permohonan Pinjam Ruang Rapat,Asisten Deputi Keuangan Inklusif dan Keuangan Syariah  Kemenko Bidang Perekonomian,653 - Surat Dinas,surat permohonan pinjam ruang rapat asisten deputi keuangan inklusif dan keuangan syariah kemenko bidang perekonomian,SURAT DINAS
Panggilan kepada Jaya Santoso sebagai Penggugat Lawan PT Pos Indonesia (Persero) sebagai Tergugat,Pengadilan Hubungan Industrial pada Pengadilan Negeri Bandung Kelas 1A Khusus,654 - Surat Dinas,panggilan kepada jaya santoso sebagai penggugat lawan pt pos indonesia persero sebagai tergugat pengadilan hubungan industrial pada pengadilan negeri bandung kelas 1a khusus,SURAT DINAS
Laporan Manajemen Tahunan dan Hasil Pengawasan Dewan Komisaris PT Pos Indonesia (Persero) tahun 2022,Direktur Utama;Komisaris Utama;,655 - laporan,laporan manajemen tahunan dan hasil pengawasan dewan komisaris pt pos indonesia persero tahun 2022 direktur utamakomisaris utama,LAPORAN
Perjanjian Larangan Pengungkapan dan Kerahasiaan antara PT Pos Indonesia (Persero) dengan PT Allo Bank Indonesia Tbk Nomor : NDA 124/SVP Financial Service/0523,SVP Sales and Marketing Financial Service;,656 - SPK dan PKS,perjanjian larangan pengungkapan dan kerahasiaan antara pt pos indonesia persero dengan pt allo bank indonesia tbk nomor nda 124svp financial service0523 svp sales and marketing financial service,SPK DAN PKS
Perjanjian Kerahasiaan Data dan Informasi Pra-Kontrak antara PT Algo Gapura Informasi dengan PT Pos Indonesia (Persero) Nomor : NDA 139/SVP Financial Service/0623,SVP Sales and Marketing Financial Service;,657 - SPK dan PKS,perjanjian kerahasiaan data dan informasi prakontrak antara pt algo gapura informasi dengan pt pos indonesia persero nomor nda 139svp financial service0623 svp sales and marketing financial service,SPK DAN PKS
Adendum Perjanjian Jasa Angkutan Pendistribusian Bantuan Pangan Cadangan Beras Pemerintah Tahun 2023 antara Perusahaan Umum (Perum) Bulog dengan PT Pos Indonesia (Persero) Nomor : PKS 128/DIRUT/0523,Direktur Utama;,658 - SPK dan PKS,adendum perjanjian jasa angkutan pendistribusian bantuan pangan cadangan beras pemerintah tahun 2023 antara perusahaan umum perum bulog dengan pt pos indonesia persero nomor pks 128dirut0523 direktur utama,SPK DAN PKS
Nota Kesepahaman antara Mahkamah Agung Republik Indonesia dengan PT Pos Indonesia (Persero) tentang Pemanfaatan Layanan Pos Nomor : MOU 105/DIR- 5/0523,Direktur Utama;,659 - SPK dan PKS,nota kesepahaman antara mahkamah agung republik indonesia dengan pt pos indonesia persero tentang pemanfaatan layanan pos nomor mou 105dir 50523 direktur utama,SPK DAN PKS
SPK Elvis,Corporate Secretary;,662 - SPK dan PKS,spk elvis corporate secretary,SPK DAN PKS
"Berita Acara Penetapan Pemenang Lomba Vlog Hari Kartini ""Srikandi Pos Indonesia Berkontribusi Untuk Negeri""",SVP HCS and Business Partner;,663 - Surat Dinas,berita acara penetapan pemenang lomba vlog hari kartini srikandi pos indonesia berkontribusi untuk negeri svp hcs and business partner,SURAT DINAS
Keputusan Direksi Nomor : 051/DIRUT/0623 tentang Penetapan Lembaga Pelatihan Kerja Pos Indonesia,Direktur Utama;,664 - KD,keputusan direksi nomor 051dirut0623 tentang penetapan lembaga pelatihan kerja pos indonesia direktur utama,KD
Perjanjian Waktu Tertentu antara PT Pos Indonesia (Persero) dengan Mochamad Yusuf sebagai Tenaga Kerja Profesional Perusahaan,Direktur Bisnis Kurir dan Logistik;,665 - SPK dan PKS,perjanjian waktu tertentu antara pt pos indonesia persero dengan mochamad yusuf sebagai tenaga kerja profesional perusahaan direktur bisnis kurir dan logistik,SPK DAN PKS
Perjanjian Waktu Tertentu antara PT Pos Indonesia (Persero) dengan Yus Yudiswara sebagai Tenaga Kerja Profesional Perusahaan,Direktur Keuangan dan Manajemen Risiko;,666 - SPK dan PKS,perjanjian waktu tertentu antara pt pos indonesia persero dengan yus yudiswara sebagai tenaga kerja profesional perusahaan direktur keuangan dan manajemen risiko,SPK DAN PKS
Perjanjian Waktu Tertentu antara PT Pos Indonesia (Persero) dengan Wahyu Hamdani sebagai Tenaga Kerja Profesional Perusahaan,Direktur Business Development and Portofolio Management;,667 - SPK dan PKS,perjanjian waktu tertentu antara pt pos indonesia persero dengan wahyu hamdani sebagai tenaga kerja profesional perusahaan direktur business development and portofolio management,SPK DAN PKS
Iklan Kemitraan Bersama,Kanaka Media Nusantara;,669 - Surat Dinas,iklan kemitraan bersama kanaka media nusantara,SURAT DINAS
Surat Keputusan Pendiri Dana Pensiun Pos Indonesia Tentang Pembentukan Komite Audit  Komite Risiko dan Komite Nominasi & Remunerasi pada Dewan Pengawas Dana Pensiun Pos Indonesia,Direktur Utama;,671 - SK,surat keputusan pendiri dana pensiun pos indonesia tentang pembentukan komite audit komite risiko dan komite nominasi remunerasi pada dewan pengawas dana pensiun pos indonesia direktur utama,SK
Risalah Radir  Selasa 27 Juni 2023,Direksi;,674 - risalah,risalah radir selasa 27 juni 2023 direksi,RISALAH
Perjanjian Kerja Waktu Tertentu antara PT Pos Indonesia (Persero) dengan Nico Benedictus Sianipar sebagai Tenaga kerja Profesional Perusahaan Nomor : PKS 114/DIR- 5/0523,Direktur Bisnis Kurir dan Logistik;,675 - SPK dan PKS,perjanjian kerja waktu tertentu antara pt pos indonesia persero dengan nico benedictus sianipar sebagai tenaga kerja profesional perusahaan nomor pks 114dir 50523 direktur bisnis kurir dan logistik,SPK DAN PKS
Undangan Menghadiri Ujian Sidang Promosi Doktor (S3) Tahap II,Dekan Fakultas Pendidikan Ekonomi dan Bisnis Universitas Pendidikan Indonesia,676 - Surat Dinas,undangan menghadiri ujian sidang promosi doktor s3 tahap ii dekan fakultas pendidikan ekonomi dan bisnis universitas pendidikan indonesia,SURAT DINAS
Undangan Menghadiri Ujian Sidang Promosi Doktor (S3) Tahap II,Dekan Fakultas Pendidikan Ekonomi dan Bisnis Universitas Pendidikan Indonesia,677 - Surat Dinas,undangan menghadiri ujian sidang promosi doktor s3 tahap ii dekan fakultas pendidikan ekonomi dan bisnis universitas pendidikan indonesia,SURAT DINAS
Undangan Menghadiri Ujian Sidang Promosi Doktor (S3) Tahap II,Dekan Fakultas Pendidikan Ekonomi dan Bisnis Universitas Pendidikan Indonesia,678 - Surat Dinas,undangan menghadiri ujian sidang promosi doktor s3 tahap ii dekan fakultas pendidikan ekonomi dan bisnis universitas pendidikan indonesia,SURAT DINAS
Undangan Menghadiri Ujian Sidang Promosi Doktor (S3) Tahap II,Dekan Fakultas Pendidikan Ekonomi dan Bisnis Universitas Pendidikan Indonesia,679 - Surat Dinas,undangan menghadiri ujian sidang promosi doktor s3 tahap ii dekan fakultas pendidikan ekonomi dan bisnis universitas pendidikan indonesia,SURAT DINAS
Undangan Menghadiri Ujian Sidang Promosi Doktor (S3) Tahap II,Dekan Fakultas Pendidikan Ekonomi dan Bisnis Universitas Pendidikan Indonesia,680 - Surat Dinas,undangan menghadiri ujian sidang promosi doktor s3 tahap ii dekan fakultas pendidikan ekonomi dan bisnis universitas pendidikan indonesia,SURAT DINAS
Undangan Menghadiri Ujian Sidang Promosi Doktor (S3) Tahap II,Dekan Fakultas Pendidikan Ekonomi dan Bisnis Universitas Pendidikan Indonesia,681 - Surat Dinas,undangan menghadiri ujian sidang promosi doktor s3 tahap ii dekan fakultas pendidikan ekonomi dan bisnis universitas pendidikan indonesia,SURAT DINAS
Undangan Menghadiri Ujian Sidang Promosi Doktor (S3) Tahap II,Dekan Fakultas Pendidikan Ekonomi dan Bisnis Universitas Pendidikan Indonesia,682 - Surat Dinas,undangan menghadiri ujian sidang promosi doktor s3 tahap ii dekan fakultas pendidikan ekonomi dan bisnis universitas pendidikan indonesia,SURAT DINAS
Cuti Bersama Idul Adha 1444H dan Natal 2023,Dewan Pengurus Pusat Serikat Pekerja Pos Indonesia,683 - Surat Dinas,cuti bersama idul adha 1444h dan natal 2023 dewan pengurus pusat serikat pekerja pos indonesia,SURAT DINAS
Perjanjian Kerja Waktu Tertentu antara PT Pos Indonesia (Persero) dengan Agung Dwi Handayanto sebagai Tenaga kerja Profesional Perusahaan Nomor : PKS 102/DIR- 1/0523,Direktur Keuangan dan Manajemen Risiko;,685 - SPK dan PKS,perjanjian kerja waktu tertentu antara pt pos indonesia persero dengan agung dwi handayanto sebagai tenaga kerja profesional perusahaan nomor pks 102dir 10523 direktur keuangan dan manajemen risiko,SPK DAN PKS
Perjanjian Kerja Waktu Tertentu antara PT Pos Indonesia (Persero) dengan Witri Yunianti sebagai Tenaga kerja Profesional Perusahaan Nomor : PKS 126/DIR- 5/0523,Direktur Bisnis Kurir dan Logistik;,686 - SPK dan PKS,perjanjian kerja waktu tertentu antara pt pos indonesia persero dengan witri yunianti sebagai tenaga kerja profesional perusahaan nomor pks 126dir 50523 direktur bisnis kurir dan logistik,SPK DAN PKS
Perjanjian Kerja Waktu Tertentu antara PT Pos Indonesia (Persero) dengan Felix Heru Wibowo sebagai Tenaga kerja Profesional Perusahaan Nomor : PKS 057/DIR-3/0523,Direktur Operasi dan Digital Services;,687 - SPK dan PKS,perjanjian kerja waktu tertentu antara pt pos indonesia persero dengan felix heru wibowo sebagai tenaga kerja profesional perusahaan nomor pks 057dir30523 direktur operasi dan digital services,SPK DAN PKS
Perjanjian Kerja Waktu Tertentu antara PT Pos Indonesia (Persero) dengan Erstya Gusti Hapsari sebagai Tenaga kerja Profesional Perusahaan Nomor : PKS 127/DIR-5/0523,Direktur Bisnis Kurir dan Logistik;,688 - SPK dan PKS,perjanjian kerja waktu tertentu antara pt pos indonesia persero dengan erstya gusti hapsari sebagai tenaga kerja profesional perusahaan nomor pks 127dir50523 direktur bisnis kurir dan logistik,SPK DAN PKS
Keputusan Direksi Nomor : KD 46/DIR-2/0523 tentang Perubahan Pertama atas Keputusan Direksi PT Pos Indonesia (Persero) Nomor : KD 129/DIR-2/1222 tentang Hari Libur Nasional Tahun 2023,Direktur Human Capital Management;,689 - KD,keputusan direksi nomor kd 46dir20523 tentang perubahan pertama atas keputusan direksi pt pos indonesia persero nomor kd 129dir21222 tentang hari libur nasional tahun 2023 direktur human capital management,KD
Berita Acara Kesepakatan antara PT Pos Indonesia (Persero) dengan PT Oren Teknologi Nusantara tentang Layanan Kemitraan Pospay secara Host to Host Nomor : BAK 547/DIR-4/0623,Direktur Bisnis Jasa Keuangan;,690 - BA,berita acara kesepakatan antara pt pos indonesia persero dengan pt oren teknologi nusantara tentang layanan kemitraan pospay secara host to host nomor bak 547dir40623 direktur bisnis jasa keuangan,BA
Perjanjian Rahasia dan Pelarangan Pengungkapan Informasi dengan PT JACCS Mitra Pinasthika Mustika Finance Indonesia,VP Financial Service Product Management;,691 - SPK dan PKS,perjanjian rahasia dan pelarangan pengungkapan informasi dengan pt jaccs mitra pinasthika mustika finance indonesia vp financial service product management,SPK DAN PKS
Laporan hasil Penilaian Indonesian Corporate Accountability Index (ICORPAX) pada PT Pos Indonesia Tahun 2022,Badan Pengawasan Keuangan dan Pembangunan Perwakilan Provinsi Jawa Barat (BPKP),692 - laporan,laporan hasil penilaian indonesian corporate accountability index icorpax pada pt pos indonesia tahun 2022 badan pengawasan keuangan dan pembangunan perwakilan provinsi jawa barat bpkp,LAPORAN
Penyaluran Bantuan Pangan di Wilayah Pamekaran,Plh Direktur Supply Chain dan Pelayanan Publik PERUM BULOG,693 - Surat Dinas,penyaluran bantuan pangan di wilayah pamekaran plh direktur supply chain dan pelayanan publik perum bulog,SURAT DINAS
Klarifikasi,Kantor Hukum Fachrizal & Rekan,694 - Surat Dinas,klarifikasi kantor hukum fachrizal rekan,SURAT DINAS
SPK,Karyadi Kumpos;,696 - SPK dan PKS,spk karyadi kumpos,SPK DAN PKS
MOU dengan Universitas Surabaya,Corporate Secretary;,697 - SPK dan PKS,mou dengan universitas surabaya corporate secretary,SPK DAN PKS
SPK Revaluasi Aset Properti Investasi di 83 Lokasi dan 1 Aset Tetap. nomor : 06281/Asset Management/0623,Direktur Keuangan dan Manajemen Risiko;,698 - SPK dan PKS,spk revaluasi aset properti investasi di 83 lokasi dan 1 aset tetap nomor 06281asset management0623 direktur keuangan dan manajemen risiko,SPK DAN PKS
Perjanjian Kerja Sama antara PT Pos Indonesia (Persero) dengan PT Asuransi Jiwa IFG tentang Integrasi Layanan Pembelian Produk Asuransi IFG Life melalui Aplikasi Pospay,Direktur Bisnis Jasa Keuangan;,699 - SPK dan PKS,perjanjian kerja sama antara pt pos indonesia persero dengan pt asuransi jiwa ifg tentang integrasi layanan pembelian produk asuransi ifg life melalui aplikasi pospay direktur bisnis jasa keuangan,SPK DAN PKS
PERJANJIAN KERJA SAMA PT POS INDONESIA (PERSERO) DENGAN PT POS FINANSIAL INDONESIA TENTANG PEKERJAAN PENGADAAN JASA REDESAIN DAN PENGEMBANGAN WEBSITE PIOL,Corporate Secretary;,700 - SPK dan PKS,perjanjian kerja sama pt pos indonesia persero dengan pt pos finansial indonesia tentang pekerjaan pengadaan jasa redesain dan pengembangan website piol corporate secretary,SPK DAN PKS
Keputusan Direksi tentang Peraturan Kerja Lembur Dinas Hari Biasa dan Dinas Hari Libur,Direktur Utama;,701 - KD,keputusan direksi tentang peraturan kerja lembur dinas hari biasa dan dinas hari libur direktur utama,KD
Risalah Radir  Selasa 4 Juli 2023,Direksi;,702 - risalah,risalah radir selasa 4 juli 2023 direksi,RISALAH
PKS (Karyadi-kumpos),Corporate Secretary;,703 - SPK dan PKS,pks karyadikumpos corporate secretary,SPK DAN PKS
Keputusan Direksi Nomor : KD 50/DIR-4/0623 tentang Reward Layanan Mitra Biller Asuransi,Direktur Bisnis Jasa Keuangan;,705 - KD,keputusan direksi nomor kd 50dir40623 tentang reward layanan mitra biller asuransi direktur bisnis jasa keuangan,KD
1. Perjanjian Kerja Sama antara PT Pos Indonesia (Persero) dengan PT Karisma Bahana Gemilang tentang Penerimaan Pembayaran Belanja Easy Shopping melalui System Online Payment Point Pos Nomor : PKS 148/DIR-4/0623 2. Berita Acara Kesepakatan antara PT Pos Indonesia (Persero) dengan PT Karisma Bahana Gemilang,Direktur Bisnis Jasa Keuangan;,706 - SPK dan PKS,1 perjanjian kerja sama antara pt pos indonesia persero dengan pt karisma bahana gemilang tentang penerimaan pembayaran belanja easy shopping melalui system online payment point pos nomor pks 148dir40623 2 berita acara kesepakatan antara pt pos indonesia persero dengan pt karisma bahana gemilang direktur bisnis jasa keuangan,SPK DAN PKS
Surat Keputusan Direksi tentang Tim Pengadaan Setempat Barang dan Jasa Sub Direktorat Human Capital Services and Business Partner dan Sub Direktorat Human Capital Policy and Strategy,Direktur Human Capital Management;,707 - SK,surat keputusan direksi tentang tim pengadaan setempat barang dan jasa sub direktorat human capital services and business partner dan sub direktorat human capital policy and strategy direktur human capital management,SK
Permohonan Informasi,a.n Direktur Reserse Kriminal Umum Polda Kepri  Kasubdit 1,708 - Surat Dinas,permohonan informasi an direktur reserse kriminal umum polda kepri kasubdit 1,SURAT DINAS
Bantuan Key Pairs API Pos untuk Visualisasi Pergerakan Buku FCL,Pendiri dan Penanggung Jawab Pustaka Bergerak,709 - Surat Dinas,bantuan key pairs api pos untuk visualisasi pergerakan buku fcl pendiri dan penanggung jawab pustaka bergerak,SURAT DINAS
Permohonan Klarifikasi & Audiensi serta Penarikan Sertifikat yang dijaminkan,Law Office Febri Fajar Basuki & Partners,711 - Surat Dinas,permohonan klarifikasi audiensi serta penarikan sertifikat yang dijaminkan law office febri fajar basuki partners,SURAT DINAS
Partisipasi Penerbitan Buku Amazing West Java,Ketua Umum Kamar Dagang dan Industri Jawa Barat,712 - Surat Dinas,partisipasi penerbitan buku amazing west java ketua umum kamar dagang dan industri jawa barat,SURAT DINAS
Penerbitan Iklan Bersama,Dewan Pengurus Pusat Serikat Pekerja Kereta Api,713 - Surat Dinas,penerbitan iklan bersama dewan pengurus pusat serikat pekerja kereta api,SURAT DINAS
Publikasi Peringatan HUT RI ke-78,Panitia Pelaksana Publikasi Semarak Peringatan HUT RI ke-78 Proklamasi Kemerdekaan RI,714 - proposal,publikasi peringatan hut ri ke78 panitia pelaksana publikasi semarak peringatan hut ri ke78 proklamasi kemerdekaan ri,PROPOSAL
Hasil Verifikasi Dokumen Rekapitulasi BAST,Perusahaan Umum (PERUM) BULOG,715 - Surat Dinas,hasil verifikasi dokumen rekapitulasi bast perusahaan umum perum bulog,SURAT DINAS
Undangan Workshop BUMN dan Anak Usaha di Juli- Agustus 2023,Erik Yosafat,716 - Surat Dinas,undangan workshop bumn dan anak usaha di juli agustus 2023 erik yosafat,SURAT DINAS
Partisipasi dalam rangka Dirgahayu TNI Ke-78,a.n Kepala Puspen TNI Waka  Brigadir Jenderal TNI  Pusat Penerangan Markas Besar TNI,717 - Surat Dinas,partisipasi dalam rangka dirgahayu tni ke78 an kepala puspen tni waka brigadir jenderal tni pusat penerangan markas besar tni,SURAT DINAS
Penundaan Tanggal Pelaksanaan Pelatihan Basic Training DPP SPPI,Dewan Pengurus Pusat SPPI,718 - Surat Dinas,penundaan tanggal pelaksanaan pelatihan basic training dpp sppi dewan pengurus pusat sppi,SURAT DINAS
Penerbitan Iklan Kemitraan,Ketua Kopkar Perumnas Bina Sejahtera,719 - Surat Dinas,penerbitan iklan kemitraan ketua kopkar perumnas bina sejahtera,SURAT DINAS
Penyaluran Bantuan Pangan secara Kolektif,Direktur Supply Chain dan Pelayanan Publik Perusahaan Umum (PERUM) BULOG,720 - Surat Dinas,penyaluran bantuan pangan secara kolektif direktur supply chain dan pelayanan publik perusahaan umum perum bulog,SURAT DINAS
Penandatanganan Dokumen Sales Order,Direktur Bisnis Perusahaan Umum (PERUM) BULOG,721 - Surat Dinas,penandatanganan dokumen sales order direktur bisnis perusahaan umum perum bulog,SURAT DINAS
Penunjukan Ahli,Kasat Reskrim  Kepolisian Negara RI Daerah Riau Resor Indragiri Hilir,722 - Surat Dinas,penunjukan ahli kasat reskrim kepolisian negara ri daerah riau resor indragiri hilir,SURAT DINAS
Penyelesaian Tunggakan Iuran BPJS Kesehatan,Kepala Seksi Perdata dan Tata Usaha Negara  Kejaksaan Negara Kota Bandung,723 - Surat Dinas,penyelesaian tunggakan iuran bpjs kesehatan kepala seksi perdata dan tata usaha negara kejaksaan negara kota bandung,SURAT DINAS
Permohonan Bantuan Dana Pembangungan Sekolah Tahfidz Qur`an Papua,Panitia Pelaksanaan Pembangunan Sekolah Tahfidz Qur`an Papua,724 - Surat Dinas,permohonan bantuan dana pembangungan sekolah tahfidz quran papua panitia pelaksanaan pembangunan sekolah tahfidz quran papua,SURAT DINAS
Pemberitahuan Tambahan tentang Perubahan Susunan Anggota Badan Pengurus,Ketua Umum Asosiasi Sistem Pembayaran Indonesia (ASPI),725 - Surat Dinas,pemberitahuan tambahan tentang perubahan susunan anggota badan pengurus ketua umum asosiasi sistem pembayaran indonesia aspi,SURAT DINAS
1. SPK CV Poetra Hatami Pengadaan Jasa Pendukung Pelatihan Kantor Cabang Pembantu (KCP) Layanan Pos Universal (LPU) Tahun 2023 2. PKS CV Poetra Hatami Pengadaan Jasa Pendukung Pelatihan Kantor Cabang Pembantu (KCP) Layanan Pos Universal (LPU) Tahun 2023,SVP Human Capital Service and Business Partner;,727 - SPK dan PKS,1 spk cv poetra hatami pengadaan jasa pendukung pelatihan kantor cabang pembantu kcp layanan pos universal lpu tahun 2023 2 pks cv poetra hatami pengadaan jasa pendukung pelatihan kantor cabang pembantu kcp layanan pos universal lpu tahun 2023 svp human capital service and business partner,SPK DAN PKS
Perjanjian Kerja Sama antara PT Famon Awal Bros Sedaya dengan PT Pos Indonesia (Persero) tentang Pengiriman Obat Nomor : PKS 113/DIR- 5/0523,Direktur Bisnis Kurir dan Logistik;,728 - SPK dan PKS,perjanjian kerja sama antara pt famon awal bros sedaya dengan pt pos indonesia persero tentang pengiriman obat nomor pks 113dir 50523 direktur bisnis kurir dan logistik,SPK DAN PKS
Nota Kesepahaman antara PT Famon Awal Bros Sedaya dengan PT Pos Indonesia (Persero) tentang Pemanfaatan Layanan Jasa dan Potensi Masing-Masing Pihak Nomor : MOU 112/DIRUT/0523,Direktur Utama;,729 - SPK dan PKS,nota kesepahaman antara pt famon awal bros sedaya dengan pt pos indonesia persero tentang pemanfaatan layanan jasa dan potensi masingmasing pihak nomor mou 112dirut0523 direktur utama,SPK DAN PKS
Perjanjian Kerja Pengadaan Jasa Transporter untuk Distribusi Bantuan Pangan Program Stunting Pemerintah 2023 antara PT Rajawali Nusantara Indonesia (Persero) dengan PT Pos Indonesia (Persero) Nomor : 01/S.Pj- UP/RNI.01/IV/2023,Direktur Utama;,730 - SPK dan PKS,perjanjian kerja pengadaan jasa transporter untuk distribusi bantuan pangan program stunting pemerintah 2023 antara pt rajawali nusantara indonesia persero dengan pt pos indonesia persero nomor 01spj uprni01iv2023 direktur utama,SPK DAN PKS
Permohonan Kerjasama Program CSR/TJSL,Faozan Amar  Staf Khusus Menteri Sosial RI (0818490245),732 - proposal,permohonan kerjasama program csrtjsl faozan amar staf khusus menteri sosial ri 0818490245,PROPOSAL
Risalah Radir Selasa  11 Juli 2023,Setper;,733 - Surat Dinas,risalah radir selasa 11 juli 2023 setper,SURAT DINAS
Perjanjian antara PT Pos Indonesia (Persero) dan PT Milestone Dinamika Perkasa tentang Pekerjaan Pengadaan Konsultan Formulasi Brand Baru Pos Indonesia menuju Perusahaan Logistik. Nomor : 48/SPBT/0623,SVP Strategic Planning and Business Development;,734 - SPK dan PKS,perjanjian antara pt pos indonesia persero dan pt milestone dinamika perkasa tentang pekerjaan pengadaan konsultan formulasi brand baru pos indonesia menuju perusahaan logistik nomor 48spbt0623 svp strategic planning and business development,SPK DAN PKS
Perjanjian Kerja Sama antara PT Pos Indonesia (Persero) dengan Koperasi Pegawai dan Pensiunan PT Pos Indonesia (KOPPOS) tentang Pemotongan Uang Pensiun untuk Angsuran Kredit Pensiun Peserta Dana Pensiun Pos Indonesia,SVP Sales and Marketing Financial Service;,735 - SPK dan PKS,perjanjian kerja sama antara pt pos indonesia persero dengan koperasi pegawai dan pensiunan pt pos indonesia koppos tentang pemotongan uang pensiun untuk angsuran kredit pensiun peserta dana pensiun pos indonesia svp sales and marketing financial service,SPK DAN PKS
Penunjukan Pegawai untuk diklarifikasi,Ditreskrimum selaku Penyidik Kepolisian Negara RI Daerah Jawa Tengah,737 - Surat Dinas,penunjukan pegawai untuk diklarifikasi ditreskrimum selaku penyidik kepolisian negara ri daerah jawa tengah,SURAT DINAS
Keputusan Direksi Nomor : KD 055/DIR-5/0623 tentang Tarif Layanan Express Mail Service,Direktur Bisnis Kurir dan Logistik;,738 - KD,keputusan direksi nomor kd 055dir50623 tentang tarif layanan express mail service direktur bisnis kurir dan logistik,KD
Keputusan Direksi Nomor : KD 056/DIR-5/0623 tentang Tarif Layanan Paketpos Cepat Internasional,Direktur Bisnis Kurir dan Logistik;,739 - KD,keputusan direksi nomor kd 056dir50623 tentang tarif layanan paketpos cepat internasional direktur bisnis kurir dan logistik,KD
Permohonan Pembayaran,Sekretariat Forum Ekselen Bisnis Indonesia,740 - Surat Dinas,permohonan pembayaran sekretariat forum ekselen bisnis indonesia,SURAT DINAS
Perjanjian Kerja Sama antara PT Biro Perjalanan Wisata Aprilya Darma Wisata dengan PT Pos Indonesia (Persero) tentang Fronting Layanan Halal/Muslim Tour dan Umroh melalui PT Pos Indonesia (Persero),SVP Sales and marketing Financial Service;,741 - SPK dan PKS,perjanjian kerja sama antara pt biro perjalanan wisata aprilya darma wisata dengan pt pos indonesia persero tentang fronting layanan halalmuslim tour dan umroh melalui pt pos indonesia persero svp sales and marketing financial service,SPK DAN PKS
Perjanjian Kerja Sama antara Treetan Nusantara Network dengan PT Pos Indonesia (Persero) tentang Penyediaan Layanan Digital Paket Umrah dan Wisata Halal melalui Modern Channel Pospay,SVP Sales and marketing Financial Service;,742 - SPK dan PKS,perjanjian kerja sama antara treetan nusantara network dengan pt pos indonesia persero tentang penyediaan layanan digital paket umrah dan wisata halal melalui modern channel pospay svp sales and marketing financial service,SPK DAN PKS
PBB Cup II Golf Tournament 2023,Dewan Pimpinan Pusat Pemuda Batak Bersatu,743 - proposal,pbb cup ii golf tournament 2023 dewan pimpinan pusat pemuda batak bersatu,PROPOSAL
Program Pendidikan dan Pelatihan serta Sertifikasi Kompetensi Tahun 2023,Direktur Utama Pusat Pengembangan Akuntansi dan Keuangan (PPA & K),745 - Surat Dinas,program pendidikan dan pelatihan serta sertifikasi kompetensi tahun 2023 direktur utama pusat pengembangan akuntansi dan keuangan ppa k,SURAT DINAS
PKS dengan Bank Mandiri tentang Penerbitan Kartu Kredit Mandiri,Corsec;,746 - SPK dan PKS,pks dengan bank mandiri tentang penerbitan kartu kredit mandiri corsec,SPK DAN PKS
Perjanjian Kerahasiaan dengan PT Goto Gojek Tokopedia,SVP Retail Business;,747 - SPK dan PKS,perjanjian kerahasiaan dengan pt goto gojek tokopedia svp retail business,SPK DAN PKS
Perjanjian Kerja Sama antara PT Pelabuhan Indonesia (Persero) dengan PT Pos Indonesia (Persero) tentang Penyaluran Bantuan Uang Sembako kepada Pensiunan Pekerja PT Pelabuhan Indonesia (Persero). PELINDO,SVP Sales and Marketing Financial Service;,748 - SPK dan PKS,perjanjian kerja sama antara pt pelabuhan indonesia persero dengan pt pos indonesia persero tentang penyaluran bantuan uang sembako kepada pensiunan pekerja pt pelabuhan indonesia persero pelindo svp sales and marketing financial service,SPK DAN PKS
Perjanjian Kerja Sama antara PT JACCS Mitra Pinasthika Mustika Finance Indonesia dengan PT Pos Indonesia (Persero) tentang Penerimaan Pembayaran Angsuran kredit secara Online,VP Financial Service Product Management;,749 - SPK dan PKS,perjanjian kerja sama antara pt jaccs mitra pinasthika mustika finance indonesia dengan pt pos indonesia persero tentang penerimaan pembayaran angsuran kredit secara online vp financial service product management,SPK DAN PKS
Risalah Radir  Selasa 18 Juli 2023,setper;,750 - risalah,risalah radir selasa 18 juli 2023 setper,RISALAH
Perjanjian Kerja Sama antara PT Pos Indonesia (Persero) dengan PT Mcash Integrasi tentang Kemitraan Pospay secara Host to Host. Nomor : PKS 152/DIRUT/0623,Direktur Bisnis Jasa Keuangan;,751 - SPK dan PKS,perjanjian kerja sama antara pt pos indonesia persero dengan pt mcash integrasi tentang kemitraan pospay secara host to host nomor pks 152dirut0623 direktur bisnis jasa keuangan,SPK DAN PKS
Perjanjian Kerja Sama antara PT Wahana Ottomitra Multiartha dengan PT Pos Indonesia (Persero) tentang Penerimaan Pembayaran Angsuran secara Online Nomor : PKS 164/DIR- 4/0723,VP Financial Service Product Management;,752 - SPK dan PKS,perjanjian kerja sama antara pt wahana ottomitra multiartha dengan pt pos indonesia persero tentang penerimaan pembayaran angsuran secara online nomor pks 164dir 40723 vp financial service product management,SPK DAN PKS
Nota Kesepahaman antara PT Taspen (Persero) dan PT Pos Indonesia (Persero) tentang Pemanfaatan Program Layanan antar Pensiun bagi Penerima Pensiun Pegawai Negeri Sipil Nomor : MOU 158/DIRUT/0723,Direktur Utama;,753 - SPK dan PKS,nota kesepahaman antara pt taspen persero dan pt pos indonesia persero tentang pemanfaatan program layanan antar pensiun bagi penerima pensiun pegawai negeri sipil nomor mou 158dirut0723 direktur utama,SPK DAN PKS
Risalah Rapat Terbatas Direksi,Direksi;,754 - risalah,risalah rapat terbatas direksi direksi,RISALAH
Undangan Grand Launching dan Bakti Sosial Klinik Inggit Garnasih,Ketua Badan Amil Zakat Nasional Provinsi Jawa Barat,755 - Surat Dinas,undangan grand launching dan bakti sosial klinik inggit garnasih ketua badan amil zakat nasional provinsi jawa barat,SURAT DINAS
Proposal Lebaran Yatim Pekan Muharram 1445 H,Ketua Dompet Dana Umat (DDU) Daarul Ulum,757 - proposal,proposal lebaran yatim pekan muharram 1445 h ketua dompet dana umat ddu daarul ulum,PROPOSAL
Permohonan Partisipasi Sponsorship Anugerah Penyiaran KPID Jawa Barat ke-16 Tahun 2023,Ketua Komisi Penyiaran Indonesia Daerah Provinsi Jawa Barat,758 - proposal,permohonan partisipasi sponsorship anugerah penyiaran kpid jawa barat ke16 tahun 2023 ketua komisi penyiaran indonesia daerah provinsi jawa barat,PROPOSAL
Permintaan Pembuatan Surat Pengantar ke Badan Kepegawaian Negara (BKN),Asep Arifin Noor (082115838071),759 - Surat Dinas,permintaan pembuatan surat pengantar ke badan kepegawaian negara bkn asep arifin noor 082115838071,SURAT DINAS
Permohonan Dana Sponsorship,Pengurus Provinsi Perbasasi Jateng,760 - proposal,permohonan dana sponsorship pengurus provinsi perbasasi jateng,PROPOSAL
Rekomendasi Dukungan Sponsor,Asisten Deputi Keuangan Inklusif dan Keuangan Syariah Kementerian Koordinator Bidang Perekonomian,761 - Surat Dinas,rekomendasi dukungan sponsor asisten deputi keuangan inklusif dan keuangan syariah kementerian koordinator bidang perekonomian,SURAT DINAS
Rekomendasi Dukungan Sponsor,Asisten Deputi Keuangan Inklusif dan Keuangan Syariah Kementerian Koordinator Bidang Perekonomian,762 - proposal,rekomendasi dukungan sponsor asisten deputi keuangan inklusif dan keuangan syariah kementerian koordinator bidang perekonomian,PROPOSAL
Kandidat Penerima Penghargaan IHCBA 2023,Indonesia Human Capital Brilliance Awards 2023,763 - Surat Dinas,kandidat penerima penghargaan ihcba 2023 indonesia human capital brilliance awards 2023,SURAT DINAS
Penerbitan Buku Agenda Eksklusif Kementerian Perhubungan Tahun 2024,Pengurus Badan Pembina Pensiunan Pegawai (BP-3) Perhubungan,764 - Surat Dinas,penerbitan buku agenda eksklusif kementerian perhubungan tahun 2024 pengurus badan pembina pensiunan pegawai bp3 perhubungan,SURAT DINAS
Permohonan Dukungan Dana,Pembina Posindo Football Club,765 - Surat Dinas,permohonan dukungan dana pembina posindo football club,SURAT DINAS
Tanggapan Permohonan Pengesahan Perubahan Peraturan Dana Pensiun Pos Indonesia,Direktur Perizinan IKNB dan Inovasi Keuangan Digital OJK,766 - Surat Dinas,tanggapan permohonan pengesahan perubahan peraturan dana pensiun pos indonesia direktur perizinan iknb dan inovasi keuangan digital ojk,SURAT DINAS
Risalah ratas untuk tanggal 20 Juli 2023,Direksi;,767 - Surat Dinas,risalah ratas untuk tanggal 20 juli 2023 direksi,SURAT DINAS
Keputusan Direksi PT Pos Indonesia (Persero) tentang Penerapan Program Anti Pencucian Uang dan Pencegahan Pendanaan Terorisme,Direktur Utama;,768 - KD,keputusan direksi pt pos indonesia persero tentang penerapan program anti pencucian uang dan pencegahan pendanaan terorisme direktur utama,KD
Keputusan Direksi PT Pos Indonesia (Persero) tentang Perubahan Keempat atas Keputusan Direksi PT Pos Indonesia (Persero) Nomor : KD 059/DIRUT/0721 tentang Manajemen Karir,Direktur Utama;,769 - KD,keputusan direksi pt pos indonesia persero tentang perubahan keempat atas keputusan direksi pt pos indonesia persero nomor kd 059dirut0721 tentang manajemen karir direktur utama,KD
Perjanjian antara PT Pos Indonesia (Persero) dengan Prima Yasa Eduka tentang Kerja Sama Jasa Pendukung Pelatihan di PT Pos Indonesia (Persero),Direktur Human Capital Management;,770 - SPK dan PKS,perjanjian antara pt pos indonesia persero dengan prima yasa eduka tentang kerja sama jasa pendukung pelatihan di pt pos indonesia persero direktur human capital management,SPK DAN PKS
Perjanjian Kerahasiaan antara PT Alami Fintek Sharia dengan PT Pos Indonesia (Persero) tentang Pertukaran Data dan Informasi,SVP Retail Business;,771 - SPK dan PKS,perjanjian kerahasiaan antara pt alami fintek sharia dengan pt pos indonesia persero tentang pertukaran data dan informasi svp retail business,SPK DAN PKS
Perjanjian Kerja Sama antara PT Bank Panin Dubai Syariah Tbk dengan PT Pos Indonesia (Persero) tentang Penyaluran Pembiayaan Multijasa Ibadah Umroh,SDM - SVP Human Capital Service and Business Partner;,772 - SPK dan PKS,perjanjian kerja sama antara pt bank panin dubai syariah tbk dengan pt pos indonesia persero tentang penyaluran pembiayaan multijasa ibadah umroh sdm svp human capital service and business partner,SPK DAN PKS
Surat Panggilan Saksi Ke-1,a.n Direktur Tindak Pidana Ekonomi dan Khusus  Wadir Selaku Penyidik,773 - Surat Dinas,surat panggilan saksi ke1 an direktur tindak pidana ekonomi dan khusus wadir selaku penyidik,SURAT DINAS
Perjanjian Kerja Waktu Tertentu antara PT Pos Indonesia (Persero) dengan Ade Safrudin sebagai Tenaga Kerja Profesional Perusahaan PKS 132/DIR-2/0623,Direktur Human Capital Management;,775 - SPK dan PKS,perjanjian kerja waktu tertentu antara pt pos indonesia persero dengan ade safrudin sebagai tenaga kerja profesional perusahaan pks 132dir20623 direktur human capital management,SPK DAN PKS
Risalah Radir  Selasa 25 Juli 2023,setper;,776 - risalah,risalah radir selasa 25 juli 2023 setper,RISALAH
Penawaran Kerja Sama Sponsorship Buku Agenda Kerja UIN Jakarta 2024,Wakil Rektor Bidang Kerjasama dan Kelembagaan Universitas Islam Negeri Syarif Hidayatullah Jakarta,777 - Surat Dinas,penawaran kerja sama sponsorship buku agenda kerja uin jakarta 2024 wakil rektor bidang kerjasama dan kelembagaan universitas islam negeri syarif hidayatullah jakarta,SURAT DINAS
Permohonan Bantuan Liputan Live Streaming,Panitia Rakornas dan Munaslub Persatuan Pensiunan Pos Indonesia,778 - Surat Dinas,permohonan bantuan liputan live streaming panitia rakornas dan munaslub persatuan pensiunan pos indonesia,SURAT DINAS
Permohonan Partisipasi Dana,Panitia Rakornas dan Munaslub Persatuan Pensiunan Pos Indonesia,779 - Surat Dinas,permohonan partisipasi dana panitia rakornas dan munaslub persatuan pensiunan pos indonesia,SURAT DINAS
Permohonan Partisipasi Dana,Panitia Rakornas dan Munaslub Persatuan Pensiunan Pos Indonesia,780 - Surat Dinas,permohonan partisipasi dana panitia rakornas dan munaslub persatuan pensiunan pos indonesia,SURAT DINAS
Undangan Acara Pembukaan Rakornas & Munaslub PPPos Tahun 2023,Panitia Rakornas dan Munaslub Persatuan Pensiunan Pos Indonesia,781 - Surat Dinas,undangan acara pembukaan rakornas munaslub pppos tahun 2023 panitia rakornas dan munaslub persatuan pensiunan pos indonesia,SURAT DINAS
Surat Pengantar Proposal Beamuda,Yayasan Pemuda Tanggap Berbagi,782 - proposal,surat pengantar proposal beamuda yayasan pemuda tanggap berbagi,PROPOSAL
Bimbingan Teknik Nasional Strategi Pengendalian Pelaksanaan Kontrak Pengadaan Barang/Jasa,Ketua Lembaga Informasi Management Sumber Daya Manusia Nasional (LIM-SDMN),783 - Surat Dinas,bimbingan teknik nasional strategi pengendalian pelaksanaan kontrak pengadaan barangjasa ketua lembaga informasi management sumber daya manusia nasional limsdmn,SURAT DINAS
Surat Keputusan Direksi Nomor : SK 1056/DIRUT/0523 tentang Perpanjangan Masa Tugas dan Perubahan Susunan Keanggotaan Tim Pelaksana Penyaluran Program Sembako dan Program Keluarga Harapan (PKH) Tahun 2023,Direktur Utama;,785 - SK,surat keputusan direksi nomor sk 1056dirut0523 tentang perpanjangan masa tugas dan perubahan susunan keanggotaan tim pelaksana penyaluran program sembako dan program keluarga harapan pkh tahun 2023 direktur utama,SK
Permintaan Hasil Pemeringkatan Tahunan Periode Tahun 2023 atas Medium Term Notes (MTN) dan Obligasi PT Pos Indonesia (Persero),Financial Institution and Capital Market Division PT Bank Tabungan Negara (Persero) Tbk,786 - Surat Dinas,permintaan hasil pemeringkatan tahunan periode tahun 2023 atas medium term notes mtn dan obligasi pt pos indonesia persero financial institution and capital market division pt bank tabungan negara persero tbk,SURAT DINAS
Undangan Workshop: IT System Security : Penguatan Keamanan Teknologi Informasi (TI) dalam rangka Mengendalikan Risiko Reputasi dan Operasional,Direktur Lembaga Pengembangan Profesi Risiko Manajemen Gagasan,787 - Surat Dinas,undangan workshop it system security penguatan keamanan teknologi informasi ti dalam rangka mengendalikan risiko reputasi dan operasional direktur lembaga pengembangan profesi risiko manajemen gagasan,SURAT DINAS
Undangan Workshop : Strategi Business Continuity Management (BCM) Strategi Kontinuitas  Implementasi Teknologi  Kolaborasi Lintas Sektor  Prosedur dan Uji Coba Pemulihan,Direktur Lembaga Pengembangan Profesi Risiko Manajemen Gagasan,788 - Surat Dinas,undangan workshop strategi business continuity management bcm strategi kontinuitas implementasi teknologi kolaborasi lintas sektor prosedur dan uji coba pemulihan direktur lembaga pengembangan profesi risiko manajemen gagasan,SURAT DINAS
Penawaran Pelatihan Keprotokolan Negara & Master of Ceremony (MC),PT Multi Konsul Indonesia,789 - Surat Dinas,penawaran pelatihan keprotokolan negara master of ceremony mc pt multi konsul indonesia,SURAT DINAS
Penawaran Pelatihan Negotiation Skills,PT Multi Konsul Indonesia,790 - Surat Dinas,penawaran pelatihan negotiation skills pt multi konsul indonesia,SURAT DINAS
Pengajuan Permohonan Bantuan Dana untuk Modal Usaha Pembuatan Reklame dan Konstruksi dll,Abdullah Jojodiningrat,791 - Surat Dinas,pengajuan permohonan bantuan dana untuk modal usaha pembuatan reklame dan konstruksi dll abdullah jojodiningrat,SURAT DINAS
Tanggapan atas Permohonan Penerbitan Tanda Terima Barang Kiriman PT Pos Indonesia,Kepala Kantor Pelayanan Utama Bea dan Cukai Tipe C Soekarno-Hatta  Kementerian Keuangan RI,792 - Surat Dinas,tanggapan atas permohonan penerbitan tanda terima barang kiriman pt pos indonesia kepala kantor pelayanan utama bea dan cukai tipe c soekarnohatta kementerian keuangan ri,SURAT DINAS
Somasi I,Kuasa Hukum PT Glostar Indonesia,793 - Surat Dinas,somasi i kuasa hukum pt glostar indonesia,SURAT DINAS
Audiensi dan Permohonan Bantuan Dana,Dewan Pengurus Pusat Central Analisa Strategis (DPP CAS),794 - Surat Dinas,audiensi dan permohonan bantuan dana dewan pengurus pusat central analisa strategis dpp cas,SURAT DINAS
Pembentukan LKS Bipartit di Tingkat Kantor Pusat,Dewan Pengurus Wilayah Khusus Kantor Pusat Bandung SPPI Kuat Bermartabat,796 - Surat Dinas,pembentukan lks bipartit di tingkat kantor pusat dewan pengurus wilayah khusus kantor pusat bandung sppi kuat bermartabat,SURAT DINAS
Surat Pernyataan dan Laporan Keuangan PT Pos Indonesia Bulan Juni 2023,Direktur Utama;,797 - laporan,surat pernyataan dan laporan keuangan pt pos indonesia bulan juni 2023 direktur utama,LAPORAN
Permohonan Kenaikan Limit Kartu Kredit,Pimpinan Bank BNI Card Center;,798 - Surat Dinas,permohonan kenaikan limit kartu kredit pimpinan bank bni card center,SURAT DINAS
Perjanjian antara PT Pos Indonesia (Persero) dengan PT Prima Yasa Eduka tentang Pekerjaan Pengadaan Jasa Event Organizer Pelatihan Kantor Cabang Pembantu Layanan Pos Universal di Kota Yogyakarta Nomor : PKS 140/SVP HCSBP/0623,SVP Human Capital Services and Business Partner;,799 - SPK dan PKS,perjanjian antara pt pos indonesia persero dengan pt prima yasa eduka tentang pekerjaan pengadaan jasa event organizer pelatihan kantor cabang pembantu layanan pos universal di kota yogyakarta nomor pks 140svp hcsbp0623 svp human capital services and business partner,SPK DAN PKS
Keputusan Direksi tentang Tunjangan Jabatan Struktural,Direktur Utama;,800 - KD,keputusan direksi tentang tunjangan jabatan struktural direktur utama,KD
rekomendasi pak Zamzam,Man TKA;,801 - Surat Dinas,rekomendasi pak zamzam man tka,SURAT DINAS
Permohonan Sponsorship RAKERNIS IT,Ketua Badan Amil Zakat Nasional Republik Indonesia,802 - proposal,permohonan sponsorship rakernis it ketua badan amil zakat nasional republik indonesia,PROPOSAL
Relaas Panggilan (Surat tercatat),Jurusita Pengganti  Pengadilan Negeri Bandung Kelas IA Khusus,803 - Surat Dinas,relaas panggilan surat tercatat jurusita pengganti pengadilan negeri bandung kelas ia khusus,SURAT DINAS
Permohonan Sponsorship,Sekolah Vokasi Universitas Gadjah Mada,804 - Surat Dinas,permohonan sponsorship sekolah vokasi universitas gadjah mada,SURAT DINAS
Penawaran Kerja Sama Advetorial/Iklan,Digital Marketing Jabar Ekspres,805 - Surat Dinas,penawaran kerja sama advetorialiklan digital marketing jabar ekspres,SURAT DINAS
Penerbitan Iklan Bersama Pelantikan Menteri dan Wakil Menteri Kementerian Komunikasi dan Informatika RI,Koperasi Pegawai Republik Indonesia Kementerian Komunikasi dan Informatika,806 - Surat Dinas,penerbitan iklan bersama pelantikan menteri dan wakil menteri kementerian komunikasi dan informatika ri koperasi pegawai republik indonesia kementerian komunikasi dan informatika,SURAT DINAS
Mohon Dukungan Panfila SUMBARPHEX 2023,Panitia Pameran Nasional Filateli (Panfila) SUMBARPHEX 2023,807 - Surat Dinas,mohon dukungan panfila sumbarphex 2023 panitia pameran nasional filateli panfila sumbarphex 2023,SURAT DINAS
Perjanjian Kerja Waktu Tertentu antara PT Pos Indonesia (Persero) dengan Dudya Dermawan sebagai Tenaga Kerja Profesional Perusahaan,Direktur Bisnis Jasa Keuangan;,809 - SPK dan PKS,perjanjian kerja waktu tertentu antara pt pos indonesia persero dengan dudya dermawan sebagai tenaga kerja profesional perusahaan direktur bisnis jasa keuangan,SPK DAN PKS
Perjanjian Kerja Waktu Tertentu antara PT Pos Indonesia (Persero) dengan Shatria Putra Dhartia sebagai Tenaga Kerja Profesional Perusahaan,Direktur Bisnis Kurir dan Logistik;,810 - SPK dan PKS,perjanjian kerja waktu tertentu antara pt pos indonesia persero dengan shatria putra dhartia sebagai tenaga kerja profesional perusahaan direktur bisnis kurir dan logistik,SPK DAN PKS
Perjanjian Kerja Sama antara PT Pos Indonesia (Persero) dengan PT Interindo Artha Kreasi tentang Pemanfaatan Layanan Giropos dan Kemitraan Pospay secara Host to Host nomor : PKS 066/SVP Financial Service/2023,SVP Sales and Marketing Financial Service;,811 - SPK dan PKS,perjanjian kerja sama antara pt pos indonesia persero dengan pt interindo artha kreasi tentang pemanfaatan layanan giropos dan kemitraan pospay secara host to host nomor pks 066svp financial service2023 svp sales and marketing financial service,SPK DAN PKS
Adendum Kedua Perjanjian Kerja Sama Nomor PKS 037/DIR-4/0223 antara Direktorat Jaminan Sosial Direktorat Jenderal Perlindungan dan Jaminan Sosial Kementerian Sosial RI dengan PT Pos Indonesia (Persero) tentang Penyaluran Bantuan Sosial Program Keluarga Harapan Tahun 2023 Nomor : PKS 170/DIR- 4/0723,Direktur Bisnis Jasa Keuangan;,812 - SPK dan PKS,adendum kedua perjanjian kerja sama nomor pks 037dir40223 antara direktorat jaminan sosial direktorat jenderal perlindungan dan jaminan sosial kementerian sosial ri dengan pt pos indonesia persero tentang penyaluran bantuan sosial program keluarga harapan tahun 2023 nomor pks 170dir 40723 direktur bisnis jasa keuangan,SPK DAN PKS
Adendum Kedua Perjanjian Kerja Sama tentang Layanan Transfer Uang antara PT Pos Indonesia (Persero) dengan Mastercard Transaction Services (US) LLC,Direktur Bisnis Jasa Keuangan;,813 - SPK dan PKS,adendum kedua perjanjian kerja sama tentang layanan transfer uang antara pt pos indonesia persero dengan mastercard transaction services us llc direktur bisnis jasa keuangan,SPK DAN PKS
Perjanjian antara PT Pos Indonesia (Persero) dengan PP Arghajata Consulting tentang Pekerjaan Pengadaan Jasa Konsultan master Plan Jasa Keuangan PT Pos Indonesia (Persero) Nomor : 80/SPBT/0623,SVP Strategic Planning and Business Development;,814 - SPK dan PKS,perjanjian antara pt pos indonesia persero dengan pp arghajata consulting tentang pekerjaan pengadaan jasa konsultan master plan jasa keuangan pt pos indonesia persero nomor 80spbt0623 svp strategic planning and business development,SPK DAN PKS
Perjanjian antara PT Pos Indonesia (Persero) dan PT Bahana Kapital Investa tentang Pekerjaan Pengadaan Konsultan Kajian Kelayakan Transformasi Bisnis dan Penyehatan Perusahaan melalui Debt to Equity Swap PT Pos Finansial Indonesia Nomor : 83/SPBT/0623,Pjs SVP Strategic Planning and Business Development;,816 - SPK dan PKS,perjanjian antara pt pos indonesia persero dan pt bahana kapital investa tentang pekerjaan pengadaan konsultan kajian kelayakan transformasi bisnis dan penyehatan perusahaan melalui debt to equity swap pt pos finansial indonesia nomor 83spbt0623 pjs svp strategic planning and business development,SPK DAN PKS
Perjanjian Induk antara PT Pos Indonesia (Persero) dengan PT Bank Muamalat Indonesia Tbk tentang Kerja Sama Integrasi Layanan Transaksional  Pembiayaan Syariah  Investasi dan Ekosistem Hajj Umrah Nomor : PKS 188/DIR- 4/0723,Direktur Bisnis Jasa Keuangan;,817 - SPK dan PKS,perjanjian induk antara pt pos indonesia persero dengan pt bank muamalat indonesia tbk tentang kerja sama integrasi layanan transaksional pembiayaan syariah investasi dan ekosistem hajj umrah nomor pks 188dir 40723 direktur bisnis jasa keuangan,SPK DAN PKS
Adendum Kedua atas Perjanjian Kerja Sama Nomor : PKS 039/SVP Retail Business antara PT Shopee International Indonesia dengan PT Pos Indonesia (Persero) tentang Layanan Pengiriman Barang,SVP Retail Business;,818 - SPK dan PKS,adendum kedua atas perjanjian kerja sama nomor pks 039svp retail business antara pt shopee international indonesia dengan pt pos indonesia persero tentang layanan pengiriman barang svp retail business,SPK DAN PKS
1. Surat Perintah Kerja Nomor: 71/SPBT/0623 2. Perjanjian tentang Pekerjaan Pengadaan Konsultan Penyusunan Kajian Bersama Roadmap Implementasi Integrasi Bisnis Logistik Project Management Office (PMO) Implementasi Percepatan Peningkatan Sinergi dan Integrasi Logistik Indonesia. Nomor : 06/PKS/Con/VI/2023,Direktur Operasi dan Digital Services;,819 - SPK dan PKS,1 surat perintah kerja nomor 71spbt0623 2 perjanjian tentang pekerjaan pengadaan konsultan penyusunan kajian bersama roadmap implementasi integrasi bisnis logistik project management office pmo implementasi percepatan peningkatan sinergi dan integrasi logistik indonesia nomor 06pksconvi2023 direktur operasi dan digital services,SPK DAN PKS
Perjanjian Kerahasiaan dengan PT Bank Artha Graha Internasional  Tbk,Direktur Bisnis Jasa Keuangan;,820 - SPK dan PKS,perjanjian kerahasiaan dengan pt bank artha graha internasional tbk direktur bisnis jasa keuangan,SPK DAN PKS
Perjanjian Kerja Sama antara Direktorat Jenderal Rehabilitasi Sosial Kementerian Sosial dengan PT Pos Indonesia (Persero) Nomor : PKS 161/DIR- 4/0723 tentang Penyaluran Pemberian Permakanan bagi Penyandang Disabilitas Tahun 2023,Direktur Bisnis Jasa Keuangan;,821 - SPK dan PKS,perjanjian kerja sama antara direktorat jenderal rehabilitasi sosial kementerian sosial dengan pt pos indonesia persero nomor pks 161dir 40723 tentang penyaluran pemberian permakanan bagi penyandang disabilitas tahun 2023 direktur bisnis jasa keuangan,SPK DAN PKS
Keputusan Direksi tentang Alokasi Anggaran Investasi/Belanja Modal (Capital Expenditure) PT Pos Indonesia (Persero) Tahun 2023,Direktur Utama;,822 - KD,keputusan direksi tentang alokasi anggaran investasibelanja modal capital expenditure pt pos indonesia persero tahun 2023 direktur utama,KD
Keputusan Direksi tentang Sub Bagian di Kantor Pusat,Direktur Utama;,823 - KD,keputusan direksi tentang sub bagian di kantor pusat direktur utama,KD
Keputusan Direksi Nomor : KD 52/DIR-3/0623 tentang War Room Pengendalian Operasi,Direktur Operasi dan Digital Services;,825 - KD,keputusan direksi nomor kd 52dir30623 tentang war room pengendalian operasi direktur operasi dan digital services,KD
Penunjukan Panitia 277 tahun Pos Indonesia,VP Manajemen Keuangan;,826 - Surat Dinas,penunjukan panitia 277 tahun pos indonesia vp manajemen keuangan,SURAT DINAS
Keputusan Direksi Nomor : KD 059/DIRUT/0723 tentang Pilot Project Digitalisasi dan Otomasi Operasi Kurir dan Logistik di Sentral Pengolahan Pos Jakarta 13400 dan Sentral Pengolahan Pos Surabaya 60400,Direktur Utama;,827 - KD,keputusan direksi nomor kd 059dirut0723 tentang pilot project digitalisasi dan otomasi operasi kurir dan logistik di sentral pengolahan pos jakarta 13400 dan sentral pengolahan pos surabaya 60400 direktur utama,KD
Pakta Integritas,VP Kesekretariatan;,828 - Surat Dinas,pakta integritas vp kesekretariatan,SURAT DINAS
Permohonan Narasumber dalam Acara UMKM Week 2023 Provinsi Banten,Kepala Kanwil DJBC Banten selaku Ketua Pokja UMKM,829 - Surat Dinas,permohonan narasumber dalam acara umkm week 2023 provinsi banten kepala kanwil djbc banten selaku ketua pokja umkm,SURAT DINAS
Somasi II,Kuasa Hukum PT Glostar Indonesia,830 - Surat Dinas,somasi ii kuasa hukum pt glostar indonesia,SURAT DINAS
Proposal Kegiatan,Panitia Pelaksana Indonesia Industrial Summit (IIS),831 - proposal,proposal kegiatan panitia pelaksana indonesia industrial summit iis,PROPOSAL
SPK/PKS,Karyadi (kumpos);,833 - SPK dan PKS,spkpks karyadi kumpos,SPK DAN PKS
Optimasi Kampanye Layanan BAZNAS di PT Pos Indonesia (Persero),Ketua Badan Amil Zakat Nasional Republik Indonesia (BAZNAS),834 - Surat Dinas,optimasi kampanye layanan baznas di pt pos indonesia persero ketua badan amil zakat nasional republik indonesia baznas,SURAT DINAS
SPK/PKS div hukum (karyadi),Corporate Secretary;,836 - SPK dan PKS,spkpks div hukum karyadi corporate secretary,SPK DAN PKS
Risalah Radir  Selasa 8 Agustus 2023,Direksi;,837 - risalah,risalah radir selasa 8 agustus 2023 direksi,RISALAH
Permohonan Sponsorship RAKORNAS,Ketua Badan Amil Zakat Nasional Republik Indonesia,838 - Surat Dinas,permohonan sponsorship rakornas ketua badan amil zakat nasional republik indonesia,SURAT DINAS
Partisipasi Pameran The 6th BUMN-UMKM Great Sale 2023 dalam rangka Solo Great Sale 2023,Panitia Pelaksana The 6th BUMN- UMKM Great Sale 2023,839 - proposal,partisipasi pameran the 6th bumnumkm great sale 2023 dalam rangka solo great sale 2023 panitia pelaksana the 6th bumn umkm great sale 2023,PROPOSAL
Perjanjian Kerja Sama antara PT Pos Indonesia (Persero) dengan PT Sunday Ins Indonesia tentang Pemasaran Produk Asuransi melalui Loket dan Aplikasi Online Nomor : PKS 293/DIR- 4/1222,Direktur Bisnis Jasa Keuangan;,840 - SPK dan PKS,perjanjian kerja sama antara pt pos indonesia persero dengan pt sunday ins indonesia tentang pemasaran produk asuransi melalui loket dan aplikasi online nomor pks 293dir 41222 direktur bisnis jasa keuangan,SPK DAN PKS
Surat Edaran tentang Penetapan Risk Champion Kantor Pusat  Kantor Regional  KCU dan KC di PT Pos Indonesia (Persero),Direktur Keuangan dan Manajemen Risiko;,842 - SE,surat edaran tentang penetapan risk champion kantor pusat kantor regional kcu dan kc di pt pos indonesia persero direktur keuangan dan manajemen risiko,SE
Surat Keputusan Direksi Nomor : SK 1251/DIRUT/0623 tentang Pembentukan Komite Anti Fraud PT Pos Indonesia (Persero),Direktur Utama;,843 - SK,surat keputusan direksi nomor sk 1251dirut0623 tentang pembentukan komite anti fraud pt pos indonesia persero direktur utama,SK
Surat Keputusan Direksi Nomor :SK 1349/DIRUT/0623 tentang Tim Implementasi Robotik dan Radio Frequency Identification (RFID) di SPP Jakarta 13400 dan SPP Surabaya 60400,Direktur Utama;,844 - SK,surat keputusan direksi nomor sk 1349dirut0623 tentang tim implementasi robotik dan radio frequency identification rfid di spp jakarta 13400 dan spp surabaya 60400 direktur utama,SK
Kebijakan dan Implementasi Program P3SDM,Dewan Pengurus Pusat Serikat Pekerja Pos Indonesia,845 - Surat Dinas,kebijakan dan implementasi program p3sdm dewan pengurus pusat serikat pekerja pos indonesia,SURAT DINAS
Undangan Pelatihan,PT Citra Multisolusi Indonesia,846 - Surat Dinas,undangan pelatihan pt citra multisolusi indonesia,SURAT DINAS
Iklan Kemitraan Bersama,Direktur Utama PT True Finance,847 - Surat Dinas,iklan kemitraan bersama direktur utama pt true finance,SURAT DINAS
Public Training  In House & Penanganan Kredit Macet,P. Hadisaputro Law Office,848 - Surat Dinas,public training in house penanganan kredit macet p hadisaputro law office,SURAT DINAS
Proposal,Direktur PT Synerga Tata Internasional,849 - Surat Dinas,proposal direktur pt synerga tata internasional,SURAT DINAS
Dukungan Sponsor,Kepala Pusat Kajian Publik Bisnis dan Industri ITS,850 - proposal,dukungan sponsor kepala pusat kajian publik bisnis dan industri its,PROPOSAL
Dukungan Sponsor,Kepala Pusat Kajian Publik Bisnis dan Industri ITS,851 - proposal,dukungan sponsor kepala pusat kajian publik bisnis dan industri its,PROPOSAL
Perjanjian Kerja Sama antara PT Pos Indonesia (Persero) dengan PT Interindo Artha Kreasi tentang Pengelolaan Tempat Penguangan Tunai,SVP Sales and Marketing Financial Service;,852 - SPK dan PKS,perjanjian kerja sama antara pt pos indonesia persero dengan pt interindo artha kreasi tentang pengelolaan tempat penguangan tunai svp sales and marketing financial service,SPK DAN PKS
Permohonan Sponsorship,Dewan Pengurus Pusat Indonesia Home Stay Association (IHSA),853 - proposal,permohonan sponsorship dewan pengurus pusat indonesia home stay association ihsa,PROPOSAL
Rekomendasi,Pengurus Majelis Wakil Cabang Nahdlatul Ulama (MWC NU) Kabupaten Gunungkidul,854 - Surat Dinas,rekomendasi pengurus majelis wakil cabang nahdlatul ulama mwc nu kabupaten gunungkidul,SURAT DINAS
Corporate Image Award 2023,Corporate Image (IMAC) Committee,855 - Surat Dinas,corporate image award 2023 corporate image imac committee,SURAT DINAS
"Undangan Seminar ""Edutech Seminar Develop Our Network Security""",Direktur PT Bhakti Unggul Teknovasi,857 - Surat Dinas,undangan seminar edutech seminar develop our network security direktur pt bhakti unggul teknovasi,SURAT DINAS
Permohonan Kerjasama Sponsorship/Bantuan Donatur,Panitia Bulan Bhakti Karang Taruna (BBKT) Ke-62 Kota Surabaya,858 - proposal,permohonan kerjasama sponsorshipbantuan donatur panitia bulan bhakti karang taruna bbkt ke62 kota surabaya,PROPOSAL
Proposal Peningkatan Kapabilitas Karyawan dan Manajemen,Chairman PT Hasanah Raya Cipta,859 - proposal,proposal peningkatan kapabilitas karyawan dan manajemen chairman pt hasanah raya cipta,PROPOSAL
Partisipasi Pemasangan Iklan pada Majalah KADIN,Ketua Umum Kamar Dagang dan Industri Jawa Barat (KADIN),860 - Surat Dinas,partisipasi pemasangan iklan pada majalah kadin ketua umum kamar dagang dan industri jawa barat kadin,SURAT DINAS
Feasibility Study Usulan Belanja Investasi RKAP 2023 Program Kerja : Pengembangan Data Analytics,Direktur Operasi dan Digital Services;,861 - Surat Dinas,feasibility study usulan belanja investasi rkap 2023 program kerja pengembangan data analytics direktur operasi dan digital services,SURAT DINAS
Perjanjian Kerja Waktu Tertentu antara PT Pos Indonesia (Persero) dengan Aditya Dwi Lingga Wowor sebagai Tenaga Kerja Profesional Perusahaan Nomor : PKS 174/DIR- 5/0723,Direktur Bisnis Kurir dan Logistik;,862 - SPK dan PKS,perjanjian kerja waktu tertentu antara pt pos indonesia persero dengan aditya dwi lingga wowor sebagai tenaga kerja profesional perusahaan nomor pks 174dir 50723 direktur bisnis kurir dan logistik,SPK DAN PKS
SPK,VP Kesekretariatan;,863 - SPK dan PKS,spk vp kesekretariatan,SPK DAN PKS
Permohonan Partisipasi Iklan Logo Perusahaan Ucapan Bersama dalam rangka HUT Kemerdekaan RI ke-78 Tahun 2023,Direktur LPPI Your Strategic Partner,864 - Surat Dinas,permohonan partisipasi iklan logo perusahaan ucapan bersama dalam rangka hut kemerdekaan ri ke78 tahun 2023 direktur lppi your strategic partner,SURAT DINAS
Invitation to Participate in the UPU Strategy Summit 2023 in Riyadh  Saudi Arabia (4 and 5 October 2023),Director General Universal Postal Union (UPU),865 - Surat Dinas,invitation to participate in the upu strategy summit 2023 in riyadh saudi arabia 4 and 5 october 2023 director general universal postal union upu,SURAT DINAS
Permohonan Sponsor,Pegolf Senior Angkatan Laut (PESAL),866 - Surat Dinas,permohonan sponsor pegolf senior angkatan laut pesal,SURAT DINAS
Permohonan Audiensi  Diskusi & Kolaborasi Program UMKM/Kewirausahaan,Kepala Inkubator Bisnis Umar Usman  Umar Usman Foundation,867 - Surat Dinas,permohonan audiensi diskusi kolaborasi program umkmkewirausahaan kepala inkubator bisnis umar usman umar usman foundation,SURAT DINAS
Permintaan Pembayaran Biaya Sewa Kendaraan Bermotor Roda 4 sebanyak 8 Unit untuk bulan Juni  Juli  Agustus 2023,Koperasi Usaha Bersama Kantor Regional 9 Banjarbaru,868 - Surat Dinas,permintaan pembayaran biaya sewa kendaraan bermotor roda 4 sebanyak 8 unit untuk bulan juni juli agustus 2023 koperasi usaha bersama kantor regional 9 banjarbaru,SURAT DINAS
Permintaan Pelunasan Tunggakan Pembayaran Biaya Kontrak Angkutan Kirimanpos Sekunder Kalimantan dan Rembes Ferry Penyeberangan bulan Mei Juni dan Juli 2023,Direktur CV kiPOS Usaha Bersama,869 - Surat Dinas,permintaan pelunasan tunggakan pembayaran biaya kontrak angkutan kirimanpos sekunder kalimantan dan rembes ferry penyeberangan bulan mei juni dan juli 2023 direktur cv kipos usaha bersama,SURAT DINAS
Pelaksanaan Survei Penilaian Integritas Direktorat Jenderal Anggaran Tahun 2023,a.n Direktur Jenderal Anggaran  Sekretaris Direktorat Jenderal Anggaran Kementerian Keuangan RI,870 - Surat Dinas,pelaksanaan survei penilaian integritas direktorat jenderal anggaran tahun 2023 an direktur jenderal anggaran sekretaris direktorat jenderal anggaran kementerian keuangan ri,SURAT DINAS
Pemberitahuan Pertama,Kepala Kantor Pertanahan Kota Bandung  Kementerian Agraria dan Tata Ruang,871 - Surat Dinas,pemberitahuan pertama kepala kantor pertanahan kota bandung kementerian agraria dan tata ruang,SURAT DINAS
Permohonan In Depth Interview Market Research,Direktur PT Bisnis Indonesia Konsultan,872 - Surat Dinas,permohonan in depth interview market research direktur pt bisnis indonesia konsultan,SURAT DINAS
Penawaran Kerjasama Sponsorship Conference ASEAN Federation Engineering Organisations (CAFEO) ke-41 di Nusa Dua  Bali,Pengurus Pusat Persatuan Insinyur Indonesia,873 - proposal,penawaran kerjasama sponsorship conference asean federation engineering organisations cafeo ke41 di nusa dua bali pengurus pusat persatuan insinyur indonesia,PROPOSAL
Partisipasi Ucapan Selamat,Digital Marketing Jabar Ekspres,874 - Surat Dinas,partisipasi ucapan selamat digital marketing jabar ekspres,SURAT DINAS
Batas Akhir Laporan sehubungan Pencabutan Status Pandemi Covid-19,Direktur Departemen Pengelolaan dan Kepatuhan Laporan  Bank Indonesia,875 - Surat Dinas,batas akhir laporan sehubungan pencabutan status pandemi covid19 direktur departemen pengelolaan dan kepatuhan laporan bank indonesia,SURAT DINAS
Berita Acara (BU EVI),Corporate Secretary;,876 - BA,berita acara bu evi corporate secretary,BA
SPK div hukum (karyadi),Corsec;,877 - SPK dan PKS,spk div hukum karyadi corsec,SPK DAN PKS
Risalah Radir  Selasa 15 Agustus 2023,Direksi;,878 - risalah,risalah radir selasa 15 agustus 2023 direksi,RISALAH
PKS antara PT Pos Indonesia (Persero) dengan PT Pos Finansial Indonesia tentang Pekerjaan Pengadaan Jasa Redesain dan Pengembangan Website PIOL,Corporate Secretary;,879 - SPK dan PKS,pks antara pt pos indonesia persero dengan pt pos finansial indonesia tentang pekerjaan pengadaan jasa redesain dan pengembangan website piol corporate secretary,SPK DAN PKS
Surat Edaran Nomor : SE 002/DIR-1/0123 tentang Pagu Kas dan Setara Kas yang Boleh Ditahan Tahun 2023,Direktur Keuangan dan Manajemen Risiko;,880 - SE,surat edaran nomor se 002dir10123 tentang pagu kas dan setara kas yang boleh ditahan tahun 2023 direktur keuangan dan manajemen risiko,SE
Proposal Kirab Merah Putih 7 Tulungagung 2023,Panitia Pelaksana Kirab Merah Putih 7  Ikatan Motor Pos Indonesia Tulungagung,881 - proposal,proposal kirab merah putih 7 tulungagung 2023 panitia pelaksana kirab merah putih 7 ikatan motor pos indonesia tulungagung,PROPOSAL
Batas Waktu Pemenuhan Kewajiban Kepemilikan Sertifikat Bidang Sistem Pembayaran dan Pengelolaan Uang Rupiah (SPPUR) Tahap 1 bagi Pelaksana,Direktur Eksekutif  Kepala Departemen Penyelenggaraan Sistem Pembayaran Bank Indonesia,882 - Surat Dinas,batas waktu pemenuhan kewajiban kepemilikan sertifikat bidang sistem pembayaran dan pengelolaan uang rupiah sppur tahap 1 bagi pelaksana direktur eksekutif kepala departemen penyelenggaraan sistem pembayaran bank indonesia,SURAT DINAS
Tanggapan atas Hukdis an Dasrizal Hardi selaku Ketua DPC SPPI-KB Pekanbaru,SPPI Kuat Bermartabat  Dewan Pengurus Wilayah Sumbar Riau Kepri,883 - Surat Dinas,tanggapan atas hukdis an dasrizal hardi selaku ketua dpc sppikb pekanbaru sppi kuat bermartabat dewan pengurus wilayah sumbar riau kepri,SURAT DINAS
Penyelenggaraan Kompetisi The Asset Manager 2023,Direktur Utama Lembaga Manajemen Aset Negara  Kementerian Keuangan RI,884 - Surat Dinas,penyelenggaraan kompetisi the asset manager 2023 direktur utama lembaga manajemen aset negara kementerian keuangan ri,SURAT DINAS
Kerahasiaan Data Pribadi dan Rekening Penyaluran Bantuan Sosial,Menteri Sosial Republik Indonesia,885 - Surat Dinas,kerahasiaan data pribadi dan rekening penyaluran bantuan sosial menteri sosial republik indonesia,SURAT DINAS
Permohonan Informasi,a.n Direktur Reserse Kriminal Umum Polda Kepri  Kasubdit 1,886 - Surat Dinas,permohonan informasi an direktur reserse kriminal umum polda kepri kasubdit 1,SURAT DINAS
Undangan Kegiatan Liaison : Perolehan Informasi Data dan Kondisi Dunia Usaha,Direktur Kantor Perwakilan Bank Indonesia Provinsi Jawa Barat,887 - Surat Dinas,undangan kegiatan liaison perolehan informasi data dan kondisi dunia usaha direktur kantor perwakilan bank indonesia provinsi jawa barat,SURAT DINAS
Penawaran sebagai Pemasok Beras,Direktur Bisnis Perum BULOG,888 - Surat Dinas,penawaran sebagai pemasok beras direktur bisnis perum bulog,SURAT DINAS
Pemenuhan Kewajiban Pelaporan dan Penyetoran PPN yang dipungut oleh Pemungut PPN Tahun Pajak 2022,Kepala Kantor Pelayanan Pajak Wajib Pajak Besar Empat  Kementerian Keuangan RI,889 - Surat Dinas,pemenuhan kewajiban pelaporan dan penyetoran ppn yang dipungut oleh pemungut ppn tahun pajak 2022 kepala kantor pelayanan pajak wajib pajak besar empat kementerian keuangan ri,SURAT DINAS
Permohonan Dukungan dalam rangka HUT Kemnaker ke-76,Panitia HUT Kemnaker ke-76  Kementerian Ketenagakerjaan RI,890 - proposal,permohonan dukungan dalam rangka hut kemnaker ke76 panitia hut kemnaker ke76 kementerian ketenagakerjaan ri,PROPOSAL
Permohonan Bantuan,Yayasan Pendidikan Asuhan Anak Bangsa (YPAAB),891 - Surat Dinas,permohonan bantuan yayasan pendidikan asuhan anak bangsa ypaab,SURAT DINAS
"Undangan Partisipasi dan Keikutsertaan ""Batu Expo 2023 & Pekan Buah dan Tanaman Hias""",Ketua Pelaksana PT Aaliyah Cipta Pradana,892 - proposal,undangan partisipasi dan keikutsertaan batu expo 2023 pekan buah dan tanaman hias ketua pelaksana pt aaliyah cipta pradana,PROPOSAL
Permohonan Bantuan Dana Pembangunan Asrama,Pondok Pesantren Nurul Huda Ciamis,893 - proposal,permohonan bantuan dana pembangunan asrama pondok pesantren nurul huda ciamis,PROPOSAL
Penerbitan Iklan Bersama HUT ke 22 Tahun Kementerian Komunikasi dan Informatika RI,Ketua Koperasi Kementerian Komunikasi dan Informatika,894 - Surat Dinas,penerbitan iklan bersama hut ke 22 tahun kementerian komunikasi dan informatika ri ketua koperasi kementerian komunikasi dan informatika,SURAT DINAS
Permohonan Bantuan Dana,Yayasan Saleh Dawa Asa,895 - Surat Dinas,permohonan bantuan dana yayasan saleh dawa asa,SURAT DINAS
Penawaran Kerjasama Sponsorship OCEANO 2023,Ketua Himpunan Mahasiswa Teknik Kelautan  Institut Teknologi Sepuluh Nopember,896 - Surat Dinas,penawaran kerjasama sponsorship oceano 2023 ketua himpunan mahasiswa teknik kelautan institut teknologi sepuluh nopember,SURAT DINAS
Permohonan Sponsorship/Partisipasi,Persatuan Keluarga Besar Purnawirawan POLRI (PP POLRI) Pengurus Daerah Bali,897 - proposal,permohonan sponsorshippartisipasi persatuan keluarga besar purnawirawan polri pp polri pengurus daerah bali,PROPOSAL
Relaas Panggilan (Surat Tercatat). Panggilan Sidang ke-2,Jurusita Pengganti  Pengadilan Negeri Bandung Kelas IA Khusus,898 - Surat Dinas,relaas panggilan surat tercatat panggilan sidang ke2 jurusita pengganti pengadilan negeri bandung kelas ia khusus,SURAT DINAS
Berita Acara (Bu Evi),Corsec;,899 - BA,berita acara bu evi corsec,BA
Partisipasi Pemasangan Iklan pada Majalah Alumni IA ITB Jakarta,Ikatan Alumni ITB Jakarta,900 - Surat Dinas,partisipasi pemasangan iklan pada majalah alumni ia itb jakarta ikatan alumni itb jakarta,SURAT DINAS
Brosur,Direktur Indonesia Training Institute & Consulting Services (Intrinsics),901 - Surat Dinas,brosur direktur indonesia training institute consulting services intrinsics,SURAT DINAS
Permohonan Bantuan Dana,Aliansi Komunitas Pengrajin Pedagang Jasa (AKP2J),902 - Surat Dinas,permohonan bantuan dana aliansi komunitas pengrajin pedagang jasa akp2j,SURAT DINAS
Keberatan atas Prospek Program Pospay Kios terhadap Kios SM,Wilya Fatayani  Calon Mitra Pospay Kios,903 - Surat Dinas,keberatan atas prospek program pospay kios terhadap kios sm wilya fatayani calon mitra pospay kios,SURAT DINAS
Keputusan Kepala Badan Pendapatan Daerah tentang Pemberian Pengurangan Pokok Pajak Bumi dan Bangunan (PBB) atas nama Perum Pos dan Giro,Kepala Badan Pendapatan Daerah  Kepala Bidang PAD 2,904 - Surat Dinas,keputusan kepala badan pendapatan daerah tentang pemberian pengurangan pokok pajak bumi dan bangunan pbb atas nama perum pos dan giro kepala badan pendapatan daerah kepala bidang pad 2,SURAT DINAS
Dukungan Pelaksanaan Event Tanah Papua in Development Outlook Expo & Forum 2023,Gubernur Papua Barat,905 - proposal,dukungan pelaksanaan event tanah papua in development outlook expo forum 2023 gubernur papua barat,PROPOSAL
Brosur,Direktur Indonesia Training Institute & Consulting Services,906 - Surat Dinas,brosur direktur indonesia training institute consulting services,SURAT DINAS
Proposal Penawaran Kerjasama (Retainer),Firma Hukum LJA Pengacara & Konsultan Hukum,907 - Surat Dinas,proposal penawaran kerjasama retainer firma hukum lja pengacara konsultan hukum,SURAT DINAS
Business Case Usulan Belanja Investasi RKAP 2023 Program Kerja : Pemenuhan Syarat Compliance Sub Proker : Pengembangan Aplikasi Fraud Detection System,Direktur Operasi dan Digital Services;,908 - Surat Dinas,business case usulan belanja investasi rkap 2023 program kerja pemenuhan syarat compliance sub proker pengembangan aplikasi fraud detection system direktur operasi dan digital services,SURAT DINAS
Surat Perintah Kerja PT Naga Reka Gemilang,Leonard Greeber;,909 - SPK dan PKS,surat perintah kerja pt naga reka gemilang leonard greeber,SPK DAN PKS
SPK/PKS div hukum (karyadi),Corsec;,910 - SPK dan PKS,spkpks div hukum karyadi corsec,SPK DAN PKS
Iklan Kemitraan,Koperasi Pegawai Kementerian Agama RI,911 - proposal,iklan kemitraan koperasi pegawai kementerian agama ri,PROPOSAL
Penawaran Sponsorship acara Halaqoh Nasional Pengasuh Pesantren,Perhimpunan Pengembangan Pesantren dan Masyarakat (P3M),912 - proposal,penawaran sponsorship acara halaqoh nasional pengasuh pesantren perhimpunan pengembangan pesantren dan masyarakat p3m,PROPOSAL
Saran dan Rekomendasi Transformasi Bisnis PT Pos Indonesia (Persero),Muslim Anshori - KCU Palembang 30000,913 - surat pribadi,saran dan rekomendasi transformasi bisnis pt pos indonesia persero muslim anshori kcu palembang 30000,SURAT PRIBADI
Perjanjian Kerja Sama antara Direktorat Jenderal Rehabilitasi Sosial Kementerian Sosial dengan PT Pos Indonesia (Persero) Nomor : PKS 160/DIR- 4/0723 tentang Penyaluran Bantuan Permakanan bagi Lanjut Usia Keluarga Tunggal Tahun 2023,Direktur Bisnis Jasa Keuangan;,914 - SPK dan PKS,perjanjian kerja sama antara direktorat jenderal rehabilitasi sosial kementerian sosial dengan pt pos indonesia persero nomor pks 160dir 40723 tentang penyaluran bantuan permakanan bagi lanjut usia keluarga tunggal tahun 2023 direktur bisnis jasa keuangan,SPK DAN PKS
Risalah Ratas (P Fery),Corsec;,915 - Surat Dinas,risalah ratas p fery corsec,SURAT DINAS
Permohonan Survey a.n Muhammad Fathan Najmi (08811468309),Wakil Dekan Bidang Akademik Institut Teknologi Nasional,916 - Surat Dinas,permohonan survey an muhammad fathan najmi 08811468309 wakil dekan bidang akademik institut teknologi nasional,SURAT DINAS
SPK (Bu EVI),Corporate Secretary;,917 - SPK dan PKS,spk bu evi corporate secretary,SPK DAN PKS
Risalah Radir  Selasa 22 Agustus 2023,Direksi;,918 - risalah,risalah radir selasa 22 agustus 2023 direksi,RISALAH
Keputusan Direksi tentang Hari dan Jam Kerja,Direktur Utama;,919 - KD,keputusan direksi tentang hari dan jam kerja direktur utama,KD
PKS div Hukum (Karyadi),Corsec;,921 - SPK dan PKS,pks div hukum karyadi corsec,SPK DAN PKS
Petikan Risalah Radir Terbatas tgl 22 Agustus 2023,Corporate Secretary;,922 - risalah,petikan risalah radir terbatas tgl 22 agustus 2023 corporate secretary,RISALAH
PKS Div Hukum (karyadi),Corsec;,923 - SPK dan PKS,pks div hukum karyadi corsec,SPK DAN PKS
Perjanjian Kerja Sama antara PT Pos Indonesia (Persero) dengan PT Goopo Inovasi Indonesia tentang Layanan Pembayaran Billing Goopo pada Jaringan Layanan Pos Nomor : 194/DIR-4/0823,Direktur Bisnis Jasa Keuangan;,924 - SPK dan PKS,perjanjian kerja sama antara pt pos indonesia persero dengan pt goopo inovasi indonesia tentang layanan pembayaran billing goopo pada jaringan layanan pos nomor 194dir40823 direktur bisnis jasa keuangan,SPK DAN PKS
Risalah Ratas perihal Penunjukan Coach Indra Syafri sebagai Brand Ambasador Pospay,Corporate Secretary;,925 - risalah,risalah ratas perihal penunjukan coach indra syafri sebagai brand ambasador pospay corporate secretary,RISALAH
Pemberitahuan HUT Pos Indonesia Ke-277,Kepala Biro Umum Provinsi Jawa Barat;,926 - Surat Dinas,pemberitahuan hut pos indonesia ke277 kepala biro umum provinsi jawa barat,SURAT DINAS
Nota Kesepahaman antara Badan Nasional Penanggulangan Bencana (BNPB) dengan PT Pos Indonesia (Persero) tentang Pemanfaatan Jasa dan Potensi Para Pihak dalam Penyelenggaraan Penanggulangan Bencana Nomor : MOU 210/DIRUT/0823,Direktur Utama;,927 - SPK dan PKS,nota kesepahaman antara badan nasional penanggulangan bencana bnpb dengan pt pos indonesia persero tentang pemanfaatan jasa dan potensi para pihak dalam penyelenggaraan penanggulangan bencana nomor mou 210dirut0823 direktur utama,SPK DAN PKS
Perjanjian Kerja Sama antara Badan Pelindungan Pekerja Migran Indonesia dengan PT Pos Indonesia (Persero) tentang Pengiriman Dokumen dan Barang di Lingkungan Badan Pelindungan Pekerja Migran Indonesia Nomor : PKS 204/DIR-5/0823,SVP Enterprise Business;,928 - SPK dan PKS,perjanjian kerja sama antara badan pelindungan pekerja migran indonesia dengan pt pos indonesia persero tentang pengiriman dokumen dan barang di lingkungan badan pelindungan pekerja migran indonesia nomor pks 204dir50823 svp enterprise business,SPK DAN PKS
Nota Kesepahaman tentang Pemanfaatan Jasa dan Potensi masing-masing Pihak antara PT Administrasi Medika dengan PT Pos Indonesia (Persero) Nomor : MOU 212/DIRUT/0823,Direktur Utama;,929 - SPK dan PKS,nota kesepahaman tentang pemanfaatan jasa dan potensi masingmasing pihak antara pt administrasi medika dengan pt pos indonesia persero nomor mou 212dirut0823 direktur utama,SPK DAN PKS
Permintaan ATK,Manajer Rumah Tangga;,930 - Surat Dinas,permintaan atk manajer rumah tangga,SURAT DINAS
Laporan Uji Coba DRC terhadap Core Giro System (CGS),Direktur Operasi dan Digital Services;,932 - laporan,laporan uji coba drc terhadap core giro system cgs direktur operasi dan digital services,LAPORAN
Surat Penunjukan,Subadriansyah;,934 - Surat Dinas,surat penunjukan subadriansyah,SURAT DINAS
Permohonan Pengisian Kuesioner Corporate Governance Perception Index (CGPI) 2022 PT Taspen (Persero),Direktur Utama PT Taspen (Persero),935 - Surat Dinas,permohonan pengisian kuesioner corporate governance perception index cgpi 2022 pt taspen persero direktur utama pt taspen persero,SURAT DINAS
Tanggapan Dewan Komisaris atas Laporan Manajemen bulan Juni 2023 PT Pos Logistik Indonesia,Komisaris Utama PT Pos Logistik Indonesia,936 - Surat Dinas,tanggapan dewan komisaris atas laporan manajemen bulan juni 2023 pt pos logistik indonesia komisaris utama pt pos logistik indonesia,SURAT DINAS
Laporan Pelaksanaan Tugas Pengawasan Dewan Komisaris bulan Juni 2023,Komisaris Utama PT Pos Logistik Indonesia,937 - Surat Dinas,laporan pelaksanaan tugas pengawasan dewan komisaris bulan juni 2023 komisaris utama pt pos logistik indonesia,SURAT DINAS
Permohonan sebagai Konsultan Hukum Rekanan Pos Indonesia,Managing Partner Dewi Djalal & Partners,938 - Surat Dinas,permohonan sebagai konsultan hukum rekanan pos indonesia managing partner dewi djalal partners,SURAT DINAS
Pembelaan Anggota a.n Riski Fajar Setyobudi,Dewan Pengurus Wilayah VI SPPI Jawa Tengah dan DIY,939 - Surat Dinas,pembelaan anggota an riski fajar setyobudi dewan pengurus wilayah vi sppi jawa tengah dan diy,SURAT DINAS
Undangan untuk mengikuti Pameran Filateli di Serbia dan Rencana Kerja Sama,Acting Director of PE Post of Serbia  Belgrade,940 - Surat Dinas,undangan untuk mengikuti pameran filateli di serbia dan rencana kerja sama acting director of pe post of serbia belgrade,SURAT DINAS
Permohonan Sponsor/Donatur,Ketua PP Polri Daerah Metro Jaya,941 - Surat Dinas,permohonan sponsordonatur ketua pp polri daerah metro jaya,SURAT DINAS
Berita Acara Rekonsiliasi Data Pendukung SIM LPU Triwulan II Tahun 2023 Nomor : Pos 72403/KN 900/P06/2023,DIR-3 dan DIR-6;,942 - BA,berita acara rekonsiliasi data pendukung sim lpu triwulan ii tahun 2023 nomor pos 72403kn 900p062023 dir3 dan dir6,BA
Partisipasi Iklan kemitraan,Sekretaris Perusahaan PT Asuransi Asei Indonesia,943 - Surat Dinas,partisipasi iklan kemitraan sekretaris perusahaan pt asuransi asei indonesia,SURAT DINAS
Permohonan Audiensi Jasa Konsultasi dan Verifikasi Tingkat Komponen Dalam Negeri (TKDN),Vice President DBS Infrastructure (ID Survey),944 - Surat Dinas,permohonan audiensi jasa konsultasi dan verifikasi tingkat komponen dalam negeri tkdn vice president dbs infrastructure id survey,SURAT DINAS
Kandidat Penerima Penghargaan,Business in Asia Indonesia,945 - Surat Dinas,kandidat penerima penghargaan business in asia indonesia,SURAT DINAS
Pengajuan Penyelenggaraan dan Undangan MUNAS ke-1 (satu) SPPI KB,Dewan Pengurus Pusat SPPI Kuat Bermartabat,946 - Surat Dinas,pengajuan penyelenggaraan dan undangan munas ke1 satu sppi kb dewan pengurus pusat sppi kuat bermartabat,SURAT DINAS
Sponsorship dan Undangan,Dewan Pengurus Pusat SPPI Kuat Bermartabat,947 - Surat Dinas,sponsorship dan undangan dewan pengurus pusat sppi kuat bermartabat,SURAT DINAS
Permohonan Kerja Sama Iklan Kemitraan atas Ulang Tahun ke-46 BPJS Ketenagakerjaan,Pengurus Pusat Perkumpulan Pensiunan Karyawan Jamsostek,948 - Surat Dinas,permohonan kerja sama iklan kemitraan atas ulang tahun ke46 bpjs ketenagakerjaan pengurus pusat perkumpulan pensiunan karyawan jamsostek,SURAT DINAS
Rekomendasi Kebijakan Hasil Diskusi Publik,Ketua Pusat Kajian Pertanian Pangan & Advokasi (PATAKA),949 - Surat Dinas,rekomendasi kebijakan hasil diskusi publik ketua pusat kajian pertanian pangan advokasi pataka,SURAT DINAS
Perjanjian Kerja Sama antara PT Taspen (Persero) dengan PT Pos Indonesia (Persero) tentang Pemeliharaan Data Pegawai Negeri Sipil dan Pensiunan yang memperoleh Kredit melalui PT Pos Indonesia (Persero) Nomor : PKS 171/DIR-4/0723,Direktur Utama;,950 - SPK dan PKS,perjanjian kerja sama antara pt taspen persero dengan pt pos indonesia persero tentang pemeliharaan data pegawai negeri sipil dan pensiunan yang memperoleh kredit melalui pt pos indonesia persero nomor pks 171dir40723 direktur utama,SPK DAN PKS
SPK (bu Evi),Corsec;,951 - SPK dan PKS,spk bu evi corsec,SPK DAN PKS
Risalah Radir  Selasa 29 Agustus 2023,Direksi;,952 - risalah,risalah radir selasa 29 agustus 2023 direksi,RISALAH
Perjanjian antara PT Pos Indonesia (persero) dengan PT Deloitte Consulting tentang Pengadaan Jasa Kajian Penghasilan Direksi dan Dewan Komisaris Tahun 2023,SVP Human Capital Policy and Strategy;,953 - SPK dan PKS,perjanjian antara pt pos indonesia persero dengan pt deloitte consulting tentang pengadaan jasa kajian penghasilan direksi dan dewan komisaris tahun 2023 svp human capital policy and strategy,SPK DAN PKS
Keputusan Direksi tentang Human Capital Management System untuk Digital Talent,Direktur Human Capital Management;,954 - KD,keputusan direksi tentang human capital management system untuk digital talent direktur human capital management,KD
SPK Div Hukum (Karyadi),Corsec;,955 - SPK dan PKS,spk div hukum karyadi corsec,SPK DAN PKS
SPK Div Hukum (Karyadi),Corsec;,956 - SPK dan PKS,spk div hukum karyadi corsec,SPK DAN PKS
SPK Div Hukum (Karyadi),Corsec;,957 - SPK dan PKS,spk div hukum karyadi corsec,SPK DAN PKS
Himbauan Partisipasi HUT Kota Bandung ke 213,Ketua Konsorsium Bandung Bermartabat,958 - Surat Dinas,himbauan partisipasi hut kota bandung ke 213 ketua konsorsium bandung bermartabat,SURAT DINAS
Permintaan Dokumen  Data  Informasi dan/atau Keterangan dalam rangka Upaya Hukum lebih lanjut atas Permohonan Pengurangan atau Pembatalan Surat Ketetapan Pajak yang Tidak Benar,Kepala Bidang Keberatan  Banding dan Pengurangan  Ditjen Pajak  Kementerian Keuangan RI,959 - Surat Dinas,permintaan dokumen data informasi danatau keterangan dalam rangka upaya hukum lebih lanjut atas permohonan pengurangan atau pembatalan surat ketetapan pajak yang tidak benar kepala bidang keberatan banding dan pengurangan ditjen pajak kementerian keuangan ri,SURAT DINAS
Permintaan Laporan Perkembangan Penambahan Kapasitas Gudang Meterai Tempel Kopur 10.000 milik PT Pos Indonesia (Persero),Kepala Bagian Perlengkapan Sekretaris Ditjen Pajak Kementerian Keuangan RI,960 - Surat Dinas,permintaan laporan perkembangan penambahan kapasitas gudang meterai tempel kopur 10000 milik pt pos indonesia persero kepala bagian perlengkapan sekretaris ditjen pajak kementerian keuangan ri,SURAT DINAS
Informasi Pelatihan Terakreditasi CISI UK (CFQ Preparatory Class  AFMV  MPFPPP),Lead Officer Fidelitas Advisors,961 - Surat Dinas,informasi pelatihan terakreditasi cisi uk cfq preparatory class afmv mpfppp lead officer fidelitas advisors,SURAT DINAS
Permohonan Sponsorship Business Matching JAPNAS Jawa Barat,Pengurus Wilayah dan Panitia Business Matching Jaringan Pengusaha Nasional Jawa Barat,962 - Surat Dinas,permohonan sponsorship business matching japnas jawa barat pengurus wilayah dan panitia business matching jaringan pengusaha nasional jawa barat,SURAT DINAS
Pengumuman 4th Top Digital Corporate Brand Award 2023 Special Achievement for BUMN  Subsidiary BUMN & BUMD,CEO INFOEKONOMI.ID  CEO Tras n Co Indonesia (PT Media Ads Indonesia),963 - proposal,pengumuman 4th top digital corporate brand award 2023 special achievement for bumn subsidiary bumn bumd ceo infoekonomiid ceo tras n co indonesia pt media ads indonesia,PROPOSAL
Dukungan Publikasi Penerbitan Buku dan e-Book,a.n Pj Gubernur Kepulauan Bangka Belitung  Sekretaris Daerah,964 - Surat Dinas,dukungan publikasi penerbitan buku dan ebook an pj gubernur kepulauan bangka belitung sekretaris daerah,SURAT DINAS
Penawaran Pelatihan Negotiation Skills,PT Multi Konsul Indonesia,965 - Surat Dinas,penawaran pelatihan negotiation skills pt multi konsul indonesia,SURAT DINAS
Pengajuan Permohonan Bantuan Dana untuk Modal Usaha Pembuatan Reklame dan Konstruksi dll,Abdullah Joyodiningrat,966 - surat pribadi,pengajuan permohonan bantuan dana untuk modal usaha pembuatan reklame dan konstruksi dll abdullah joyodiningrat,SURAT PRIBADI
Permohonan Kerja Sama sebagai Sponsor HAORNAS,Asosiasi Remaja Masjid Istiqlal,967 - Surat Dinas,permohonan kerja sama sebagai sponsor haornas asosiasi remaja masjid istiqlal,SURAT DINAS
Risalah Ratas Tanggal 29 Agustus 2023. Paparan mengenai usulan proses migrasi rekening Giro Online (GOL) ke rekening CGS,Corsec;,968 - risalah,risalah ratas tanggal 29 agustus 2023 paparan mengenai usulan proses migrasi rekening giro online gol ke rekening cgs corsec,RISALAH
Ucapan Selamat,PT Western Union Indonesia,969 - Surat Dinas,ucapan selamat pt western union indonesia,SURAT DINAS
Permohonan Kerjasama,Smilemotion 2023  BEM Keluarga Mahasiswa FKG UNPAD,970 - proposal,permohonan kerjasama smilemotion 2023 bem keluarga mahasiswa fkg unpad,PROPOSAL
Perjanjian Jasa Layanan Pengiriman dan Instalasi Barang Nomor : PKS 118/Enterprise Business/0323,SVP Enterprise Business;,971 - SPK dan PKS,perjanjian jasa layanan pengiriman dan instalasi barang nomor pks 118enterprise business0323 svp enterprise business,SPK DAN PKS
Perjanjian Kerahasiaan Data dan/atau Informasi antara PT MNC Televisi Indonesia dan PT Pos Indonesia (Persero) Nomor : NDA 168/Enterprise Business/0723 tentang Pemanfaatan Data Penerimaan Bantuan untuk Keperluan Pendistribusian Bantuan Set Top Box (STB) yang berasal dari Komitmen Penyelenggaraan Multipleksing kepada Rumah Tangga Miskin,SVP Enterprise Business;,972 - SPK dan PKS,perjanjian kerahasiaan data danatau informasi antara pt mnc televisi indonesia dan pt pos indonesia persero nomor nda 168enterprise business0723 tentang pemanfaatan data penerimaan bantuan untuk keperluan pendistribusian bantuan set top box stb yang berasal dari komitmen penyelenggaraan multipleksing kepada rumah tangga miskin svp enterprise business,SPK DAN PKS
Kerjasama Sponsorship Kegiatan Gerak Jalan Sehat Donor Darah Tahun 2023,Palang Merah Indonesia Kota Bandung,973 - proposal,kerjasama sponsorship kegiatan gerak jalan sehat donor darah tahun 2023 palang merah indonesia kota bandung,PROPOSAL
Estimasi Pembayaran Kewajiban Bunga Periode Juli 2023,Deparment Head Wholesale Lending Department I PT Bank KB Bukopin,974 - Surat Dinas,estimasi pembayaran kewajiban bunga periode juli 2023 deparment head wholesale lending department i pt bank kb bukopin,SURAT DINAS
Pengaduan Kehilangan Barang,Ketua Pengadilan Negeri Masohi,975 - Surat Dinas,pengaduan kehilangan barang ketua pengadilan negeri masohi,SURAT DINAS
Perjanjian Kerja Sama antara PT Pos Indonesia (Persero) dengan PT Telkom Indonesia (Persero) Tbk tentang Pemanfaatan Virtual Account Giropos pada Platform Pembayaran Telkom. Nomor : PKS 211/SVP Financial Service/0823,SVP Government and Corporate Business;,976 - SPK dan PKS,perjanjian kerja sama antara pt pos indonesia persero dengan pt telkom indonesia persero tbk tentang pemanfaatan virtual account giropos pada platform pembayaran telkom nomor pks 211svp financial service0823 svp government and corporate business,SPK DAN PKS
Tanggapan Dewan Komisaris atas Usulan Perubahan Merek dan Logo PT Pos Indonesia (Persero),Komisaris Utama,978 - Surat Dinas,tanggapan dewan komisaris atas usulan perubahan merek dan logo pt pos indonesia persero komisaris utama,SURAT DINAS
Tanggapan Permohonan Pengesahan Perubahan Peraturan Dana Pensiun Pos Indonesia,Direktur Perizinan Perasuransian  Penjaminan dan Dana Pensiun Otoritas Jasa Keuangan (OJK),979 - Surat Dinas,tanggapan permohonan pengesahan perubahan peraturan dana pensiun pos indonesia direktur perizinan perasuransian penjaminan dan dana pensiun otoritas jasa keuangan ojk,SURAT DINAS
Permohonan Bantuan Biaya SPJ,a.n Pengurus Pusat Persatuan Pensiunan Pos Indonesia,981 - Surat Dinas,permohonan bantuan biaya spj an pengurus pusat persatuan pensiunan pos indonesia,SURAT DINAS
SPK/PKS Div Hukum (Karyadi),Corsec;,982 - SPK dan PKS,spkpks div hukum karyadi corsec,SPK DAN PKS
Penerbitan Buku,Majelis Adat Dayak Nasional (MADN),983 - Surat Dinas,penerbitan buku majelis adat dayak nasional madn,SURAT DINAS
Permohonan Sponsorship. Program Nasional Seminar Dua Hari Dewan Pimpinan Nasional Sahabat Polisi Indonesia,Penyelenggara Dewan Pimpinan Nasional Sahabat Polisi Indonesia,984 - Surat Dinas,permohonan sponsorship program nasional seminar dua hari dewan pimpinan nasional sahabat polisi indonesia penyelenggara dewan pimpinan nasional sahabat polisi indonesia,SURAT DINAS
Permohonan Bantuan Dana,"Panitia Penyelenggara Lomba Nyanyi Lansia ""Laga Purna Gita 2023""",985 - proposal,permohonan bantuan dana panitia penyelenggara lomba nyanyi lansia laga purna gita 2023,PROPOSAL
Perjanjian antara PT Pos Indonesia (Persero) dan PT Deloitte Consulting tentang Pekerjaan Pengadaan Konsultan Master Plan Human Capital PT Pos Indonesia (Persero). Nomor : 74/SPBT/0623,Pjs SVP Strategic Planning and Business Transformation;,986 - SPK dan PKS,perjanjian antara pt pos indonesia persero dan pt deloitte consulting tentang pekerjaan pengadaan konsultan master plan human capital pt pos indonesia persero nomor 74spbt0623 pjs svp strategic planning and business transformation,SPK DAN PKS
Perjanjian Kerja Sama antara PT Pos Indonesia (Persero) dengan PT Pos Properti Indonesia tentang Integrasi Layanan Reservasi Tenant di Jaringan PT Pos Properti Indonesia melalui Aplikasi Pospay Nomor : PKS 201/SVP Corporate Business/0823,SVP Government and Corporate Business;,987 - SPK dan PKS,perjanjian kerja sama antara pt pos indonesia persero dengan pt pos properti indonesia tentang integrasi layanan reservasi tenant di jaringan pt pos properti indonesia melalui aplikasi pospay nomor pks 201svp corporate business0823 svp government and corporate business,SPK DAN PKS
Perjanjian Kerja Sama antara PT Pos Indonesia (Persero) dengan PT Narindo Solusi Telekomunikasi tentang Kemitraan Pospay secara Host to Host Nomor : 209/SVP Corporate Business/0823,SVP Government and Corporate Business;,988 - SPK dan PKS,perjanjian kerja sama antara pt pos indonesia persero dengan pt narindo solusi telekomunikasi tentang kemitraan pospay secara host to host nomor 209svp corporate business0823 svp government and corporate business,SPK DAN PKS
Perjanjian Kerja Sama antara PT Pos Indonesia (Persero) dengan PT Bank Sinarmas Tbk - Unit Usaha Syariah tentang Pembiayaan Kredit Usaha Rakyat (KUR) iB,Direktur Bisnis Jasa Keuangan;,989 - SPK dan PKS,perjanjian kerja sama antara pt pos indonesia persero dengan pt bank sinarmas tbk unit usaha syariah tentang pembiayaan kredit usaha rakyat kur ib direktur bisnis jasa keuangan,SPK DAN PKS
SURAT PERINTAH KERJA (SPK) JASA KONSULTAN PENDAMPINGAN MONITORING & EVALUASI KETERBUKAAN INFORMASI PUBLIK TAHUN 2023 PT POS INDONESIA (PERSERO) DENGAN TENAGA AHLI KOMUNIKASI A.N. YENI MUJIATIN,Corsec;,990 - SPK dan PKS,surat perintah kerja spk jasa konsultan pendampingan monitoring evaluasi keterbukaan informasi publik tahun 2023 pt pos indonesia persero dengan tenaga ahli komunikasi an yeni mujiatin corsec,SPK DAN PKS
Addendum 3 Perjanjian Kerja Sama tentang Layanan Program Pensiun Iuran Pasti (PPIP) antara PT Pos Indonesia (Persero) dengan Dana Pensiun Lembaga Keuangan PT Bank Negara Indonesia (Persero) Tbk,Direktur Human Capital Management;,991 - SPK dan PKS,addendum 3 perjanjian kerja sama tentang layanan program pensiun iuran pasti ppip antara pt pos indonesia persero dengan dana pensiun lembaga keuangan pt bank negara indonesia persero tbk direktur human capital management,SPK DAN PKS
Proposal Sponsorship Physics Festival 9.0,Himpunan Mahasiswa Fisika Universitas Pendidikan Indonesia,992 - proposal,proposal sponsorship physics festival 90 himpunan mahasiswa fisika universitas pendidikan indonesia,PROPOSAL
"Sponsorship Event ""IA-ITB Jakarta Open Golf Tournament""",Ketua Ikatan Alumni ITB Jakarta,993 - proposal,sponsorship event iaitb jakarta open golf tournament ketua ikatan alumni itb jakarta,PROPOSAL
"Festival Pesona Seni Nusantara ""Bridging the Past  Embrace the Future""",Mahara Fest,994 - proposal,festival pesona seni nusantara bridging the past embrace the future mahara fest,PROPOSAL
Struktur Organisasi dan Tanggung Jawab Pengelola Informasi dan Dokumentasi (PPID) di Lingkungan PT Pos Indonesia (Persero),Direktur Utama;,996 - KD,struktur organisasi dan tanggung jawab pengelola informasi dan dokumentasi ppid di lingkungan pt pos indonesia persero direktur utama,KD
Risalah Radir Selasa 5 September 2023,Direksi;,997 - risalah,risalah radir selasa 5 september 2023 direksi,RISALAH
Adendum atas Perjanjian Nomor : PKS 092/Enterprise Business/0423 antara PT Pos Indonesia (Persero) dengan PT Pos Logistik Indonesia tentang Jasa Pengangkutan Beras Pendistribusian Bantuan Pangan Cadangan Beras Pemerintah Tahun 2023. Nomor : PKS 194/Enterprise Business/0623,SVP Enterprise Business;,998 - SPK dan PKS,adendum atas perjanjian nomor pks 092enterprise business0423 antara pt pos indonesia persero dengan pt pos logistik indonesia tentang jasa pengangkutan beras pendistribusian bantuan pangan cadangan beras pemerintah tahun 2023 nomor pks 194enterprise business0623 svp enterprise business,SPK DAN PKS
Perjanjian Kerja Sama antara PT Bank Central Asia dengan PT Pos Indonesia (Persero) tentang Layanan Pengiriman Surat,SVP Enterprise Business;,999 - SPK dan PKS,perjanjian kerja sama antara pt bank central asia dengan pt pos indonesia persero tentang layanan pengiriman surat svp enterprise business,SPK DAN PKS
Adendum Perjanjian Kerja Pengadaan Jasa Transporter untuk Distribusi Bantuan Pangan Program Stunting Pemerintah Tahun 2023 antara PT Rajawali Nusantara Indonesia (Persero) dan PT Pos Indonesia (Persero). Nomor Adendum : 01/Add/S.Pj- UP/RNI.01/VII/2023,Direktur Utama;,1000 - SPK dan PKS,adendum perjanjian kerja pengadaan jasa transporter untuk distribusi bantuan pangan program stunting pemerintah tahun 2023 antara pt rajawali nusantara indonesia persero dan pt pos indonesia persero nomor adendum 01addspj uprni01vii2023 direktur utama,SPK DAN PKS
Perjanjian antara PT Pos Indonesia (Persero) dengan PT Management Indonesia Mandiri tentang Pengadaan Jasa Assessment Risk Maturity Index Tahun 2023 Nomor : 220.DIR-1/0823,Direktur Keuangan dan Manajemen Risiko;,1002 - SPK dan PKS,perjanjian antara pt pos indonesia persero dengan pt management indonesia mandiri tentang pengadaan jasa assessment risk maturity index tahun 2023 nomor 220dir10823 direktur keuangan dan manajemen risiko,SPK DAN PKS
Surat Perintah Kerja (SPK) Pengadaan Jasa Assessmet Risk Maturity Index Tahun 2023,Direktur Keuangan dan Manajemen Risiko;,1003 - SPK dan PKS,surat perintah kerja spk pengadaan jasa assessmet risk maturity index tahun 2023 direktur keuangan dan manajemen risiko,SPK DAN PKS
Publikasi HUT ke 55 PT Semen Tonasa,Pengurus Pusat Serikat Karyawan Semen Tonasa,1004 - Surat Dinas,publikasi hut ke 55 pt semen tonasa pengurus pusat serikat karyawan semen tonasa,SURAT DINAS
Berita Acara (bu Evi),Corsec;,1005 - BA,berita acara bu evi corsec,BA
Keputusan Direksi Nomor : KD 067/DIRUT/0823 tentang Organisasi dan Tata Kerja Regional  Unit Komersial dan Unit Operasi,Direktur Utama;,1006 - KD,keputusan direksi nomor kd 067dirut0823 tentang organisasi dan tata kerja regional unit komersial dan unit operasi direktur utama,KD
Perjanjian Kerja Sama antara PT Pos Indonesia (Persero) dengan PT Reyhan Putra Mandiri tentang Kerja Sama Operasi Dompet PMI Nomor : PKS 218/Consumer Business/0823,Pj. SVP Government and Corporate Business;,1007 - SPK dan PKS,perjanjian kerja sama antara pt pos indonesia persero dengan pt reyhan putra mandiri tentang kerja sama operasi dompet pmi nomor pks 218consumer business0823 pj svp government and corporate business,SPK DAN PKS
Permintaan kembali penunjukan pegawai untuk diklarifikasi,a.n Kepala Kepolisian Daerah Jawa Tengah  Dirreskrimum,1008 - Surat Dinas,permintaan kembali penunjukan pegawai untuk diklarifikasi an kepala kepolisian daerah jawa tengah dirreskrimum,SURAT DINAS
Surat Penawaran Kerjasama Sponsorship MotoGP 2023 Mandalika GP Series,PT MGPA Nusantara Jaya & PT Fasen Creative Quality,1009 - proposal,surat penawaran kerjasama sponsorship motogp 2023 mandalika gp series pt mgpa nusantara jaya pt fasen creative quality,PROPOSAL
Penawaran Kerja Sama,Persatuan Wartawan Indonesia (PWI) Pengurus Provinsi Jawa Barat,1010 - Surat Dinas,penawaran kerja sama persatuan wartawan indonesia pwi pengurus provinsi jawa barat,SURAT DINAS
Undangan acara SIMPOSIUM,Ketua Umum Perkumpulan Perusahaan Pemeriksa Keamanan Kargo dan Pos Indonesia,1011 - Surat Dinas,undangan acara simposium ketua umum perkumpulan perusahaan pemeriksa keamanan kargo dan pos indonesia,SURAT DINAS
Undangan Workshop BUMN dan Anak Usaha di Oktober 2023,Erik Yosafat  Koran BUMN,1012 - Surat Dinas,undangan workshop bumn dan anak usaha di oktober 2023 erik yosafat koran bumn,SURAT DINAS
Surat keluhan proses meterai fee,Komisaris PT Mitra Daun Sentosa,1013 - Surat Dinas,surat keluhan proses meterai fee komisaris pt mitra daun sentosa,SURAT DINAS
Partisipasi HUT Kota Bandung ke-213,Marketing & Business Development Manager HU Pikiran Rakyat,1014 - Surat Dinas,partisipasi hut kota bandung ke213 marketing business development manager hu pikiran rakyat,SURAT DINAS
Permohonan Perpanjangan PKS,Pusat Koperasi Pedagang Kecil (Puskopak),1015 - Surat Dinas,permohonan perpanjangan pks pusat koperasi pedagang kecil puskopak,SURAT DINAS
Sikap SPPI-KB Terhadap Perubahan Logo Perusahaan,Dewan Pengurus Pusat SPPI Kuat Bermartabat,1016 - Surat Dinas,sikap sppikb terhadap perubahan logo perusahaan dewan pengurus pusat sppi kuat bermartabat,SURAT DINAS
International Mail Services User Group-Report of the meeting of 22 June 2023,Director of the Postal Technology Centre  Universal Postal Union (UPU),1017 - Surat Dinas,international mail services user groupreport of the meeting of 22 june 2023 director of the postal technology centre universal postal union upu,SURAT DINAS
Perjanjian Kerja Sama antara PT Pos Indonesia (Persero) dan Perusahaan Perseroan (Persero) PT Perusahaan Perkembangan Ekonomi Nasional Rajawali Nusantara Indonesia tentang Talent Mobility Penugasan Karyawan PT Pos Indonesia (Persero) pada PT Rajawali Nusantara Indonesia (Persero),Direktur Human Capital Management;,1019 - SPK dan PKS,perjanjian kerja sama antara pt pos indonesia persero dan perusahaan perseroan persero pt perusahaan perkembangan ekonomi nasional rajawali nusantara indonesia tentang talent mobility penugasan karyawan pt pos indonesia persero pada pt rajawali nusantara indonesia persero direktur human capital management,SPK DAN PKS
Guarantee Letter PT Pos Indonesia (Persero),Aston;,1020 - Surat Dinas,guarantee letter pt pos indonesia persero aston,SURAT DINAS
Perjanjian Kerahasiaan Pertukaran Data dan Informasi antara PT Semen Indonesia (Persero) Tbk dengan PT Pos Indonesia (Persero),Direktur Operasi dan Digital Services;,1021 - SPK dan PKS,perjanjian kerahasiaan pertukaran data dan informasi antara pt semen indonesia persero tbk dengan pt pos indonesia persero direktur operasi dan digital services,SPK DAN PKS
Permintaan Klarifikasi Surat,Kepala Kantor Wilayah Direktorat Jenderal Pajak Jakarta Barat,1022 - Surat Dinas,permintaan klarifikasi surat kepala kantor wilayah direktorat jenderal pajak jakarta barat,SURAT DINAS
ASTON Jakarta,Mrs. Leniari-Credit Manager ASTON Simatupang Hotel Di Jakarta;,1023 - Surat Dinas,aston jakarta mrs leniaricredit manager aston simatupang hotel di jakarta,SURAT DINAS
Undangan Gala Dinner,Direktur Utama TMII;,1024 - Surat Dinas,undangan gala dinner direktur utama tmii,SURAT DINAS
Risalah Radir  Selasa 12 September 2023,Direksi;,1025 - risalah,risalah radir selasa 12 september 2023 direksi,RISALAH
Petikan Risalah Ratas 12 September 2023 CBP tahap 2,Direksi;,1026 - Surat Dinas,petikan risalah ratas 12 september 2023 cbp tahap 2 direksi,SURAT DINAS
bu ayu,setper;,1027 - Surat Dinas,bu ayu setper,SURAT DINAS
Surat Edaran tentang Piloting Penerapan Flexible Working Arrangement di Lingkungan Kantor Pusat,Direktur Human Capital Management;,1028 - SE,surat edaran tentang piloting penerapan flexible working arrangement di lingkungan kantor pusat direktur human capital management,SE
Surat Keputusan Direksi Nomor : SK 1945/DIRUT/0923 tentang Susunan Keanggotaan Satuan Tugas Nasional dan Regional Pendistribusian Bantuan Pangan Cadangan Beras Pemerintah Tahap II (Alokasi September  Oktober  November) Tahun 2023,Direktur Utama;,1029 - SK,surat keputusan direksi nomor sk 1945dirut0923 tentang susunan keanggotaan satuan tugas nasional dan regional pendistribusian bantuan pangan cadangan beras pemerintah tahap ii alokasi september oktober november tahun 2023 direktur utama,SK
Perjanjian Kerahasiaan (NDA) antara PT Pos Indonesia (Persero) dengan PT Danareksa (Persero) tentang Optimalisasi Aset Pos Indonesia,Direktur Utama;,1030 - SPK dan PKS,perjanjian kerahasiaan nda antara pt pos indonesia persero dengan pt danareksa persero tentang optimalisasi aset pos indonesia direktur utama,SPK DAN PKS
Perjanjian Kerja Waktu Tertentu antara PT Pos Indonesia (Persero) dengan Farris Daniel sebagai Tenaga Kerja Profesional Perusahaan Nomor : PKS 202/DIR- 5/0923,Direktur Bisnis Kurir dan Logistik;,1031 - SPK dan PKS,perjanjian kerja waktu tertentu antara pt pos indonesia persero dengan farris daniel sebagai tenaga kerja profesional perusahaan nomor pks 202dir 50923 direktur bisnis kurir dan logistik,SPK DAN PKS
Surat Edaran Nomor : 010/DIR-4/0423 tentang Penjualan Meterai Elektronik (e-meterai),Direktur Bisnis Jasa Keuangan;,1032 - SE,surat edaran nomor 010dir40423 tentang penjualan meterai elektronik emeterai direktur bisnis jasa keuangan,SE
SPK (bu Evi),Corsec;,1033 - SPK dan PKS,spk bu evi corsec,SPK DAN PKS
Surat Pernyataan Direksi Laporan Keuangan PT Pos Indonesia Agustus 2023,Direktur Keuangan dan MR dan Direktur Utama;,1034 - laporan,surat pernyataan direksi laporan keuangan pt pos indonesia agustus 2023 direktur keuangan dan mr dan direktur utama,LAPORAN
Permohonan Waktu Direktur Human Capital Management terkait Penipuan an Gani Priyatna,Siradjang Nuhung/085215699954/085280534657,1035 - Surat Dinas,permohonan waktu direktur human capital management terkait penipuan an gani priyatna siradjang nuhung085215699954085280534657,SURAT DINAS
Diseminasi Jaminan Sosial dan Kesejahteraan Pekerja,Kepala Dinas Ketenagakerjaan,1036 - Surat Dinas,diseminasi jaminan sosial dan kesejahteraan pekerja kepala dinas ketenagakerjaan,SURAT DINAS
Perubahan Perjanjian Kerja Pengadaan Jasa Transporter untuk Distribusi Bantuan Pangan Program Stunting Pemerintah 2023 Nomor : 01/S.Pj-UP/RNI.01/IV/2023 tanggal 17 April 2023 antara PT Rajawali Nusantara Indonesia (Persero) dan PT Pos Indonesia (Persero) Nomor : 01/Add/S.Pj- UP/RNI.01/VII/2023,Direktur Utama;,1037 - SPK dan PKS,perubahan perjanjian kerja pengadaan jasa transporter untuk distribusi bantuan pangan program stunting pemerintah 2023 nomor 01spjuprni01iv2023 tanggal 17 april 2023 antara pt rajawali nusantara indonesia persero dan pt pos indonesia persero nomor 01addspj uprni01vii2023 direktur utama,SPK DAN PKS
Berita Acara Kesepakatan antara PT Pos Indonesia (Persero) dan PT Jalin Pembayaran Nusantara tentang Pemanfaatan Teknologi QRIS dalam Jaringan Link Nomor : 892/SVP Government and Corporate Business/0923,SVP Government and Corporate Business;,1038 - BA,berita acara kesepakatan antara pt pos indonesia persero dan pt jalin pembayaran nusantara tentang pemanfaatan teknologi qris dalam jaringan link nomor 892svp government and corporate business0923 svp government and corporate business,BA
Surat Edaran Nomor : SE 015/DIR-2/0723 tentang Beasiswa Rekognisi Pembelajaran Lampau Program Studi Diploma III Logistik Bisnis dan Program Studi Sarjana Terapan Logistik Bisnis pada Universitas Logistik dan Bisnis Internasional Tahun 2023,Direktur Human Capital Management;,1039 - SE,surat edaran nomor se 015dir20723 tentang beasiswa rekognisi pembelajaran lampau program studi diploma iii logistik bisnis dan program studi sarjana terapan logistik bisnis pada universitas logistik dan bisnis internasional tahun 2023 direktur human capital management,SE
1. Surat Perintah Kerja Nomor : 594/SVP HCSBP/0623 2. Formulir Pesanan Konsultasi AWS,SVP Human Capital Services and Business Partner;,1040 - Surat Dinas,1 surat perintah kerja nomor 594svp hcsbp0623 2 formulir pesanan konsultasi aws svp human capital services and business partner,SURAT DINAS
Risalah Radir Selasa 19 September 2023,Direksi;,1041 - risalah,risalah radir selasa 19 september 2023 direksi,RISALAH
Perjanjian Kerja Waktu Tertentu antara PT Pos Indonesia (Persero) dengan Bambang Ekalaya sebagai Tenaga kerja Profesional Perusahaan Nomor : PKS 215/DIR-6/0923,Direktur Business Development dan Portfolio Management;,1042 - SPK dan PKS,perjanjian kerja waktu tertentu antara pt pos indonesia persero dengan bambang ekalaya sebagai tenaga kerja profesional perusahaan nomor pks 215dir60923 direktur business development dan portfolio management,SPK DAN PKS
Perjanjian Kerja Sama antara PT Pos Indonesia (Persero) dengan PT Bank Rakyat Indonesia (Persero) Tbk tentang Sinergi Pemanfaatan Aplikasi BRIMO untuk Transaksi Jasa Layanan Pengiriman Nomor : PKS 185/SVP Retail Business/2023,SVP Retail Business;,1043 - SPK dan PKS,perjanjian kerja sama antara pt pos indonesia persero dengan pt bank rakyat indonesia persero tbk tentang sinergi pemanfaatan aplikasi brimo untuk transaksi jasa layanan pengiriman nomor pks 185svp retail business2023 svp retail business,SPK DAN PKS
Permohonan Ijin Observasi Penelitian,DIR RPIKK Universitas Logistik dan Bisnis Internasional/Febriani 085227985622,1044 - Surat Dinas,permohonan ijin observasi penelitian dir rpikk universitas logistik dan bisnis internasionalfebriani 085227985622,SURAT DINAS
Pemberitahuan,Kepala Badan Perencanaan Pembangunan  Penelitian dan Pengembangan Pemerintah Kota Bandung,1045 - Surat Dinas,pemberitahuan kepala badan perencanaan pembangunan penelitian dan pengembangan pemerintah kota bandung,SURAT DINAS
Surat Permohonan Pengunduran Diri dari Perusahaan a.n Tri Setyaning Lestari,Tri Setyaning Lestari,1046 - Surat Dinas,surat permohonan pengunduran diri dari perusahaan an tri setyaning lestari tri setyaning lestari,SURAT DINAS
Penawaran Produk dan Layanan PT Bank Syariah Indonesia (BSI) kepada Pegawai PT Pos Indonesia (Persero),Branch Manager PT Bank Syariah Indonesia Jakarta Koja 1,1048 - Surat Dinas,penawaran produk dan layanan pt bank syariah indonesia bsi kepada pegawai pt pos indonesia persero branch manager pt bank syariah indonesia jakarta koja 1,SURAT DINAS
Permohonan Izin Kunjungan a.n Salsabila 0895389510303,Wakil Dekan Bidang Pembelajaran  Kemahasiswaan dan Riset,1049 - Surat Dinas,permohonan izin kunjungan an salsabila 0895389510303 wakil dekan bidang pembelajaran kemahasiswaan dan riset,SURAT DINAS
permohonan penggantian kartu kredit,bu Evi;,1050 - Surat Dinas,permohonan penggantian kartu kredit bu evi,SURAT DINAS
Surat Pengalihan Hak Cipta dari PT Milestone Dinamika Perkasa,Direktur Utama;,1052 - Surat Dinas,surat pengalihan hak cipta dari pt milestone dinamika perkasa direktur utama,SURAT DINAS
Perjanjian Kerja Waktu Tertentu antara PT Pos Indonesia (Persero) dengan Faebadodo Aguswan Zalukhu sebagai Tenaga Kerja Profesional Perusahaan,Direktur Human Capital Management;,1054 - SPK dan PKS,perjanjian kerja waktu tertentu antara pt pos indonesia persero dengan faebadodo aguswan zalukhu sebagai tenaga kerja profesional perusahaan direktur human capital management,SPK DAN PKS
Perjanjian Jasa Angkutan Pendistribusian Bantuan Pangan Cadangan Beras Pemerintah Tahun 2023 antara PERUM BULOG dengan PT Pos Indonesia (Persero) Nomor : PKS 224/DIRUT/092023,Direktur Utama;,1055 - SPK dan PKS,perjanjian jasa angkutan pendistribusian bantuan pangan cadangan beras pemerintah tahun 2023 antara perum bulog dengan pt pos indonesia persero nomor pks 224dirut092023 direktur utama,SPK DAN PKS
Surat Keputusan Direksi Nomor : SK 1875/DIRUT/0923 tentang Majelis Pertimbangan Penyelesaian Kerugian Perusahaan,Direktur Utama;,1056 - SK,surat keputusan direksi nomor sk 1875dirut0923 tentang majelis pertimbangan penyelesaian kerugian perusahaan direktur utama,SK
Perjanjian Kerahasiaan (NDA) antara PT Pos Indonesia (Persero) dengan PT Tunas Kreasi Digital tentang Pertukaran Data dan Informasi Nomor NDA Looyal :05/TKD/EXT/KG/08/2023,SVP Retail Business;,1057 - SPK dan PKS,perjanjian kerahasiaan nda antara pt pos indonesia persero dengan pt tunas kreasi digital tentang pertukaran data dan informasi nomor nda looyal 05tkdextkg082023 svp retail business,SPK DAN PKS
Surat Keterangan a.n Revita,VP Kesekretariatan;,1059 - Surat Dinas,surat keterangan an revita vp kesekretariatan,SURAT DINAS
Permmohonan Dukungan Acara Safety Riding for Young Generations di Kota Medan,Direktur Utama Jasamarga Tollroad Operator,1060 - Surat Dinas,permmohonan dukungan acara safety riding for young generations di kota medan direktur utama jasamarga tollroad operator,SURAT DINAS
Mohon Partisipasi,Pengurus NU Care Lazisnu Kota Bekasi,1061 - Surat Dinas,mohon partisipasi pengurus nu care lazisnu kota bekasi,SURAT DINAS
Permohonan Bantuan Pembangunan Gedung Yayasan Al Ikhlas Sekarsuli,Yayasan Al Ikhlas Sekarsuli (YAIS),1062 - Surat Dinas,permohonan bantuan pembangunan gedung yayasan al ikhlas sekarsuli yayasan al ikhlas sekarsuli yais,SURAT DINAS
Permohonan Bantuan Dana,Panitia Perayaan Natal Bersama Tuna Netra Se-Jabodetabek Tahun 2023,1063 - Surat Dinas,permohonan bantuan dana panitia perayaan natal bersama tuna netra sejabodetabek tahun 2023,SURAT DINAS
Risalah Radir  Sealsa 26 September 2023,Direksi;,1065 - risalah,risalah radir sealsa 26 september 2023 direksi,RISALAH
Undangan Rapat,Kepala Badan Perencanaan Pembangunan  Penelitian dan Pengembangan  Pemerintah Kota Bandung,1066 - Surat Dinas,undangan rapat kepala badan perencanaan pembangunan penelitian dan pengembangan pemerintah kota bandung,SURAT DINAS
Risalah Rapat Gabungan Dewan Komisaris dengan Direksi Nomor : 224/Dekom/0923 tanggal 18 September 2023,Direktur Utama;,1067 - risalah,risalah rapat gabungan dewan komisaris dengan direksi nomor 224dekom0923 tanggal 18 september 2023 direktur utama,RISALAH
Rencana Kerja dan Anggaran serta KPI Dewan Komisaris Tahun 2024 PT Pos Indonesia (Persero),Komisaris Utama,1068 - Surat Dinas,rencana kerja dan anggaran serta kpi dewan komisaris tahun 2024 pt pos indonesia persero komisaris utama,SURAT DINAS
Adendum Perjanjian antara PT Pos Indonesia (Persero) dan PT Bahana Kapital Investa Nomor : 83/SPBT/0623 tentang Pekerjaan Pengadaan Konsultan Kajian Kelayakan Transformasi Bisnis dan Penyehatan Perusahaan melalui Debt to Equity SWAP PT Pos Finansial Indonesia Nomor : 165/SPBT/0823,Pjs SVP Sstrategic Planning and Business Development;,1070 - SPK dan PKS,adendum perjanjian antara pt pos indonesia persero dan pt bahana kapital investa nomor 83spbt0623 tentang pekerjaan pengadaan konsultan kajian kelayakan transformasi bisnis dan penyehatan perusahaan melalui debt to equity swap pt pos finansial indonesia nomor 165spbt0823 pjs svp sstrategic planning and business development,SPK DAN PKS
Adendum Perjanjian Kerja Sama antara Direktorat Pemberdayaan Kelompok Rentan Direktorat Jenderal Pemberdayaan Sosial Kementerian Sosial Republik Indonesia dengan PT Pos Indonesia (Persero) tentang Penyaluran Program Sembako Tahun 2023 Nomor : PKS 225/DIR-4/2023,Direktur Bisnis Jasa Keuangan;,1071 - SPK dan PKS,adendum perjanjian kerja sama antara direktorat pemberdayaan kelompok rentan direktorat jenderal pemberdayaan sosial kementerian sosial republik indonesia dengan pt pos indonesia persero tentang penyaluran program sembako tahun 2023 nomor pks 225dir42023 direktur bisnis jasa keuangan,SPK DAN PKS
1. Berita Acara Kesepakatan Perpanjangan Perjanjian Kerja Sama antara PT Oto Multiartha dan PT Pos Indonesia (Persero) tentang Penerimaan Pembayaran Tagihan secara Online Nomor : 936/DIR-4/0923 2. Perjanjian Kerja Sama antara PT Oto Multiartha dengan PT Pos Indonesia tentang Penerimaan Pembayaran Tagihan secara Online,Direktur Bisnis Jasa Keuangan;,1072 - SPK dan PKS,1 berita acara kesepakatan perpanjangan perjanjian kerja sama antara pt oto multiartha dan pt pos indonesia persero tentang penerimaan pembayaran tagihan secara online nomor 936dir40923 2 perjanjian kerja sama antara pt oto multiartha dengan pt pos indonesia tentang penerimaan pembayaran tagihan secara online direktur bisnis jasa keuangan,SPK DAN PKS
PKS karyadi Div Hukum,corporate secretary;,1074 - Surat Dinas,pks karyadi div hukum corporate secretary,SURAT DINAS
Surat Permohonan Erlina Sari,Erlina Sari,1075 - Surat Dinas,surat permohonan erlina sari erlina sari,SURAT DINAS
Permohonan Peninjauan Kembali Penghentian Pemasaran untuk Penyaluran Kredit Pensiun,Ketua Koperasi Jasa Nasional Sinergi Indonesia (KOPERNAS),1076 - Surat Dinas,permohonan peninjauan kembali penghentian pemasaran untuk penyaluran kredit pensiun ketua koperasi jasa nasional sinergi indonesia kopernas,SURAT DINAS
Surat Undangan CEO Talk 2023,Head of Center for Environmental  Social and Governance Studies Universitas Airlangga,1077 - Surat Dinas,surat undangan ceo talk 2023 head of center for environmental social and governance studies universitas airlangga,SURAT DINAS
Perkenalan,Dr. Erick  Lawhouse Corporate Legal and Finance,1078 - Surat Dinas,perkenalan dr erick lawhouse corporate legal and finance,SURAT DINAS
Flyer Undangan,Asosiasi Auditor Internal,1079 - Surat Dinas,flyer undangan asosiasi auditor internal,SURAT DINAS
Flyer Undangan,Asosiasi Auditor Internal,1080 - Surat Dinas,flyer undangan asosiasi auditor internal,SURAT DINAS
Undangan,Koordinator Wilayah IV Ikatan Motor Pos Indonesia,1081 - Surat Dinas,undangan koordinator wilayah iv ikatan motor pos indonesia,SURAT DINAS
Risalah Radir  3 Oktober 2023,Direksi;,1082 - risalah,risalah radir 3 oktober 2023 direksi,RISALAH
Permohonan penerbitan kartu kredit korporat,BNI;,1083 - Surat Dinas,permohonan penerbitan kartu kredit korporat bni,SURAT DINAS
Perjanjian antara PT Pos Indonesia (Persero) dengan PT Enciety Binakarya Cemerlang tentang Pekerjaan Pengadaan Jasa Survey Analisis Penentuan Strategi Harga Jasa Kurir Segmen Ritel Area Jakarta dan Jawa Timur Nomor : PKS 009/SVP Retail Business/0123,SVP Retail Business;,1084 - SPK dan PKS,perjanjian antara pt pos indonesia persero dengan pt enciety binakarya cemerlang tentang pekerjaan pengadaan jasa survey analisis penentuan strategi harga jasa kurir segmen ritel area jakarta dan jawa timur nomor pks 009svp retail business0123 svp retail business,SPK DAN PKS
Permohonan Ijin Kegiatan Penelitian,Universitas Logistik dan Bisnis Internasional (ULBI),1085 - Surat Dinas,permohonan ijin kegiatan penelitian universitas logistik dan bisnis internasional ulbi,SURAT DINAS
Berita Acara Serah Terima VP Kesekretariatan,Corporate Secretary;,1086 - Surat Dinas,berita acara serah terima vp kesekretariatan corporate secretary,SURAT DINAS
PKS Div Hukum (Karyadi),Corporate Secretary;,1087 - SPK dan PKS,pks div hukum karyadi corporate secretary,SPK DAN PKS
Keputusan Direksi Nomor : KD 062/DIR-4/0823 tentang Layanan Sistem Pembayaran Digital berbasis Giropos,Direktur Bisnis Jasa Keuangan;,1088 - KD,keputusan direksi nomor kd 062dir40823 tentang layanan sistem pembayaran digital berbasis giropos direktur bisnis jasa keuangan,KD
PKS/SPK Div Hukum (Karyadi),Corporate Secretary;,1089 - SPK dan PKS,pksspk div hukum karyadi corporate secretary,SPK DAN PKS
Relaas Panggilan (Surat Tercatat) a.n Jaya Santoso,Jurusita Pengganti Pengadilan Negeri Bandung Kelas IA Khusus,1090 - Surat Dinas,relaas panggilan surat tercatat an jaya santoso jurusita pengganti pengadilan negeri bandung kelas ia khusus,SURAT DINAS
Perjanjian tentang Pengalihan Hak Cipta Logo Pos Indonesia,Direktur Utama;,1091 - SPK dan PKS,perjanjian tentang pengalihan hak cipta logo pos indonesia direktur utama,SPK DAN PKS
Persetujuan Uang Apresiasi Panitia 277 tahun Pos Indonesia tahun 2023,VP Manajemen Keuangan;,1092 - Surat Dinas,persetujuan uang apresiasi panitia 277 tahun pos indonesia tahun 2023 vp manajemen keuangan,SURAT DINAS
PKS div hukum (Karyadi),Corporate Secretary;,1093 - SPK dan PKS,pks div hukum karyadi corporate secretary,SPK DAN PKS
PKS div hukum (Karyadi),Corporate Secretary;,1094 - SPK dan PKS,pks div hukum karyadi corporate secretary,SPK DAN PKS
Permohonan Rekomendasi Penghapusbukuan Bangunan Kantor Cabang UNS Solo,Direktur Utama dan Direktur Keuangan dan Manajemen Risiko;,1095 - Surat Dinas,permohonan rekomendasi penghapusbukuan bangunan kantor cabang uns solo direktur utama dan direktur keuangan dan manajemen risiko,SURAT DINAS
Permohonan Rekomendasi Penghapusbukuan Aktiva Tetap sebagian Bangunan KCU Balikpapan,Direktur Utama dan Direktur Keuangan dan Manajemen Risiko;,1096 - Surat Dinas,permohonan rekomendasi penghapusbukuan aktiva tetap sebagian bangunan kcu balikpapan direktur utama dan direktur keuangan dan manajemen risiko,SURAT DINAS
Perjanjian Kerja Waktu Tertentu antara PT Pos Indonesia (Persero) dengan Rulit Candra sebagai Tenaga Kerja Profesional Perusahaan Nomor : PKS 109/DIR- 5/0523,Direktur Human Capital Management;,1097 - SPK dan PKS,perjanjian kerja waktu tertentu antara pt pos indonesia persero dengan rulit candra sebagai tenaga kerja profesional perusahaan nomor pks 109dir 50523 direktur human capital management,SPK DAN PKS
Perjanjian Waktu Tertentu antara PT Pos Indonesia dengan Yosep Taupiq Hidayat sebagai Tenaga Kerja Profesional Perusahaan Nomor : PKS 214/DIR- 1/1023,Direktur Keuangan dan Manajemen Risiko;,1098 - SPK dan PKS,perjanjian waktu tertentu antara pt pos indonesia dengan yosep taupiq hidayat sebagai tenaga kerja profesional perusahaan nomor pks 214dir 11023 direktur keuangan dan manajemen risiko,SPK DAN PKS
dokumen pak zamzam,VP Kesekretariatan;,1099 - Surat Dinas,dokumen pak zamzam vp kesekretariatan,SURAT DINAS
Sponsorship Proposal  Global Field Study,Director Fakultas Ekonomi dan Bisnis Universitas Indonesia,1100 - Surat Dinas,sponsorship proposal global field study director fakultas ekonomi dan bisnis universitas indonesia,SURAT DINAS
Pengakhiran Status Nasabah,Pengurus Pusat Koperasi Wredatama Jawa Barat (PUSKOPTAMA JABAR),1101 - Surat Dinas,pengakhiran status nasabah pengurus pusat koperasi wredatama jawa barat puskoptama jabar,SURAT DINAS
Permohonan Kesempatan Bekerja untuk Cucunya yang bernama Khikmah Maulidya,Bapak Husen (Pensiunan PT Telkom Divisi CISC) 081291628056,1102 - surat pribadi,permohonan kesempatan bekerja untuk cucunya yang bernama khikmah maulidya bapak husen pensiunan pt telkom divisi cisc 081291628056,SURAT PRIBADI
Izin Observasi Penelitian,ULBI;,1103 - Surat Dinas,izin observasi penelitian ulbi,SURAT DINAS
Tanggapan Dewan Komisaris atas Laporan Manajemen Triwulan II Tahun 2023 PT Pos Indonesia (Persero),Komisaris Utama,1104 - Surat Dinas,tanggapan dewan komisaris atas laporan manajemen triwulan ii tahun 2023 pt pos indonesia persero komisaris utama,SURAT DINAS
Nota Kesepahaman antara PT Industri Baterai Indonesia dan PT Pos Indonesia (Persero) tentang Kerja Sama Pengembangan Ekosistem Kendaraan Bermotor Listrik berbasis Baterai (KBLBB) Nomor : MoU.240/DIIRUT/1023,Direktur Utama;,1105 - SPK dan PKS,nota kesepahaman antara pt industri baterai indonesia dan pt pos indonesia persero tentang kerja sama pengembangan ekosistem kendaraan bermotor listrik berbasis baterai kblbb nomor mou240diirut1023 direktur utama,SPK DAN PKS
dokumen pak zamzam,VP Kesekretariatan;,1106 - Surat Dinas,dokumen pak zamzam vp kesekretariatan,SURAT DINAS
Surat Keterangan Yustina,Corporate Secretary;,1107 - Surat Dinas,surat keterangan yustina corporate secretary,SURAT DINAS
Nota Kesepahaman antara PT PLN dan PT Pos Indonesia tentang Kerjasama Pengembangan Utilisasi Aset dan Logistik dalam Mendukung Ekosistem Kendaraan Listrik,Direktur Utama;,1108 - SPK dan PKS,nota kesepahaman antara pt pln dan pt pos indonesia tentang kerjasama pengembangan utilisasi aset dan logistik dalam mendukung ekosistem kendaraan listrik direktur utama,SPK DAN PKS
Risalah Radir  11 Oktober 2023,Direksi;,1109 - risalah,risalah radir 11 oktober 2023 direksi,RISALAH
Perjanjian Kerja Sama antara PT Krislan Jaya Trans dengan PT Pos Indonesia (Persero) tentang Pengiriman Kiriman Marketplace,SVP Retail Business;,1110 - SPK dan PKS,perjanjian kerja sama antara pt krislan jaya trans dengan pt pos indonesia persero tentang pengiriman kiriman marketplace svp retail business,SPK DAN PKS
Keputusan Dewan Komisaris PT Pos Indonesia (Persero) Nomor : 235/DEKOM/1023 tentang Pembagian Tugas Anggota Dewan Komisaris PT Pos Indonesia (Persero),Komisaris Utama,1112 - SK,keputusan dewan komisaris pt pos indonesia persero nomor 235dekom1023 tentang pembagian tugas anggota dewan komisaris pt pos indonesia persero komisaris utama,SK
PKS Div Hukum (karyadi),Corporate Secretary;,1113 - SPK dan PKS,pks div hukum karyadi corporate secretary,SPK DAN PKS
Perjanjian Kerahasiaan Bank Artha Graha Internasional Nomor : NDA/006/DIRUT/VII/2023,Direktur Bisnis Jasa Keuangan;,1114 - SPK dan PKS,perjanjian kerahasiaan bank artha graha internasional nomor nda006dirutvii2023 direktur bisnis jasa keuangan,SPK DAN PKS
Permohonan Perpanjangan PKS Perjanjian Kerjasama Penyaluran Kredit Pegawai,Direktur Konsumer dan Ritel Bank BJB,1115 - Surat Dinas,permohonan perpanjangan pks perjanjian kerjasama penyaluran kredit pegawai direktur konsumer dan ritel bank bjb,SURAT DINAS
Keputusan Dewan Komisaris PT Pos Indonesia (Persero) nomor : 233/DEKOM/0923 tentang Pemberhentian dan Pengangkatan Ketua Komite Audit PT Pos Indonesia (Persero),Komisaris Utama PT Pos Indonesia (Persero),1116 - SK,keputusan dewan komisaris pt pos indonesia persero nomor 233dekom0923 tentang pemberhentian dan pengangkatan ketua komite audit pt pos indonesia persero komisaris utama pt pos indonesia persero,SK
PKS/SPK Div Hukum (Karyadi),Corporate Secretary;,1117 - Surat Dinas,pksspk div hukum karyadi corporate secretary,SURAT DINAS
Risalah Ratas 11 Oktober 2023 Progres Pembangunan SPP Jakarta Timur,Direksi;,1118 - risalah,risalah ratas 11 oktober 2023 progres pembangunan spp jakarta timur direksi,RISALAH
Relaas Panggilan (Surat Tercatat) a.n Jaya Santoso,Jurusita Pengganti Pengadilan Negeri Bandung Kelas IA Khusus,1119 - Surat Dinas,relaas panggilan surat tercatat an jaya santoso jurusita pengganti pengadilan negeri bandung kelas ia khusus,SURAT DINAS
Permohonan Perpanjangan Perjanjian Kerjasama,Pengurus Koperasi Jasa Danamitra Utama,1120 - Surat Dinas,permohonan perpanjangan perjanjian kerjasama pengurus koperasi jasa danamitra utama,SURAT DINAS
Undangan Bintek Barang dan Jasa Pemerintah,Ketua Pelaksana Lembaga Informasi Management Sumber Daya Manusia,1121 - Surat Dinas,undangan bintek barang dan jasa pemerintah ketua pelaksana lembaga informasi management sumber daya manusia,SURAT DINAS
Estimasi Pembayaran Kewajiban Bunga Periode September 2023,Department Head PT Bank KB Bukopin,1122 - Surat Dinas,estimasi pembayaran kewajiban bunga periode september 2023 department head pt bank kb bukopin,SURAT DINAS
Tanggapan Atas Permohonan Kerja Sama,Direktur Hubungan Kelembagaan ASABRI,1123 - Surat Dinas,tanggapan atas permohonan kerja sama direktur hubungan kelembagaan asabri,SURAT DINAS
Sikap DPP SPPI-KB terhadap Munas Pihak Kepengurusan Demisioner (Terbanding/tergugat),Dewan Pengurus Pusat Serikat Pekerja Pos Indonesia Kuat Bermartabat,1124 - Surat Dinas,sikap dpp sppikb terhadap munas pihak kepengurusan demisioner terbandingtergugat dewan pengurus pusat serikat pekerja pos indonesia kuat bermartabat,SURAT DINAS
Berita Acara Penyerahan Koleksi Museum,P Zamzam;,1125 - Surat Dinas,berita acara penyerahan koleksi museum p zamzam,SURAT DINAS
Surat Keputusan Direksi Nomor : SK1705/DIR-1/0823 tentang Tim Assessment Risk Maturity Index 2022,Direktur Keuangan dan Manajemen Risiko;,1127 - SK,surat keputusan direksi nomor sk1705dir10823 tentang tim assessment risk maturity index 2022 direktur keuangan dan manajemen risiko,SK
Permohonan Rekomendasi Penghapusbukuan Bangunan eks KCP Baraya Makassar 90153A,Direktur Keuangan dan Manajemen Risiko dan Direktur Utama;,1128 - Surat Dinas,permohonan rekomendasi penghapusbukuan bangunan eks kcp baraya makassar 90153a direktur keuangan dan manajemen risiko dan direktur utama,SURAT DINAS
Future Leader Fest 2023,Ketua Ikatan Alumni ITB Jakarta,1129 - Surat Dinas,future leader fest 2023 ketua ikatan alumni itb jakarta,SURAT DINAS
Surat Kemitraan,Kepala Pusat Pasar Kerja Kementerian Ketenagakerjaan RI,1130 - Surat Dinas,surat kemitraan kepala pusat pasar kerja kementerian ketenagakerjaan ri,SURAT DINAS
Penawaran Peserta,Indonesia Training Institute & Consulting Services,1131 - Surat Dinas,penawaran peserta indonesia training institute consulting services,SURAT DINAS
Permohonan Dukungan Kerja Sama Pelaksanaan Kegiatan Gadjah Mada Enterpreneur Expo 2023 dalam rangka HUT 74 Tahun UGM,BEM Universitas Gadjah Mada,1132 - Surat Dinas,permohonan dukungan kerja sama pelaksanaan kegiatan gadjah mada enterpreneur expo 2023 dalam rangka hut 74 tahun ugm bem universitas gadjah mada,SURAT DINAS
1. Tanggapan Dewan Komisaris atas Laporan Manajemen Bulan Juli 2023 PT Pos Logistik Indonesia 2. Laporan Pelaksanaan Tugas Pengawasan Dewan Komisaris Bulan Juli 2023,Komisaris Utama PT Pos Logistik Indonesia,1133 - Surat Dinas,1 tanggapan dewan komisaris atas laporan manajemen bulan juli 2023 pt pos logistik indonesia 2 laporan pelaksanaan tugas pengawasan dewan komisaris bulan juli 2023 komisaris utama pt pos logistik indonesia,SURAT DINAS
Undangan Partisipasi Pekan Batik Nusantara Tahun 2023,Walikota Pekalongan,1134 - Surat Dinas,undangan partisipasi pekan batik nusantara tahun 2023 walikota pekalongan,SURAT DINAS
Undangan,Sekretaris Daerah Pemerintah Kota Batu,1135 - Surat Dinas,undangan sekretaris daerah pemerintah kota batu,SURAT DINAS
"Logo ""Pos IND Logistik Indonesia""",Dewan Pengurus Pusat SPPI,1136 - Surat Dinas,logo pos ind logistik indonesia dewan pengurus pusat sppi,SURAT DINAS
Pernyataan Sikap DPP SPPI KB terhadap kebijakan mutasi serta hukuman disiplin tingkat berat berupa PHK kepada Ketua DPC SPPI KB Pekanbaru Sdr. Dasrizal Hardi,Dewan Pengurus Pusat SPPI Kuat Bermartabat,1137 - Surat Dinas,pernyataan sikap dpp sppi kb terhadap kebijakan mutasi serta hukuman disiplin tingkat berat berupa phk kepada ketua dpc sppi kb pekanbaru sdr dasrizal hardi dewan pengurus pusat sppi kuat bermartabat,SURAT DINAS
Biaya Perjalanan Dinas Pindah,DPW 2 SPPI Sumbar Riau Kepri,1138 - Surat Dinas,biaya perjalanan dinas pindah dpw 2 sppi sumbar riau kepri,SURAT DINAS
Sumbangan Uang Perumahan,DPW 2 SPPI Sumbar Riau Kepri,1139 - Surat Dinas,sumbangan uang perumahan dpw 2 sppi sumbar riau kepri,SURAT DINAS
Penerbitan Buku Kerja Eksklusif IKA ITL Trisaakti 2024,Ketua Ikatan Alumni ITL Trisakti,1140 - Surat Dinas,penerbitan buku kerja eksklusif ika itl trisaakti 2024 ketua ikatan alumni itl trisakti,SURAT DINAS
Keputusan Direksi Nomor : KD 072/DIRUT/0923 tentang Perubahan Pertama atas keputusan Direksi PT Pos Indonesia (Persero) Nomor : KD 013/DIRUT/0323 tentang Organisasi dan Tata Kerja,Direktur Utama;,1141 - KD,keputusan direksi nomor kd 072dirut0923 tentang perubahan pertama atas keputusan direksi pt pos indonesia persero nomor kd 013dirut0323 tentang organisasi dan tata kerja direktur utama,KD
PKS Div Hukum (Karyadi),Corporate Secretary;,1142 - SPK dan PKS,pks div hukum karyadi corporate secretary,SPK DAN PKS
Permohonan Rekomendasi Panghapusbukuan dan Pemindahtanganan sebagian Aktiva Tetap Tanah dan Bangunan KCP Tanjung Mataram,Direktur Keuangan MR dan DIRUT;,1143 - Surat Dinas,permohonan rekomendasi panghapusbukuan dan pemindahtanganan sebagian aktiva tetap tanah dan bangunan kcp tanjung mataram direktur keuangan mr dan dirut,SURAT DINAS
Proyek Turap (Tembok Penahan Tanah) di Pesantren Daarul Uluum,Dompet Dana Umat (DDU) Daarul Uluum,1144 - Surat Dinas,proyek turap tembok penahan tanah di pesantren daarul uluum dompet dana umat ddu daarul uluum,SURAT DINAS
Permohonan Dukungan Sponsorship the 4th Indonesia Human Capital Summit,Ketua Umum Forum Human Capital Indonesia,1146 - Surat Dinas,permohonan dukungan sponsorship the 4th indonesia human capital summit ketua umum forum human capital indonesia,SURAT DINAS
Permintaan Pass Bandara,Kepala Otoritas Bandara Soeta;,1147 - Surat Dinas,permintaan pass bandara kepala otoritas bandara soeta,SURAT DINAS
Perjanjian Kerja Sama antara PT Pos Indonesia (Persero) dengan PT Global Loyal Sejahtera tentang Pekerjaan Pengadaan Jasa Pengelola Media Sosial Pos Aja Periode Juli s.d Desember 2023 Nomor : 1347/MPM&AM/0723,SVP Retail Business;,1148 - SPK dan PKS,perjanjian kerja sama antara pt pos indonesia persero dengan pt global loyal sejahtera tentang pekerjaan pengadaan jasa pengelola media sosial pos aja periode juli sd desember 2023 nomor 1347mpmam0723 svp retail business,SPK DAN PKS
Perjanjian Larangan Pengungkapan dan Kerahasiaan antara PT Fintek Karya Nusantara dengan PT Pos Indonesia (Persero) tentang Pertukaran Data dan Informasi Nomor : NDA.250/Retail Business/1023,SVP Retail Business;,1149 - SPK dan PKS,perjanjian larangan pengungkapan dan kerahasiaan antara pt fintek karya nusantara dengan pt pos indonesia persero tentang pertukaran data dan informasi nomor nda250retail business1023 svp retail business,SPK DAN PKS
Adendum Perubahan Perjanjian Kerja Sama antara PT Pos Indonesia (Persero) dengan PT Bank Rakyat Indonesia (Persero) Tbk tentang Sinergi Pemanfaatan Aplikasi BRIMO untuk Transaksi Jasa Layanan Pengiriman Nomor : PKS 245/Retail Business/1023,SVP Retail Business;,1150 - SPK dan PKS,adendum perubahan perjanjian kerja sama antara pt pos indonesia persero dengan pt bank rakyat indonesia persero tbk tentang sinergi pemanfaatan aplikasi brimo untuk transaksi jasa layanan pengiriman nomor pks 245retail business1023 svp retail business,SPK DAN PKS
Risalah Radir 17 Oktober 2024,Direksi;,1151 - risalah,risalah radir 17 oktober 2024 direksi,RISALAH
Penyaluran Bantuan Pangan - CBP Alokasi Oktober 2023,Direktur Supply Chain dan Pelayanan Publik PERUM BULOG,1152 - Surat Dinas,penyaluran bantuan pangan cbp alokasi oktober 2023 direktur supply chain dan pelayanan publik perum bulog,SURAT DINAS
Permintaan Pembayaran Biaya Sewa Kendaraan Bermotor Roda 4 sebanyak 8 Unit,Koperasi Usaha Bersama Kantor Regional Pos 9 Banjarbaru,1153 - Surat Dinas,permintaan pembayaran biaya sewa kendaraan bermotor roda 4 sebanyak 8 unit koperasi usaha bersama kantor regional pos 9 banjarbaru,SURAT DINAS
Sponsorship dan Pameran Puncak Hari Santri IPNU Seindonesia Tahun 2023,Panitia Pelaksana Puncak Hari Santri IPNU Seindonesia Tahun 2023,1154 - Surat Dinas,sponsorship dan pameran puncak hari santri ipnu seindonesia tahun 2023 panitia pelaksana puncak hari santri ipnu seindonesia tahun 2023,SURAT DINAS
Retur Dapem Pensiun Wari/janda karena menikah lagi a.n Ny. Martina,Kepala Kantor Cabang ASABRI Batam,1155 - Surat Dinas,retur dapem pensiun warijanda karena menikah lagi an ny martina kepala kantor cabang asabri batam,SURAT DINAS
Retur Dapem Pensiun Wari/Janda karena menikah lagi a.n Jenie Fivie Ronicha,Kepala Kantor Cabang Asabri Batam,1156 - Surat Dinas,retur dapem pensiun warijanda karena menikah lagi an jenie fivie ronicha kepala kantor cabang asabri batam,SURAT DINAS
Sponsorship MUNAS IX P2TEL tahun 2024,Ketua Persatuan Pensiunan Telkom Pengurus Pusat,1157 - Surat Dinas,sponsorship munas ix p2tel tahun 2024 ketua persatuan pensiunan telkom pengurus pusat,SURAT DINAS
Perjanjian Kerahasiaan (NDA) antara PT Pos Indonesia (Persero) dengan Lembaga National Single Window tentang Pertukaran Data dan Informasi,SVP Retail Business;,1158 - SPK dan PKS,perjanjian kerahasiaan nda antara pt pos indonesia persero dengan lembaga national single window tentang pertukaran data dan informasi svp retail business,SPK DAN PKS
Perjanjian Kerja Sama antara PT Pos Indonesia (Persero) dengan PT Pos Logistik Indonesia tentang Sewa Aplikasi Stori milik PT Pos Logistik Indonesia,SVP Retail Business;,1159 - SPK dan PKS,perjanjian kerja sama antara pt pos indonesia persero dengan pt pos logistik indonesia tentang sewa aplikasi stori milik pt pos logistik indonesia svp retail business,SPK DAN PKS
Laporan Kegiatan Pelatihan Bulan September 2023,Pengurus Jasa Karyawan dan Pensiunan Pos Indonesia Merpati Jaya Mandiri (MJM),1160 - laporan,laporan kegiatan pelatihan bulan september 2023 pengurus jasa karyawan dan pensiunan pos indonesia merpati jaya mandiri mjm,LAPORAN
Permohonan Sponsorship,Penyelenggara Seminar Nasional Dua Hari Indonesia Civilian Police Watch (ICPW),1161 - Surat Dinas,permohonan sponsorship penyelenggara seminar nasional dua hari indonesia civilian police watch icpw,SURAT DINAS
Risalah Ratas POSFIN,Direksi;,1162 - risalah,risalah ratas posfin direksi,RISALAH
Iklan Kemitraan,Direktur Humas dan Kerjasama Muhammadiyah,1163 - Surat Dinas,iklan kemitraan direktur humas dan kerjasama muhammadiyah,SURAT DINAS
Surat Permintaan Penjelasan/Pernyataan,Direktur PT Japan Asia Consultans (JAC),1164 - Surat Dinas,surat permintaan penjelasanpernyataan direktur pt japan asia consultans jac,SURAT DINAS
Perjanjian Kerja Sama antara PT Pos Indonesia (Persero) dengan PT Bioskop Digital Indonesia tentang Penjualan Tiket Voucher Bioskop Online di Aplikasi Pospay Nomor : PKS 237/SVP Consumer Business/1023,SVP Consumer Business;,1166 - SPK dan PKS,perjanjian kerja sama antara pt pos indonesia persero dengan pt bioskop digital indonesia tentang penjualan tiket voucher bioskop online di aplikasi pospay nomor pks 237svp consumer business1023 svp consumer business,SPK DAN PKS
"Proposal ""ALIRUN: Alirkan Semangat untuk Negeri"" tahun 2023",Kepala Dinas Sumber Daya Air Povinsi Jawa Barat,1167 - Surat Dinas,proposal alirun alirkan semangat untuk negeri tahun 2023 kepala dinas sumber daya air povinsi jawa barat,SURAT DINAS
Berita Acara Kesepakatan tentang Penerimaan Pembelian Voucher dan Paket TV Berbayar K-Vision melalui Sistem Online Payment Point Pos antara PT Pos Indonesia (Persero) dan PT Digital Vision Nusantara Nomor : 748/BAK/DIR- 4/0723,Direktur Bisnis Jasa Keuangan;,1168 - BA,berita acara kesepakatan tentang penerimaan pembelian voucher dan paket tv berbayar kvision melalui sistem online payment point pos antara pt pos indonesia persero dan pt digital vision nusantara nomor 748bakdir 40723 direktur bisnis jasa keuangan,BA
Surat Keterangan Bu ASIH,keuangan;,1170 - Surat Dinas,surat keterangan bu asih keuangan,SURAT DINAS
Surat-Surat DPP SPPI yang tidak direspon Perusahaan,Dewan Pengurus Pusat SPPI,1171 - Surat Dinas,suratsurat dpp sppi yang tidak direspon perusahaan dewan pengurus pusat sppi,SURAT DINAS
Permintaan Data,a.n Dirreskrimum Polda Metro Jaya Kasubdit Tahbang/Resmob,1172 - Surat Dinas,permintaan data an dirreskrimum polda metro jaya kasubdit tahbangresmob,SURAT DINAS
Risalah Ratas POSLOG,Direksi;,1173 - Surat Dinas,risalah ratas poslog direksi,SURAT DINAS
Business Case Superapps Platform Integrasi,Direksi;,1174 - Surat Dinas,business case superapps platform integrasi direksi,SURAT DINAS
Laporan Kegiatan,Persatuan Wartawan Indonesia (PWI) Pengurus Provinsi Jawa Barat,1175 - Surat Dinas,laporan kegiatan persatuan wartawan indonesia pwi pengurus provinsi jawa barat,SURAT DINAS
Partisipasi dalam rangka pengamanan menyambut tahun baru 2024,a.n Kepala Kepolisian Daerah Jawa Tengah  Dirbinmas,1176 - Surat Dinas,partisipasi dalam rangka pengamanan menyambut tahun baru 2024 an kepala kepolisian daerah jawa tengah dirbinmas,SURAT DINAS
"Penerbitan Buku :PLN (Persero) Now & Tomorrow; Transisi Energi Menuju Energi Hijau"" dalam rangka memperingati Hari Listrik Nasional ke-78",Manager KIP PLN,1177 - Surat Dinas,penerbitan buku pln persero now tomorrow transisi energi menuju energi hijau dalam rangka memperingati hari listrik nasional ke78 manager kip pln,SURAT DINAS
"Panggilan Rapat Umum Anggota Tahunan (""RUA"") Asosiasi Penyelenggara Pengiriman Uang Indonesia (""APPUI"") Tahun 2023",Asosiasi Penyelenggara Pengiriman Uang Indonesia (APPUI),1179 - Surat Dinas,panggilan rapat umum anggota tahunan rua asosiasi penyelenggara pengiriman uang indonesia appui tahun 2023 asosiasi penyelenggara pengiriman uang indonesia appui,SURAT DINAS
Panggilan untuk memberikan keterangan,Kasubdit Pemeriksaan Bukti Permulaan,1180 - Surat Dinas,panggilan untuk memberikan keterangan kasubdit pemeriksaan bukti permulaan,SURAT DINAS
Permohonan Kerjasama Program Sedekah Barang,Ketua Badan Amil Zakat Nasional Republik Indonesia,1181 - Surat Dinas,permohonan kerjasama program sedekah barang ketua badan amil zakat nasional republik indonesia,SURAT DINAS
Pemenuhan Kewajiban Pelaporan SPT Tahunan Pegawai,Kepala Kantor Pelayanan Pajak Pratama Bandung Bojonagara  Kementerian Keuangan RI,1182 - Surat Dinas,pemenuhan kewajiban pelaporan spt tahunan pegawai kepala kantor pelayanan pajak pratama bandung bojonagara kementerian keuangan ri,SURAT DINAS
Ucapan Selamat atas Penghargaan Stellar Workplace Award 2023,Pimpinan Redaksi Kontan Business & Investment Media,1183 - Surat Dinas,ucapan selamat atas penghargaan stellar workplace award 2023 pimpinan redaksi kontan business investment media,SURAT DINAS
Pengantar Proposal,MotoAmp Institut Teknologi Bandung,1184 - Surat Dinas,pengantar proposal motoamp institut teknologi bandung,SURAT DINAS
Penawaran Sistem Alamat yang dirancang untuk era digital,Co-founder dan CEO what3words,1185 - Surat Dinas,penawaran sistem alamat yang dirancang untuk era digital cofounder dan ceo what3words,SURAT DINAS
Undangan Diklat : Pengamanan VIP  VVIP/Close Protection Guard Teori/Praktek Pengenalan Senjata Api (Menembak),Ketua Penyelenggara Lp2Kp Artha Nugraha,1186 - Surat Dinas,undangan diklat pengamanan vip vvipclose protection guard teoripraktek pengenalan senjata api menembak ketua penyelenggara lp2kp artha nugraha,SURAT DINAS
Surat Keterangan a.n Sudarno,Corporate Secretary;,1187 - Surat Dinas,surat keterangan an sudarno corporate secretary,SURAT DINAS
Keputusan Direksi Nomor : KD 74/DIRUT/1023 tentang Fasilitas Bantuan Hukum Komisaris/Direksi dan Mantan Komisaris/Direksi,Direktur Utama;,1188 - KD,keputusan direksi nomor kd 74dirut1023 tentang fasilitas bantuan hukum komisarisdireksi dan mantan komisarisdireksi direktur utama,KD
Risalah Radir 24 Oktober 2024,Direksi;,1189 - risalah,risalah radir 24 oktober 2024 direksi,RISALAH
Surat Keputusan Direksi Nomor : SK 1777/DIRUT/0823 tentang Tim Pelaksana Penyaluran Bantuan Sosial Kementerian Sosial Republik Indonesia Tahun 2023,Direktur Utama;,1190 - SK,surat keputusan direksi nomor sk 1777dirut0823 tentang tim pelaksana penyaluran bantuan sosial kementerian sosial republik indonesia tahun 2023 direktur utama,SK
Perjanjian Kerja Waktu Tertentu antara PT Pos Indonesia (Persero) dengan Harold Christian Basana Purba sebagai Tenaga Kerja Profesional Perusahaan Nomor : PKS 234/DIR- 5/1023,Direktur Bisnis Kurir dan Logistik;,1191 - SPK dan PKS,perjanjian kerja waktu tertentu antara pt pos indonesia persero dengan harold christian basana purba sebagai tenaga kerja profesional perusahaan nomor pks 234dir 51023 direktur bisnis kurir dan logistik,SPK DAN PKS
PKS dan BAK PT Gapura Angkasa,Direktur Utama;,1192 - SPK dan PKS,pks dan bak pt gapura angkasa direktur utama,SPK DAN PKS
Risalah Radir 31 Oktober 2023,Direksi;,1193 - risalah,risalah radir 31 oktober 2023 direksi,RISALAH
PKS/SPK Div Hukum (Karyadi),Corporate Secretary;,1194 - SPK dan PKS,pksspk div hukum karyadi corporate secretary,SPK DAN PKS
PKS/SPK Div Hukum (Karyadi),Corsec;,1195 - SPK dan PKS,pksspk div hukum karyadi corsec,SPK DAN PKS
Undangan Seminar Nasional dan Pengukuhan Gelar Kompetensi ACCIA  CCIA  CPIA  CPAM,Ketua Panitia Lembaga Sertifikasi Profesi Auditor Internal (LSPAI),1196 - Surat Dinas,undangan seminar nasional dan pengukuhan gelar kompetensi accia ccia cpia cpam ketua panitia lembaga sertifikasi profesi auditor internal lspai,SURAT DINAS
Informasi Seminar Nasional Indonesia RISE 2045 Program,Pusat Kajian Geopolitik dan Geostrategi Indonesia,1197 - Surat Dinas,informasi seminar nasional indonesia rise 2045 program pusat kajian geopolitik dan geostrategi indonesia,SURAT DINAS
SPPD permintaan dari mutia purel. SPPD Pelatihan Digital Warior di Jakarta tgl 26-27 Okt 2023,VP General Support;,1198 - Surat Dinas,sppd permintaan dari mutia purel sppd pelatihan digital warior di jakarta tgl 2627 okt 2023 vp general support,SURAT DINAS
PKS Div Hukum (Karyadi),Corporate Secretary;,1199 - SPK dan PKS,pks div hukum karyadi corporate secretary,SPK DAN PKS
PKS Div Hukum (Karyadi),Corporate Secretary;,1200 - SPK dan PKS,pks div hukum karyadi corporate secretary,SPK DAN PKS
Adendum atas Perjanjian Kerja Sama Nomor : PKS 205/SVP Retail Business/1122 antara PT Pos Indonesia (Persero) dengan PT Bringin Inti Teknologi tentang Pemanfaatan Layanan Jasa Pos untuk Kiriman Produk,SVP Retail Business;,1201 - SPK dan PKS,adendum atas perjanjian kerja sama nomor pks 205svp retail business1122 antara pt pos indonesia persero dengan pt bringin inti teknologi tentang pemanfaatan layanan jasa pos untuk kiriman produk svp retail business,SPK DAN PKS
Perjanjian Kerahasiaan (NDA) antara PT Pos Indonesia (Persero) dengan PT Multi Areal Planning Indonesia tentang Pertukaran Data dan/atau Informasi,SVP Retail Business;,1202 - SPK dan PKS,perjanjian kerahasiaan nda antara pt pos indonesia persero dengan pt multi areal planning indonesia tentang pertukaran data danatau informasi svp retail business,SPK DAN PKS
Keputusan Direksi PT Pos Indonesia (Persero) tentang Kontrak Manajemen Tahunan,Direktur Utama;,1203 - KD,keputusan direksi pt pos indonesia persero tentang kontrak manajemen tahunan direktur utama,KD
Perjanjian Kerja Sama antara Lembaga Ketahanan Nasional Republik Indonesia dengan PT Pos Indonesia (Persero) tentang Pengiriman Dokumen Surat dan Paket,Direktur Bisnis Kurir dan Logistik;,1204 - SPK dan PKS,perjanjian kerja sama antara lembaga ketahanan nasional republik indonesia dengan pt pos indonesia persero tentang pengiriman dokumen surat dan paket direktur bisnis kurir dan logistik,SPK DAN PKS
Adendum Pertama Perjanjian Kerja Sama tentang Jasa Pengiriman Kiriman Barang Berharga Nomor : PKS 318/SVP Enterprise Business/1121 antara PT BCA Finance dengan PT Pos Indonesia (Persero),SVP Enterprise Business;,1205 - SPK dan PKS,adendum pertama perjanjian kerja sama tentang jasa pengiriman kiriman barang berharga nomor pks 318svp enterprise business1121 antara pt bca finance dengan pt pos indonesia persero svp enterprise business,SPK DAN PKS
Surat Keputusan Direksi tentang Tim Digitalisasi dan Penataan Ulang Alih Media Arsip Sumber Daya Manusia PT Pos Indonesia (Persero),Direktur Utama;,1206 - SK,surat keputusan direksi tentang tim digitalisasi dan penataan ulang alih media arsip sumber daya manusia pt pos indonesia persero direktur utama,SK
Undangan Seminar Nasional West Java Economic Society (WJES) 2023,Direktur Kantor Perwakilan Bank Indonesia Provinsi Jawa Barat,1207 - Surat Dinas,undangan seminar nasional west java economic society wjes 2023 direktur kantor perwakilan bank indonesia provinsi jawa barat,SURAT DINAS
Pemberitahuan Alternatif Penyelesaian Pekerjaan PT Duta Kalingga Pratama (PT DKP) pada PT Pos Indonesia sesuai Surat Perintah Kerja Nomor : 06302/Asset Management/0623 tanggal 30 Juni 2023,Direktur PT Duta Kalingga Pratama Jakarta,1208 - Surat Dinas,pemberitahuan alternatif penyelesaian pekerjaan pt duta kalingga pratama pt dkp pada pt pos indonesia sesuai surat perintah kerja nomor 06302asset management0623 tanggal 30 juni 2023 direktur pt duta kalingga pratama jakarta,SURAT DINAS
Pendampingan Reviu Bantuan Pangan Tahap I Tahun 2023,Direktur Supply Chain dan Pelayanan Publik Perum BULOG,1209 - Surat Dinas,pendampingan reviu bantuan pangan tahap i tahun 2023 direktur supply chain dan pelayanan publik perum bulog,SURAT DINAS
Undangan Workshop BUMN dan Anak Usaha di November - Desember 2023,Erik Yosafat Koran BUMN,1210 - Surat Dinas,undangan workshop bumn dan anak usaha di november desember 2023 erik yosafat koran bumn,SURAT DINAS
Notice of Your Selection as The Best Industry Marketing Champion 2023,Founder & Chairman of MCorp  on behalf of the marketeer of the year 2023  judge panel,1211 - Surat Dinas,notice of your selection as the best industry marketing champion 2023 founder chairman of mcorp on behalf of the marketeer of the year 2023 judge panel,SURAT DINAS
SPPD permintaan dari mutia purel. SPPD Pelatihan Digital Warior di Jakarta tgl 26-27 Okt 2023,VP General Support;,1212 - Surat Dinas,sppd permintaan dari mutia purel sppd pelatihan digital warior di jakarta tgl 2627 okt 2023 vp general support,SURAT DINAS
Application for Internship,Head of  Master of Business Administration Program ITB,1213 - Surat Dinas,application for internship head of master of business administration program itb,SURAT DINAS
Membasuh Luka Palestina,Deputi Bidang Pengumpulan Badan Amil Zakat Nasional Republik Indonesia,1214 - Surat Dinas,membasuh luka palestina deputi bidang pengumpulan badan amil zakat nasional republik indonesia,SURAT DINAS
Penawaran Pelatihan Pemantapan Nilai-Nilai Kebangsaan,Direktur Utama PT Pertamina Training & Consulting,1215 - Surat Dinas,penawaran pelatihan pemantapan nilainilai kebangsaan direktur utama pt pertamina training consulting,SURAT DINAS
Pemberitahuan Ke-II (Dua),Kepala Kantor Pertanahan Kota Bandung,1216 - Surat Dinas,pemberitahuan keii dua kepala kantor pertanahan kota bandung,SURAT DINAS
Surat Konfirmasi Hutang Usaha - 1 (satu),Senior Manager Billing  Tax & Collection PT Cakrawala Andalas Televisi (antv),1217 - Surat Dinas,surat konfirmasi hutang usaha 1 satu senior manager billing tax collection pt cakrawala andalas televisi antv,SURAT DINAS
Sponsorship Proposal Grand Final Pemilihan Duta Kampus ULBI 2023,Duta Kampus ULBI,1218 - proposal,sponsorship proposal grand final pemilihan duta kampus ulbi 2023 duta kampus ulbi,PROPOSAL
Penerbitan Buku Agenda Kerja BUMN RI 2024 Bersama FSP BUMN,Badan Pengurus Federasi Serikat Pekerja Badan Usaha Milik Negara (BPF SP BUMN),1219 - Surat Dinas,penerbitan buku agenda kerja bumn ri 2024 bersama fsp bumn badan pengurus federasi serikat pekerja badan usaha milik negara bpf sp bumn,SURAT DINAS
Invoice Termin ke-5 Pekerjaan Pembangunan SPP POS Jakarta Timur,Direktur Rancang Bangun Mandiri,1220 - Surat Dinas,invoice termin ke5 pekerjaan pembangunan spp pos jakarta timur direktur rancang bangun mandiri,SURAT DINAS
Permohonan Sponsor Seminar Nasional,Penyelenggara Seminar Nasional Dua Hari CTRS,1221 - Surat Dinas,permohonan sponsor seminar nasional penyelenggara seminar nasional dua hari ctrs,SURAT DINAS
Perjanjian Kerja Sama antara PT Asabri (Persero) dengan PT Pos Indonesia (Persero) tentang Pembayaran Manfaat Asuransi Sosial dan Pengelolaan Data Penerima fasilitas Kredit kepada Peserta Asabri Nomor : PKS 192/DIRUT/0823,Direktur Utama;,1222 - SPK dan PKS,perjanjian kerja sama antara pt asabri persero dengan pt pos indonesia persero tentang pembayaran manfaat asuransi sosial dan pengelolaan data penerima fasilitas kredit kepada peserta asabri nomor pks 192dirut0823 direktur utama,SPK DAN PKS
Rekomendasi MUNAS-1 SPPI KB Tahun 2023,Dewan Pengurus Pusat SPPI Kuat Bermartabat,1223 - Surat Dinas,rekomendasi munas1 sppi kb tahun 2023 dewan pengurus pusat sppi kuat bermartabat,SURAT DINAS
SPPD permintaan dari mutia purel. SPPD Pelatihan Digital Warior di Jakarta tgl 26-27 Okt 2023,VP General Support;,1224 - Surat Dinas,sppd permintaan dari mutia purel sppd pelatihan digital warior di jakarta tgl 2627 okt 2023 vp general support,SURAT DINAS
Adendum Kelima atas Perjanjian Kerja Sama antara PT Tokopedia dengan PT Pos Indonesia (Persero) tentang Layanan Pengiriman Barang,SVP Retail Business;,1225 - SPK dan PKS,adendum kelima atas perjanjian kerja sama antara pt tokopedia dengan pt pos indonesia persero tentang layanan pengiriman barang svp retail business,SPK DAN PKS
Perjanjian Kerja Sama antara PT Pos Indonesia (Persero) dengan PT Asuransi Central Asia (ACA) tentang Asuransi Kiriman Kurir dan Logistik Dalam Negeri Nomor : PKS 270/SVP Retail Business/1023,SVP Retail Business;,1226 - SPK dan PKS,perjanjian kerja sama antara pt pos indonesia persero dengan pt asuransi central asia aca tentang asuransi kiriman kurir dan logistik dalam negeri nomor pks 270svp retail business1023 svp retail business,SPK DAN PKS
PKS Div Hukum (Karyadi),Corporate Secretary;,1227 - Surat Dinas,pks div hukum karyadi corporate secretary,SURAT DINAS
Perjanjian Kerja Waktu Tertentu antara PT Pos Indonesia (Persero) dengan Adhita Rinaldy sebagai Tenaga Kerja Profesional Perusahaan Nomor : PKS 247/DIR-5/1023,Direktur Bisnis Kurir dan Logistik;,1228 - SPK dan PKS,perjanjian kerja waktu tertentu antara pt pos indonesia persero dengan adhita rinaldy sebagai tenaga kerja profesional perusahaan nomor pks 247dir51023 direktur bisnis kurir dan logistik,SPK DAN PKS
Surat Keputusan Direksi Nomor : SK 2125/DIR- 2/1023 tentang Hasil Seleksi Akhir Penerima Beasiswa Rekognisi Pembelajaran Lampau Program Studi D3 Logistik Bisnis dan Program Studi Sarjana Terapan Logistik Bisnis pada Universitas Logistik dan Bisnis Internasional Tahun 2023,Direktur Human Capital Management;,1229 - SK,surat keputusan direksi nomor sk 2125dir 21023 tentang hasil seleksi akhir penerima beasiswa rekognisi pembelajaran lampau program studi d3 logistik bisnis dan program studi sarjana terapan logistik bisnis pada universitas logistik dan bisnis internasional tahun 2023 direktur human capital management,SK
Perjanjian Kerja Sama antara PT Pos Indonesia (Persero) dengan Universitas Logistik dan Bisnis Internasional tentang Program Rekognisi Pembelajaran Lampau bagi Karyawan PT Pos Indonesia (Persero) di Universitas Logistik dan Bisnis Internasional Tahun 2023 Nomor : 165/DIR-2/0723,Direktur Human Capital Management;,1230 - SPK dan PKS,perjanjian kerja sama antara pt pos indonesia persero dengan universitas logistik dan bisnis internasional tentang program rekognisi pembelajaran lampau bagi karyawan pt pos indonesia persero di universitas logistik dan bisnis internasional tahun 2023 nomor 165dir20723 direktur human capital management,SPK DAN PKS
Perjanjian antara PT Pos Indonesia (Persero) dengan Kantor Jasa Penilai Publik (KJPP) Asmawi dan Rekan tentang Pekerjaan Jasa Penilaian atas Aset ex Fraud Ternate Nomor : PKS 258/DIR-1/1023,Direktur Keuangan dan Manajemen Risiko;,1231 - SPK dan PKS,perjanjian antara pt pos indonesia persero dengan kantor jasa penilai publik kjpp asmawi dan rekan tentang pekerjaan jasa penilaian atas aset ex fraud ternate nomor pks 258dir11023 direktur keuangan dan manajemen risiko,SPK DAN PKS
Perjanjian Kerja Sama antara PT Visionet Internasional dengan PT Pos Indonesia (Persero) tentang Layanan Top Up Ovo berbasis Snap melalui Channel PT Pos Indonesia (Persero) Nomor : PKS 252/DIR-4/1023,Direktur Bisnis Jasa Keuangan;,1232 - SPK dan PKS,perjanjian kerja sama antara pt visionet internasional dengan pt pos indonesia persero tentang layanan top up ovo berbasis snap melalui channel pt pos indonesia persero nomor pks 252dir41023 direktur bisnis jasa keuangan,SPK DAN PKS
Perjanjian Kerahasiaan Data dan Informasi Pra - Kontak dengan PT PT Remid Karya Indonesia Nomor : NDA 265/SVP Corporate Business/1023,SVP Government and Corporate Business;,1233 - SPK dan PKS,perjanjian kerahasiaan data dan informasi pra kontak dengan pt pt remid karya indonesia nomor nda 265svp corporate business1023 svp government and corporate business,SPK DAN PKS
Perjanjian Kerja Sama antara PT Pos Indonesia (Persero) dengan Pusat Koperasi Pedagang Kecil (Puskopak) tentang Pemotongan Uang Pensiun untuk Angsuran Kredit Pensiun dan Pemeliharaan Data (Flagging) Pegawai Negeri Sipil/Aparatur Sipil Negara/TNI/POLRI dan Pensiunan yang memperoleh Kredit melalui Koperasi PUSKOPAK Nomor : PKS 249/SVP/1023,SVP Government and Corporate Business;,1234 - SPK dan PKS,perjanjian kerja sama antara pt pos indonesia persero dengan pusat koperasi pedagang kecil puskopak tentang pemotongan uang pensiun untuk angsuran kredit pensiun dan pemeliharaan data flagging pegawai negeri sipilaparatur sipil negaratnipolri dan pensiunan yang memperoleh kredit melalui koperasi puskopak nomor pks 249svp1023 svp government and corporate business,SPK DAN PKS
Perjanjian Kerja Sama antara PT Pos Indonesia (Persero) dengan Koperasi Jasa Serba Usaha POSTRA tentang Pemotongan Uang Pensiun untuk Angsuran Kredit Pensiun dan Pemeliharaan Data (Flagging) Pegawai Negeri Sipil/Aparatur Sipil Negara/TNI/POLRI dan Pensiunan yang memperoleh Kredit melalui Koperasi Jasa Serba Usaha POSTRA Nomor : PKS 248/SVP/1023,SVP Government and Corporate Business;,1235 - SPK dan PKS,perjanjian kerja sama antara pt pos indonesia persero dengan koperasi jasa serba usaha postra tentang pemotongan uang pensiun untuk angsuran kredit pensiun dan pemeliharaan data flagging pegawai negeri sipilaparatur sipil negaratnipolri dan pensiunan yang memperoleh kredit melalui koperasi jasa serba usaha postra nomor pks 248svp1023 svp government and corporate business,SPK DAN PKS
Berita Acara Kesepakatan antara PT Pos Indonesia (Persero) dengan PT MNC Teknologi Nusantara tentang Penerimaan Cash in dan Penarikan Cash out Motionpay melalui Kantor Pos seara Host to Host Nomor : BAK 952/DIR-4/1023,Direktur Bisnis Jasa Keuangan;,1236 - SPK dan PKS,berita acara kesepakatan antara pt pos indonesia persero dengan pt mnc teknologi nusantara tentang penerimaan cash in dan penarikan cash out motionpay melalui kantor pos seara host to host nomor bak 952dir41023 direktur bisnis jasa keuangan,SPK DAN PKS
MOU Perum LKBN,Direktur Utama;,1237 - SPK dan PKS,mou perum lkbn direktur utama,SPK DAN PKS
PKS/SPK Divisi Hukum,Corporate Secretary;,1238 - SPK dan PKS,pksspk divisi hukum corporate secretary,SPK DAN PKS
Surat Edaran Nomor 18 Tahun 2023 tentang Imbauan Penyelenggaraan Kegiatan Hari Antikorupsi Sedunia (Hakordia) Tahun 2023,Pimpinan Komisi Pemberantasan Korupsi,1239 - Surat Dinas,surat edaran nomor 18 tahun 2023 tentang imbauan penyelenggaraan kegiatan hari antikorupsi sedunia hakordia tahun 2023 pimpinan komisi pemberantasan korupsi,SURAT DINAS
Invitation to 29th ASEAN Postal Business Meeting (APBM) 4-6 December 2023  Brunei Darussalam,Dr. Rosdi bin Haji Abdul Aziz  Postal Services Department Brunei Darussalam,1242 - Surat Dinas,invitation to 29th asean postal business meeting apbm 46 december 2023 brunei darussalam dr rosdi bin haji abdul aziz postal services department brunei darussalam,SURAT DINAS
Surat keputusan Corporate Secretary tentang Penunjukan Panitia Rapat Pimpinan PT Pos Indonesia (Persero) Q3 tahun 2023,Corporate Secretary;,1243 - SK,surat keputusan corporate secretary tentang penunjukan panitia rapat pimpinan pt pos indonesia persero q3 tahun 2023 corporate secretary,SK
Permohonan Sponsorship,Forum Film Jawa Barat,1244 - Surat Dinas,permohonan sponsorship forum film jawa barat,SURAT DINAS
Penjelasan pensiunan pegawai PT Pos Indonesia (Persero),an Kepala Badan Kepegawaian Negara  Deputi Bidang Mutasi Kepegawaian,1245 - Surat Dinas,penjelasan pensiunan pegawai pt pos indonesia persero an kepala badan kepegawaian negara deputi bidang mutasi kepegawaian,SURAT DINAS
Penyaluran Bantuan Pangan- CBP Alokasi November 2023,Perusahaan Umum (Perum) BULOG,1246 - Surat Dinas,penyaluran bantuan pangan cbp alokasi november 2023 perusahaan umum perum bulog,SURAT DINAS
Undangan Workshop Role and Responsibilities of Board of Commisioner  Board of Director and Committees,Direktur Lembaga Pengembangan Profesi Risiko Manajemen Gagasan,1247 - Surat Dinas,undangan workshop role and responsibilities of board of commisioner board of director and committees direktur lembaga pengembangan profesi risiko manajemen gagasan,SURAT DINAS
Ucapan Terima Kasih,Ketua Korps Veteran Karyawan Postel/LVRI,1248 - Surat Dinas,ucapan terima kasih ketua korps veteran karyawan postellvri,SURAT DINAS
Dana Pengembangan PT Asuransi Jiwasraya (Persero),Alfa W.T. Kaunang,1249 - Surat Dinas,dana pengembangan pt asuransi jiwasraya persero alfa wt kaunang,SURAT DINAS
Tournament Golf HLN ke-78 Tahun 2023,Serikat Pekerja PT PLN (Persero),1250 - Surat Dinas,tournament golf hln ke78 tahun 2023 serikat pekerja pt pln persero,SURAT DINAS
Proposal Sponsorship ULBI Seminar Nasional Program Studi Manajemen Transportasi 2023,ULBI,1251 - proposal,proposal sponsorship ulbi seminar nasional program studi manajemen transportasi 2023 ulbi,PROPOSAL
Tanggapan atas Hasil Evaluasi pada Program Racing Kredit Pensiun,Pengurus Koperasi Jasa Danamitra Utama,1252 - Surat Dinas,tanggapan atas hasil evaluasi pada program racing kredit pensiun pengurus koperasi jasa danamitra utama,SURAT DINAS
1. Tanggapan Dewan Komisaris atas Laporan Manajemen bulan Agustus 2023 PT Pos Logistik Indonesia. 2. Laporan Pelaksanaan Tugas Pengawasan Dewan Komisaris bulan Agustus 2023.,Komisaris PT Pos Ligistik Indonesia,1253 - Surat Dinas,1 tanggapan dewan komisaris atas laporan manajemen bulan agustus 2023 pt pos logistik indonesia 2 laporan pelaksanaan tugas pengawasan dewan komisaris bulan agustus 2023 komisaris pt pos ligistik indonesia,SURAT DINAS
Adendum Pertama atas Perjanjian Kerja Sama antara PT Jelajah Inovasi Teknologi dengan PT Pos Indonesia (Persero) tentang Pengiriman Kiriman Marketplace,SVP Retail Business;,1254 - SPK dan PKS,adendum pertama atas perjanjian kerja sama antara pt jelajah inovasi teknologi dengan pt pos indonesia persero tentang pengiriman kiriman marketplace svp retail business,SPK DAN PKS
Adendum Pertama atas Perjanjian Kerja Sama antara PT Aeon Credit Service Indonesia dengan PT Pos Indonesia (Persero) tentang Penerimaan Pembayaran Angsuran Kredit dan Tagihan Kartu Kredit secara Online Nomor : PKS 261/DIR- 4/1023,Direktur Bisnis Jasa Keuangan;,1255 - SPK dan PKS,adendum pertama atas perjanjian kerja sama antara pt aeon credit service indonesia dengan pt pos indonesia persero tentang penerimaan pembayaran angsuran kredit dan tagihan kartu kredit secara online nomor pks 261dir 41023 direktur bisnis jasa keuangan,SPK DAN PKS
Berita Acara Kesepakatan tentang Penyelenggaraan Sharing Biller antara PT Pos Indonesia (Persero) dengan PT Bank Negara Indonesia (Persero) Tbk Nomor : BAK 901/DIR-4/0923,Direktur Bisnis Jasa Keuangan;,1256 - SPK dan PKS,berita acara kesepakatan tentang penyelenggaraan sharing biller antara pt pos indonesia persero dengan pt bank negara indonesia persero tbk nomor bak 901dir40923 direktur bisnis jasa keuangan,SPK DAN PKS
Risalah Radir 7 November 2023,Direksi;,1257 - risalah,risalah radir 7 november 2023 direksi,RISALAH
Keputusan Direksi tentang Tunjangan Khusus Daerah Terdepan  Terluar Tertinggal bagi Karyawan/Calon Karyawan dan Tenaga Kontrak di Kantor Layanan Pos Universal,Direktur Utama;,1258 - KD,keputusan direksi tentang tunjangan khusus daerah terdepan terluar tertinggal bagi karyawancalon karyawan dan tenaga kontrak di kantor layanan pos universal direktur utama,KD
Permohonan Rekomendasi Penghapusbukuan dan Pemindahbukuan sebagian Aset Tanah dan Bangunan KCP Nusukan,Direktur Utama;,1259 - Surat Dinas,permohonan rekomendasi penghapusbukuan dan pemindahbukuan sebagian aset tanah dan bangunan kcp nusukan direktur utama,SURAT DINAS
1. Feasibiity Study Usulan Belanja Investasi RKAP 2024 2. Business Case Usulan Belanja Investasi RKAP 2024,Direktur Oeprasi dan Digital Services;,1260 - laporan,1 feasibiity study usulan belanja investasi rkap 2024 2 business case usulan belanja investasi rkap 2024 direktur oeprasi dan digital services,LAPORAN
Permohonan Rekomendasi Penghapusbukuan bangunan Eks Museum Prangko Indonesia di Taman Mini Indonesia Indah,Direktur Utama dan Direktur Keuangan dan Manajemen Risiko;,1261 - Surat Dinas,permohonan rekomendasi penghapusbukuan bangunan eks museum prangko indonesia di taman mini indonesia indah direktur utama dan direktur keuangan dan manajemen risiko,SURAT DINAS
Pemberitahua Rapat Umum Anggota Luar Biasa (RUA- LB) Asosiasi Sistem Pembayaran Indonesia (ASPI) Tahun 2023,Asosiasi Sistem Pembayaran Indonesia (ASPI),1262 - Surat Dinas,pemberitahua rapat umum anggota luar biasa rua lb asosiasi sistem pembayaran indonesia aspi tahun 2023 asosiasi sistem pembayaran indonesia aspi,SURAT DINAS
Keputusan Dewan Komisaris Nomor : 258/DEKOM/1123 tentang Pemberhentian dan Pengangkatan Anggota Komite Audit Dewan Komisaris PT Pos Indonesia (Persero),Komisaris Utama,1263 - KD,keputusan dewan komisaris nomor 258dekom1123 tentang pemberhentian dan pengangkatan anggota komite audit dewan komisaris pt pos indonesia persero komisaris utama,KD
Tanggapan Dewan Komisaris atas Laporan Manajemen Triwulan III Tahun 2023 PT Pos Indonesia (Persero),Komisaris Utama,1264 - Surat Dinas,tanggapan dewan komisaris atas laporan manajemen triwulan iii tahun 2023 pt pos indonesia persero komisaris utama,SURAT DINAS
Surat Keputusan Direksi Nomor : 1938/DIRUT/0923 tentang Susunan Tim Koordinasi Penyelenggaraan Layanan Pos Universal Tahun Anggaran 2023,Direktur Utama;,1265 - KD,surat keputusan direksi nomor 1938dirut0923 tentang susunan tim koordinasi penyelenggaraan layanan pos universal tahun anggaran 2023 direktur utama,KD
Keputusan Direksi Nomor KD.071/DIRUT/0923 tentang Pembentukan Tim Koordinasi Penyelenggaraan Subsidi Operasional Layanan Pos Universal di Lingkungan PT Pos Indonesia (Persero),Direktur Utama;,1266 - KD,keputusan direksi nomor kd071dirut0923 tentang pembentukan tim koordinasi penyelenggaraan subsidi operasional layanan pos universal di lingkungan pt pos indonesia persero direktur utama,KD
SPK Div Hukum (Karyadi),Corsec;,1268 - SPK dan PKS,spk div hukum karyadi corsec,SPK DAN PKS
1. Berita Acara Kesepakatan tentang Perjanjian Kerja Sama Asuransi Kiriman Kurir dan Logistik dalam Negeri Nomor : 2065/RB/1023 2. Perjanjian Kerja Sama antara PT Pos Indonesia (Persero) dengan PT Asuransi Jasa Indonesia tentang Asuransi Kiriman Kurir dan Logistik Dalam Negeri Nomor : PKS 269/SVP Retail Business/1023 JASINDO,SVP Ritel Bisnis;,1269 - SPK dan PKS,1 berita acara kesepakatan tentang perjanjian kerja sama asuransi kiriman kurir dan logistik dalam negeri nomor 2065rb1023 2 perjanjian kerja sama antara pt pos indonesia persero dengan pt asuransi jasa indonesia tentang asuransi kiriman kurir dan logistik dalam negeri nomor pks 269svp retail business1023 jasindo svp ritel bisnis,SPK DAN PKS
Permintaan ATK,Man Rumah Tangga;,1270 - Surat Dinas,permintaan atk man rumah tangga,SURAT DINAS
Pengadaan Pengurusan Penerbitan Sertifikat Tanah Milik PT Pos Indonesia (Persero) - SHGB Kantor Cabang Bojonegoro 62100,Direktur Keuangan dan Manajemen Risiko;,1271 - Surat Dinas,pengadaan pengurusan penerbitan sertifikat tanah milik pt pos indonesia persero shgb kantor cabang bojonegoro 62100 direktur keuangan dan manajemen risiko,SURAT DINAS
Permohonan Dana,Syandana Fadhil S  HME ITB,1272 - proposal,permohonan dana syandana fadhil s hme itb,PROPOSAL
SPK div hukum (Karyadi),Corporate Secretary;,1274 - pks,spk div hukum karyadi corporate secretary,PKS
Undangan Penandatanganan PKS,Corporate Secretary;,1275 - Surat Dinas,undangan penandatanganan pks corporate secretary,SURAT DINAS
Undangan Penandatanganan PKS,Corporate Secretary;,1276 - Surat Dinas,undangan penandatanganan pks corporate secretary,SURAT DINAS
undangan sebagai narasumber,Corporate Secretary;,1277 - Surat Dinas,undangan sebagai narasumber corporate secretary,SURAT DINAS
PKS/SPK Div Hukum (Karyadi),Corporate Secretary;,1278 - SPK dan PKS,pksspk div hukum karyadi corporate secretary,SPK DAN PKS
Undangan Penandatanganan PKS,Gapura Angkasa;,1279 - Surat Dinas,undangan penandatanganan pks gapura angkasa,SURAT DINAS
Surat Permohonan Rekomendasi Penghapusbukuan Aktiva Tetap Kantor Pos Jakarta Utara,Direktur Utama dan Direktur Keuangan dan MR;,1280 - Surat Dinas,surat permohonan rekomendasi penghapusbukuan aktiva tetap kantor pos jakarta utara direktur utama dan direktur keuangan dan mr,SURAT DINAS
Perjanjian Kerja Sama antara PT Pos Indonesia (Persero) dengan Universitas Telkom tentang Program Magang Mahasiswa Program Studi Desain Komunikasi Visual Fakultas Industri Kreatif Universitas Telkom Nomor : PKS 239/DIR-2/0923,Direktur Human Capital Management (Tonggo Marbun);,1281 - SPK dan PKS,perjanjian kerja sama antara pt pos indonesia persero dengan universitas telkom tentang program magang mahasiswa program studi desain komunikasi visual fakultas industri kreatif universitas telkom nomor pks 239dir20923 direktur human capital management tonggo marbun,SPK DAN PKS
Perjanjian Kerja Sama antara PT Pos Indonesia (Persero) dengan Universitas Logistik dan Bisnis Internasional (ULBI) tentang Program Ikatan Dinas Beasiswa (PosID Beasiswa) Nomor : PKS 292/DIR-2/1123,Direktur Human Capital Management;,1283 - SPK dan PKS,perjanjian kerja sama antara pt pos indonesia persero dengan universitas logistik dan bisnis internasional ulbi tentang program ikatan dinas beasiswa posid beasiswa nomor pks 292dir21123 direktur human capital management,SPK DAN PKS
Adendum Perjanjian Kerja antara Direktorat Jenderal Penyelenggaraan Pos dan Informatika dan PT Pos Indonesia (Persero) tentang Subsidi Operasional Penyelenggaraan Layanan Pos Universal Tahun Anggaran 2023. Nomor : PKS 293/DIRUT/1123,Direktur Utama;,1284 - SPK dan PKS,adendum perjanjian kerja antara direktorat jenderal penyelenggaraan pos dan informatika dan pt pos indonesia persero tentang subsidi operasional penyelenggaraan layanan pos universal tahun anggaran 2023 nomor pks 293dirut1123 direktur utama,SPK DAN PKS
pa aher,direksi;,1285 - Surat Dinas,pa aher direksi,SURAT DINAS
Perjanjian Kerja Sama antara Perusahaan Perseroan (Persero) PT Telekomunikasi Indonesia dengan PT Pos Indonesia (Persero) tentang Pengiriman Kiriman Marketplace PADI UMKM Nomor : PKS 230/Retail Business/0923,SVP Retail Business;,1287 - SPK dan PKS,perjanjian kerja sama antara perusahaan perseroan persero pt telekomunikasi indonesia dengan pt pos indonesia persero tentang pengiriman kiriman marketplace padi umkm nomor pks 230retail business0923 svp retail business,SPK DAN PKS
Keputusan Direksi tentang Identitas Perusahaan,Corporate Secretary;,1288 - KD,keputusan direksi tentang identitas perusahaan corporate secretary,KD
Surat Keputusan Pendiri Dana Pensiun Pos Indonesia tentang Perubahan Pertama Surat Keputusan Pendiri Dana Pensiun Pos Indonesia Nomor : SK 1151/DIRUT/0623 tentang Penetapan Gaji Pengurus dan Honorarium Dewan Pengawas Dana Pensiun Pos Indonesia,Direktur Utama;,1289 - SK,surat keputusan pendiri dana pensiun pos indonesia tentang perubahan pertama surat keputusan pendiri dana pensiun pos indonesia nomor sk 1151dirut0623 tentang penetapan gaji pengurus dan honorarium dewan pengawas dana pensiun pos indonesia direktur utama,SK
Keputusan Direksi tentang Perubahan Pertama atas Keputusan Direksi PT Pos Indonesia (Persero) Nomor KD 010/DIRUT/0223 tentang Pemutusan Hubungan Kerja di Lingkungan PT Pos Indonesia (Persero),Direktur Utama;,1290 - KD,keputusan direksi tentang perubahan pertama atas keputusan direksi pt pos indonesia persero nomor kd 010dirut0223 tentang pemutusan hubungan kerja di lingkungan pt pos indonesia persero direktur utama,KD
Surat Keputusan Direksi tentang Perpanjangan Masa Tugas dan Perubahan Susunan Keanggotaan Komite Fungsi Kepatuhan Anti Penyuapan Sistem Manajemen Anti Penyuapan ISO 37001 di PT Pos Indonesia (Persero),Direktur Utama;,1291 - SK,surat keputusan direksi tentang perpanjangan masa tugas dan perubahan susunan keanggotaan komite fungsi kepatuhan anti penyuapan sistem manajemen anti penyuapan iso 37001 di pt pos indonesia persero direktur utama,SK
Perjanjian Kerja Sama antara PT Pos Indonesia (Persero) dengan Neurogine Sdn.Bhd tentang Kerja Sama Penyelenggaraan Pengiriman Uang dari Malaysia,SVP Consumer Business;,1292 - SPK dan PKS,perjanjian kerja sama antara pt pos indonesia persero dengan neurogine sdnbhd tentang kerja sama penyelenggaraan pengiriman uang dari malaysia svp consumer business,SPK DAN PKS
Putusan Pengadilan Peradilan Umum No. 138/Pdt.G/2023/PN Bdg juncto No. 518/PDT/2023/PT BDG,Dewan Pengurus Pusat SPPI Kuat Bermartabat,1293 - Surat Dinas,putusan pengadilan peradilan umum no 138pdtg2023pn bdg juncto no 518pdt2023pt bdg dewan pengurus pusat sppi kuat bermartabat,SURAT DINAS
Penjelasan Kronologis,Prof. Dr. Ir. Marwan Universitas Syiah Kuala,1294 - Surat Dinas,penjelasan kronologis prof dr ir marwan universitas syiah kuala,SURAT DINAS
Surat Penawaran Kerjasama. Lili Aldi Subagdja  Marketing MQ Digital (085720004684),Chief Operating Officer MQ Digital,1295 - Surat Dinas,surat penawaran kerjasama lili aldi subagdja marketing mq digital 085720004684 chief operating officer mq digital,SURAT DINAS
Program Kerja RMG 2024,Direktur Utama Lembaga Pengembangan Profesi Risiko Manajemen Gagasan,1296 - Surat Dinas,program kerja rmg 2024 direktur utama lembaga pengembangan profesi risiko manajemen gagasan,SURAT DINAS
Keputusan Direksi tentang Panduan Logo Pos Indonesia,Corporate Secretary;,1297 - KD,keputusan direksi tentang panduan logo pos indonesia corporate secretary,KD
karyadi kumpos,Corporate Secretary;,1299 - SPK dan PKS,karyadi kumpos corporate secretary,SPK DAN PKS
karyadi kumpos,corporate secretary;,1300 - SPK dan PKS,karyadi kumpos corporate secretary,SPK DAN PKS
Risalah Radir Selasa 21 November 2023,Direksi;,1301 - risalah,risalah radir selasa 21 november 2023 direksi,RISALAH
Surat Keputusan Direksi tentang Tim Pengawalan Penyelesaian Pemenuhan Foto Rumah dan Geotagging Rumah Keluarga Penerima Manfaat Bantuan Sosial Tahun 2022 Kementerian Sosial Republik Indonesia,Direktur Utama;,1302 - SK,surat keputusan direksi tentang tim pengawalan penyelesaian pemenuhan foto rumah dan geotagging rumah keluarga penerima manfaat bantuan sosial tahun 2022 kementerian sosial republik indonesia direktur utama,SK
Risalah Ratas VP Asset Management,Corporate Secretary;,1304 - risalah ratas,risalah ratas vp asset management corporate secretary,RISALAH RATAS
Perjanjian Kerja Sama antara PT Summit Oto Finance dengan PT Pos Indonesia (Persero) tentang Layanan Pegiriman Dokumen Nomor : PKS 309/DIR-5/1123,SVP Enterprise Business;,1306 - SPK dan PKS,perjanjian kerja sama antara pt summit oto finance dengan pt pos indonesia persero tentang layanan pegiriman dokumen nomor pks 309dir51123 svp enterprise business,SPK DAN PKS
Perjanjian Kerja Sama antara PT Oto Multiartha dengan PT Pos Indonesia (Persero) tentang Layanan Pengiriman Dokumen Nomor : PKS 308/DIR-5/1123,Direktur Bisnis Kurir dan Logistik;,1307 - SPK dan PKS,perjanjian kerja sama antara pt oto multiartha dengan pt pos indonesia persero tentang layanan pengiriman dokumen nomor pks 308dir51123 direktur bisnis kurir dan logistik,SPK DAN PKS
Peningkatan Anggaran Bonus/Jasprod Tahun 2023,Dewan Pengurus Pusat Serikat Pekerja Pos Indonesia,1308 - Surat Dinas,peningkatan anggaran bonusjasprod tahun 2023 dewan pengurus pusat serikat pekerja pos indonesia,SURAT DINAS
Undangan Kegiatan Cerita Nusantara 2023,Menteri Koperasi dan Usaha Kecil dan Menengah Republik Indonesia,1309 - Surat Dinas,undangan kegiatan cerita nusantara 2023 menteri koperasi dan usaha kecil dan menengah republik indonesia,SURAT DINAS
Panggilan Rapat Umum Anggota Luar Biasa (RUA- LB) ASPI Tahun 2023,Asosiasi Sistem Pembayaran Indonesia (ASPI),1311 - Surat Dinas,panggilan rapat umum anggota luar biasa rua lb aspi tahun 2023 asosiasi sistem pembayaran indonesia aspi,SURAT DINAS
Izin Kegiatan Kunjungan Perusahaan di PT Pos Indonesia (Persero),Prof. Dr. Ibnu Qizam;,1314 - Surat Dinas,izin kegiatan kunjungan perusahaan di pt pos indonesia persero prof dr ibnu qizam,SURAT DINAS
SPPD atas nama Kamilia,VP Kesekretariatan;,1315 - sppd,sppd atas nama kamilia vp kesekretariatan,SPPD
SPPD atas nama Kamilia,VP Kesekertariatan;,1316 - sppd,sppd atas nama kamilia vp kesekertariatan,SPPD
SPPD atas nama Meitri,VP Kesekretariatan;,1317 - sppd,sppd atas nama meitri vp kesekretariatan,SPPD
SPPD Revita,VP Kesekretariatan;,1318 - sppd,sppd revita vp kesekretariatan,SPPD
SPPD Peggy,VP Kesekretariatan;,1319 - sppd,sppd peggy vp kesekretariatan,SPPD
Perjanjian antara PT Pos Indonesia (Persero) dengan Somia Customer Experience tentang Pekerjaan Pengadaan Jasa Konsultan untuk Meningkatkan Customer Experience ti Touchpoint Fisik Layanan Kurir Customer to Customer Nomor : 313/SPBT/2023,SVP Strategic Planning and Business Development;,1320 - SPK dan PKS,perjanjian antara pt pos indonesia persero dengan somia customer experience tentang pekerjaan pengadaan jasa konsultan untuk meningkatkan customer experience ti touchpoint fisik layanan kurir customer to customer nomor 313spbt2023 svp strategic planning and business development,SPK DAN PKS
Surat Keputusan Direksi Nomor : SK 2129/DIRUT/1023 tentang Satuan Tugas Pelaksana Distribusi Bantuan Pangan Program Stunting Pemerintah Tahap II 2023,Direktur Utama;,1321 - SK,surat keputusan direksi nomor sk 2129dirut1023 tentang satuan tugas pelaksana distribusi bantuan pangan program stunting pemerintah tahap ii 2023 direktur utama,SK
Adendum Perjanjian Jasa Angkutan Pendistribusian Bantuan Pangan Cadangan Beras Pemerintah Tahun 2023 antara Perum BULOG dengan PT Pos Indonesia (Persero) Nomor : PKS 224/DIRUT/092023 Nomor Adendum : PKS263/DIRUT/1023,Direktur Utama;,1322 - SPK dan PKS,adendum perjanjian jasa angkutan pendistribusian bantuan pangan cadangan beras pemerintah tahun 2023 antara perum bulog dengan pt pos indonesia persero nomor pks 224dirut092023 nomor adendum pks263dirut1023 direktur utama,SPK DAN PKS
Adendum Kedua Perjanjian Jasa Angkutan Pendistribusian Bantuan Pangan Cadangan Beras Pemerintah Tahun 2023 antara Perum BULOG dengan PT Pos Indonesia (Persero) Nomor : PKS 224/DIRUT/092023 Nomor Adendum Kedua : PKS 279/DIRUT/1123,Direktur Utama;,1323 - SPK dan PKS,adendum kedua perjanjian jasa angkutan pendistribusian bantuan pangan cadangan beras pemerintah tahun 2023 antara perum bulog dengan pt pos indonesia persero nomor pks 224dirut092023 nomor adendum kedua pks 279dirut1123 direktur utama,SPK DAN PKS
Keputusan Direksi tentang Perubahan Pertama atas Keputusan Direksi PT Pos Indonesia (Persero) Nomor : KD 02/DIRUT/0122 tentang Perjalanan Dinas Dalam Negeri,Direktur Utama;,1324 - KD,keputusan direksi tentang perubahan pertama atas keputusan direksi pt pos indonesia persero nomor kd 02dirut0122 tentang perjalanan dinas dalam negeri direktur utama,KD
Surat Keputusan Direksi tentang Tim Counterpart Resertifikasi Audit SNI ISO 37001 : 2016 Sistem Manajemen Anti Penyuapan di PT Pos Indonesia (Persero),Direktur Keuangan dan Manajemen Risiko;,1325 - SK,surat keputusan direksi tentang tim counterpart resertifikasi audit sni iso 37001 2016 sistem manajemen anti penyuapan di pt pos indonesia persero direktur keuangan dan manajemen risiko,SK
Perjanjian Kerahasiaan (NDA) antara PT Pos Indonesia (Persero) dengan PT Indolima Perkasa tentang Petukaran Data dan Informasi,Direktur Bisnis Kurir dan Logistik;,1326 - SPK dan PKS,perjanjian kerahasiaan nda antara pt pos indonesia persero dengan pt indolima perkasa tentang petukaran data dan informasi direktur bisnis kurir dan logistik,SPK DAN PKS
Perjanjian Kerahasiaan (NDA) antara PT Pos Indonesia (Persero) dengan PT Grab Teknologi Indonesia tentang Pertukaran Data dan Informasi,SVP Retail Business;,1327 - SPK dan PKS,perjanjian kerahasiaan nda antara pt pos indonesia persero dengan pt grab teknologi indonesia tentang pertukaran data dan informasi svp retail business,SPK DAN PKS
Risalah Radir  Rabu 29 November 2023,Direksi;,1328 - risalah,risalah radir rabu 29 november 2023 direksi,RISALAH
Pengantar Proposal,Panitia Rapat Pimpinan Provinsi III Kamar Dagang dan Industri Provinsi Jawa Barat Tahun 2023,1329 - Surat Dinas,pengantar proposal panitia rapat pimpinan provinsi iii kamar dagang dan industri provinsi jawa barat tahun 2023,SURAT DINAS
Permohonan Kerjasama Sponsorship,Ketua Pelaksana Science Management Challenge 2023 Institut Teknologi Sepuluh November Surabaya,1330 - Surat Dinas,permohonan kerjasama sponsorship ketua pelaksana science management challenge 2023 institut teknologi sepuluh november surabaya,SURAT DINAS
Libur nasional dan cuti bersama tahun 2024,Dewan Pengurus Pusat Serikat Pekerja Pos Indonesia,1331 - Surat Dinas,libur nasional dan cuti bersama tahun 2024 dewan pengurus pusat serikat pekerja pos indonesia,SURAT DINAS
Perundingan Bipartit Pembahasan KD 016/DIRUT/0323,Dewan Pengurus Pusat Serikat Pekerja Pos Indonesia,1332 - Surat Dinas,perundingan bipartit pembahasan kd 016dirut0323 dewan pengurus pusat serikat pekerja pos indonesia,SURAT DINAS
Pengantar Proposal,Bandung Institute of Technology - Team Detani,1333 - Surat Dinas,pengantar proposal bandung institute of technology team detani,SURAT DINAS
Surat Pengantar Proposal Harvard National MUN 2024,Universitas Brawijaya Model United Nations Club,1334 - Surat Dinas,surat pengantar proposal harvard national mun 2024 universitas brawijaya model united nations club,SURAT DINAS
Permintaan Keterangan,Ketua Ombudsman Republik Indonesia,1335 - Surat Dinas,permintaan keterangan ketua ombudsman republik indonesia,SURAT DINAS
Surat Edaran tentang Pedoman Manajemen Anti Fraud,Direktur Utama;,1337 - SE,surat edaran tentang pedoman manajemen anti fraud direktur utama,SE
1. Berita Acara Kesepakatan tentang Penerimaan Pembayaran Angsuran Kredit secara Online antara PT Mega Auto Finance dan PT Pos Indonesia (Persero) Nomor : BAK 1069/DIR-4/1023 2. Perjanjian Kerja Sama antara PT Mega Auto Finance dengan PT Pos Indonesia (Persero) tentang Penerimaan Pembayaran Angsuran Kredit secara Online Nomor : PKS 298/DIR-4/1123,Direktur Bisnis Jasa Keuangan;,1338 - SPK dan PKS,1 berita acara kesepakatan tentang penerimaan pembayaran angsuran kredit secara online antara pt mega auto finance dan pt pos indonesia persero nomor bak 1069dir41023 2 perjanjian kerja sama antara pt mega auto finance dengan pt pos indonesia persero tentang penerimaan pembayaran angsuran kredit secara online nomor pks 298dir41123 direktur bisnis jasa keuangan,SPK DAN PKS
1. Berita Acara Kesepakatan tentang Penerimaan Pembayaran Angsuran Kredit secara Online antara PT Mega Central Finance dan PT Pos Indonesia (Persero) Nomor : BAK1068/DIR-4/1023 2. Perjanjian Kerja Sama antara PT Mega Central Finance dan PT Pos Indonesia (Persero) tentang Penerimaan Pembayaran Angsuran Kredit secara Online. Nomor : PKS 297/DIR-4/1123,Direktur Bisnis Jasa Keuangan;,1339 - SPK dan PKS,1 berita acara kesepakatan tentang penerimaan pembayaran angsuran kredit secara online antara pt mega central finance dan pt pos indonesia persero nomor bak1068dir41023 2 perjanjian kerja sama antara pt mega central finance dan pt pos indonesia persero tentang penerimaan pembayaran angsuran kredit secara online nomor pks 297dir41123 direktur bisnis jasa keuangan,SPK DAN PKS
1. Berita Acara Kesepakatan tentang Penerimaan Pembayaran Angsuran Pembiayaan secara Online antara PT Pos Indonesia (Persero) dan PT Home Credit Indonesia. Nomor : BAK 1067/DIR-4/1023 2. Perjanjian Kerja Sama antara PT Pos Indonesia (Persero) dan PT Home Credit Indonesia tentang Penerimaan Pembayaran Angsuran Pembiayaan secara Online. Nomor : PKS 294/DIR- 4/1123,Direktur Bisnis Jasa Keuangan;,1340 - SPK dan PKS,1 berita acara kesepakatan tentang penerimaan pembayaran angsuran pembiayaan secara online antara pt pos indonesia persero dan pt home credit indonesia nomor bak 1067dir41023 2 perjanjian kerja sama antara pt pos indonesia persero dan pt home credit indonesia tentang penerimaan pembayaran angsuran pembiayaan secara online nomor pks 294dir 41123 direktur bisnis jasa keuangan,SPK DAN PKS
Keputusan Direksi tentang Penyediaan Fasilitas Kendaraan Dinas di Lingkungan PT Pos Indonesia (Persero),Direktur Utama;,1341 - KD,keputusan direksi tentang penyediaan fasilitas kendaraan dinas di lingkungan pt pos indonesia persero direktur utama,KD
Undangan,PT Pindad Medika Utama,1342 - Surat Dinas,undangan pt pindad medika utama,SURAT DINAS
Permohonan Penunjukan Saksi,a.n Dirreskrimum Polda Metro Jaya  Kasubdit Harda selaku Penyidik,1343 - Surat Dinas,permohonan penunjukan saksi an dirreskrimum polda metro jaya kasubdit harda selaku penyidik,SURAT DINAS
Kajian Pemindahan Gudang Meterai,DPW Khusus Kantor Pusat Bandung SPPI Kuat Bermartabat,1344 - Surat Dinas,kajian pemindahan gudang meterai dpw khusus kantor pusat bandung sppi kuat bermartabat,SURAT DINAS
Penyaluran Bantuan Pangan Alokasi Desember Tahun 2023,Direktur Supply Chain dan Pelayanan Publik Perum BULOG,1345 - Surat Dinas,penyaluran bantuan pangan alokasi desember tahun 2023 direktur supply chain dan pelayanan publik perum bulog,SURAT DINAS
SPPD a.n Peggy Jatvika,VP General Support;,1346 - sppd,sppd an peggy jatvika vp general support,SPPD
SPPD a.n Kamilia,VP General Support;,1347 - sppd,sppd an kamilia vp general support,SPPD
Permohonan Evaluasi,LBH Pranata Iustitia Jambi,1350 - Surat Dinas,permohonan evaluasi lbh pranata iustitia jambi,SURAT DINAS
Perjanjian Kerja Sama Program Diskon antara PT Shopee International Indonesia dengan PT Pos Indonesia (Persero) tentang Program Diskon Nomor : PKS 318/Retail Business/1223,SVP Retail Business;,1351 - SPK dan PKS,perjanjian kerja sama program diskon antara pt shopee international indonesia dengan pt pos indonesia persero tentang program diskon nomor pks 318retail business1223 svp retail business,SPK DAN PKS
Rencana Tindak Status Pengawasan dan Rencana Perbaikan Pendanaan Dana Pensiun Pos Indonesia,Kepala Departemen Pengawasan Penjaminan  Dana Pensiun dan Pengawasan Khusus OJK,1352 - Surat Dinas,rencana tindak status pengawasan dan rencana perbaikan pendanaan dana pensiun pos indonesia kepala departemen pengawasan penjaminan dana pensiun dan pengawasan khusus ojk,SURAT DINAS
We need your help - we are missing our parcel (code CC011513482ID),Elisabeth and Frieder Bangerter,1353 - Surat Dinas,we need your help we are missing our parcel code cc011513482id elisabeth and frieder bangerter,SURAT DINAS
Klarifikasi,Law Office Redol Panjaitan - Sitepu,1354 - Surat Dinas,klarifikasi law office redol panjaitan sitepu,SURAT DINAS
"Sponsorship Event ""IA-ITB Jakarta Open Golf Tournament 2023""",Ketua Ikatan Alumni ITB Jakarta,1355 - Surat Dinas,sponsorship event iaitb jakarta open golf tournament 2023 ketua ikatan alumni itb jakarta,SURAT DINAS
Perjanjian antara PT Pos Indonesia (Persero) dengan PT Medialogy Digital Indonesia tentang Pekerjaan Pengadaan Pelatihan Digital Warrior. Nomor : PKS 256/SVP HCSBP/1023,SVP Human Capital Services and Business Partner;,1356 - SPK dan PKS,perjanjian antara pt pos indonesia persero dengan pt medialogy digital indonesia tentang pekerjaan pengadaan pelatihan digital warrior nomor pks 256svp hcsbp1023 svp human capital services and business partner,SPK DAN PKS
Penawaran Sponsorship,Forum Komunikasi Satuan Pengawas Intern (FKSPI) Wil Jabar & Banten,1359 - Surat Dinas,penawaran sponsorship forum komunikasi satuan pengawas intern fkspi wil jabar banten,SURAT DINAS
Risalah Radir  Senin 4 Desember 2023,Direksi;,1361 - risalah,risalah radir senin 4 desember 2023 direksi,RISALAH
Perjanjian Kerja Sama antara PT Pos Indonesia (Persero) dengan PT Cipta Usaha Makmur tentang Pengelolaan Super Agenpos Layanan Jasa Kurir,SVP Retail Business;,1362 - SPK dan PKS,perjanjian kerja sama antara pt pos indonesia persero dengan pt cipta usaha makmur tentang pengelolaan super agenpos layanan jasa kurir svp retail business,SPK DAN PKS
Perjanjian Kerja Sama antara PT Pos Indonesia (Persero) dengan PT Interindo Artha Kreasi tentang Pengelolaan Super Agenpos Layanan Jasa Kurir,SVP Retail Business;,1363 - SPK dan PKS,perjanjian kerja sama antara pt pos indonesia persero dengan pt interindo artha kreasi tentang pengelolaan super agenpos layanan jasa kurir svp retail business,SPK DAN PKS
Surat Permohonan Klarifikasi,Direktur PT Eksis Banget Indonesia,1364 - Surat Dinas,surat permohonan klarifikasi direktur pt eksis banget indonesia,SURAT DINAS
Ajakan Partisipasi Bantuan Solidaritas Dunia Islam Palestina,Ketua Badan Amil Zakat Nasional Republik Indonesia,1365 - Surat Dinas,ajakan partisipasi bantuan solidaritas dunia islam palestina ketua badan amil zakat nasional republik indonesia,SURAT DINAS
Proposal Khalifah Mediatama,CV Khalifah Mediatama/Bapak Khamdani (0811293641/0895385507253),1366 - proposal,proposal khalifah mediatama cv khalifah mediatamabapak khamdani 08112936410895385507253,PROPOSAL
Penawaran Pekerjaan/Kerjasama,CEO Industry.co.id,1367 - Surat Dinas,penawaran pekerjaankerjasama ceo industrycoid,SURAT DINAS
Konfirmasi Kehadiran pada Kunjungan Kerja Reses Komisi VI DPR RI,Rabin Indrajad Hattari;,1368 - Surat Dinas,konfirmasi kehadiran pada kunjungan kerja reses komisi vi dpr ri rabin indrajad hattari,SURAT DINAS
konfirmasi dugaan penggelapan Surat Tanda Registrasi (STR) Dokter,dr. Debby Davina Saraswati,1371 - Surat Dinas,konfirmasi dugaan penggelapan surat tanda registrasi str dokter dr debby davina saraswati,SURAT DINAS
Somasi,Mandamus Law Firm,1372 - Surat Dinas,somasi mandamus law firm,SURAT DINAS
Penawaran Fasilitas,Manufacturing & Property Division PT Bank Rakyat Indonesia (Persero) Tbk,1373 - Surat Dinas,penawaran fasilitas manufacturing property division pt bank rakyat indonesia persero tbk,SURAT DINAS
Pembuatan Buku Agenda Kerja 2024 Kalender Eksklusif 2024,Koperasi Ikal Bhakti Nusantara Ikatan Keluarga Alumni Lemhannas,1374 - Surat Dinas,pembuatan buku agenda kerja 2024 kalender eksklusif 2024 koperasi ikal bhakti nusantara ikatan keluarga alumni lemhannas,SURAT DINAS
Permohonan Dukungan/Partisipasi untuk Pembangunan Mushalla Daroji Al Mustafa,Panitia Pembangunan Mushalla Daroji Al Mustafa,1375 - Surat Dinas,permohonan dukunganpartisipasi untuk pembangunan mushalla daroji al mustafa panitia pembangunan mushalla daroji al mustafa,SURAT DINAS
Permohonan Donasi dan Sponsor,Dewan Pimpinan Nasional Gerakan Nasional Peduli Anti Narkoba Tawuran dan Anarkis,1376 - Surat Dinas,permohonan donasi dan sponsor dewan pimpinan nasional gerakan nasional peduli anti narkoba tawuran dan anarkis,SURAT DINAS
Informasi Penyelenggaraan SNIA-YPIA 2023 Bali,Yayasan Pendidikan Internal Audit PIA,1377 - Surat Dinas,informasi penyelenggaraan sniaypia 2023 bali yayasan pendidikan internal audit pia,SURAT DINAS
Pengaduan Pegawai Kantor Pos Kota Medan,Pariono - 085296291920,1378 - surat pribadi,pengaduan pegawai kantor pos kota medan pariono 085296291920,SURAT PRIBADI
Pendampingan Reviu Bantuan Pangan Tahap I Tahun 2023,Direktur Supply Chain dan Pelayanan Publik PERUM BULOG,1379 - Surat Dinas,pendampingan reviu bantuan pangan tahap i tahun 2023 direktur supply chain dan pelayanan publik perum bulog,SURAT DINAS
Partisipasi dalam rangka Ucapan Selamat dan Sukses Pelantikan Panglima TNI,Kepala Puspen TNI  Laksamana Muda TNI  Markas Besar TNI Pusat Penerangan,1380 - Surat Dinas,partisipasi dalam rangka ucapan selamat dan sukses pelantikan panglima tni kepala puspen tni laksamana muda tni markas besar tni pusat penerangan,SURAT DINAS
Partisipasi Iklan Kemitraan,Advertising Manager PT Grahanusa Mediatama (Kontan),1381 - Surat Dinas,partisipasi iklan kemitraan advertising manager pt grahanusa mediatama kontan,SURAT DINAS
Perjanjian Kerja Sama antara PT Bank Pembangunan Daerah Jawa Barat dan Banten Tbk dengan PT Pos Indonesia (Persero) tentang Pemberian Fasilitas Kredit Ritel  Bantuan Pemotongan dan Pembayaran Kolektif Angsuran Kredit Ritel Nomor : PKS 322/DIR-2/2023,Direktur Human Capital Management;,1382 - SPK dan PKS,perjanjian kerja sama antara pt bank pembangunan daerah jawa barat dan banten tbk dengan pt pos indonesia persero tentang pemberian fasilitas kredit ritel bantuan pemotongan dan pembayaran kolektif angsuran kredit ritel nomor pks 322dir22023 direktur human capital management,SPK DAN PKS
Sponsorship Proposal Hari Ulang Tahun Akuntansi 2023 cp Putri : 082143541011,Universitas Logistik dan Bisnis Internasional (ULBI),1383 - proposal,sponsorship proposal hari ulang tahun akuntansi 2023 cp putri 082143541011 universitas logistik dan bisnis internasional ulbi,PROPOSAL
Nota Kesepahaman antara PT Pos Indonesia (Persero) dengan Kamar Dagang dan Industri Indonesia tentang Pemanfaatan Layanan dan Ruang Kreatif dalam rangka Pemberdayaan Usaha Mikro Kecil dan Menengah (UMKM)  Konten Kreator dan Brand Lokal Nomor : MOU/421/WKU/XII/2023,Direktur Utami;,1385 - SPK dan PKS,nota kesepahaman antara pt pos indonesia persero dengan kamar dagang dan industri indonesia tentang pemanfaatan layanan dan ruang kreatif dalam rangka pemberdayaan usaha mikro kecil dan menengah umkm konten kreator dan brand lokal nomor mou421wkuxii2023 direktur utami,SPK DAN PKS
Nota Kesepahaman antara PT Pos Indonesia dengan Tiktok Pte.Ltd tentang Pemanfaatan dan Pengelolaan Ruang Kreatif dan Pemberdayaan UMKM  Kreator Konten dan Brand Lokal Indonesia,Direktur Utama;,1386 - SPK dan PKS,nota kesepahaman antara pt pos indonesia dengan tiktok pteltd tentang pemanfaatan dan pengelolaan ruang kreatif dan pemberdayaan umkm kreator konten dan brand lokal indonesia direktur utama,SPK DAN PKS
Keputusan Direksi Nomor KD 078/DIRUT/1123 tentang Pedoman Penanganan Kasus Hukum di Lingkungan PT Pos Indonesia (Persero),Direktur Utama;,1387 - KD,keputusan direksi nomor kd 078dirut1123 tentang pedoman penanganan kasus hukum di lingkungan pt pos indonesia persero direktur utama,KD
Perjanjian Kerja Waktu Tertentu antara PT Pos Indonesia (Persero) dengan Armand Hanif Rasyid sebagai Tenaga Kerja Profesional Perusahaan Nomor : PKS 259/DIR-5/1123,Direktur Bisnis Kurir dan Logistik;,1388 - SPK dan PKS,perjanjian kerja waktu tertentu antara pt pos indonesia persero dengan armand hanif rasyid sebagai tenaga kerja profesional perusahaan nomor pks 259dir51123 direktur bisnis kurir dan logistik,SPK DAN PKS
Surat Edaran tentang Pemberian Tunjangan Kinerja (Performance Incentive) Triwulan III Tahun 2023,Direktur Human Capital Management;,1389 - SE,surat edaran tentang pemberian tunjangan kinerja performance incentive triwulan iii tahun 2023 direktur human capital management,SE
Keputusan Direksi tentang Sub Bagian di Regional dan Kantor Cabang Utama,Direktur Utama;,1390 - KD,keputusan direksi tentang sub bagian di regional dan kantor cabang utama direktur utama,KD
Apresiasi Atas Diterimanya Indonesia menjadi Anggota Penuh FATF,Kepala Pusat Pelaporan dan Analisis Transaksi Keuangan (PPATK),1391 - Surat Dinas,apresiasi atas diterimanya indonesia menjadi anggota penuh fatf kepala pusat pelaporan dan analisis transaksi keuangan ppatk,SURAT DINAS
Permohonan Pengembalian Dana,Team Panorama JTB;,1393 - Surat Dinas,permohonan pengembalian dana team panorama jtb,SURAT DINAS
SPK Erlan Jaya Putra,Corporate Secretary;,1394 - SPK dan PKS,spk erlan jaya putra corporate secretary,SPK DAN PKS
PKS Erlan Jaya Putra,Corporate Secretary;,1395 - SPK dan PKS,pks erlan jaya putra corporate secretary,SPK DAN PKS
Surat Tugas  Minggu 10 Desember 2023,VP Kesekretariatan;,1396 - Surat Dinas,surat tugas minggu 10 desember 2023 vp kesekretariatan,SURAT DINAS
Perjanjian Kerja Sama antara PT Pos Indonesia (Persero) dengan PT Bank Muamalat Indonesia Tbk tentang Layanan Cash In dan Cash Out pada Jaringan Layanan Pos Nomor : PKS 329/SVP Consumer Business/1223,SVP Consumer Business;,1397 - SPK dan PKS,perjanjian kerja sama antara pt pos indonesia persero dengan pt bank muamalat indonesia tbk tentang layanan cash in dan cash out pada jaringan layanan pos nomor pks 329svp consumer business1223 svp consumer business,SPK DAN PKS
Perjanjian Kerja Sama antara PT Bank Muamalat Indonesia Tbk dengan PT Pos Indonesia (Persero) tentang Pemberian Referensi Setoran Awal Porsi Haji Reguler Nomor : PKS 328/SVP Consumer Business/1223,SVP Consumer Business;,1398 - SPK dan PKS,perjanjian kerja sama antara pt bank muamalat indonesia tbk dengan pt pos indonesia persero tentang pemberian referensi setoran awal porsi haji reguler nomor pks 328svp consumer business1223 svp consumer business,SPK DAN PKS
Surat Keputusan Direksi tentang Pembentukan Komite Environmental  Social and Governance di Lingkungan PT Pos Indonesia (Persero) Tahun 2023,Direktur Utama;,1399 - SK,surat keputusan direksi tentang pembentukan komite environmental social and governance di lingkungan pt pos indonesia persero tahun 2023 direktur utama,SK
Perjanjian Kerja Sama Antara Dana Pensiun Pos Indonesia dengan PT Pos Indonesia (Persero) tentang Pembayaran Manfaat Pensiun Peserta Dana Pensiun Pos Indonesia melalui Rekening Giropos Nomor : PKS 296/DIR- 4/1123,SVP Government and Corporate Business;,1400 - SPK dan PKS,perjanjian kerja sama antara dana pensiun pos indonesia dengan pt pos indonesia persero tentang pembayaran manfaat pensiun peserta dana pensiun pos indonesia melalui rekening giropos nomor pks 296dir 41123 svp government and corporate business,SPK DAN PKS
Perjanjian Kerja Sama antara PT Pos Indonesia (Persero) dengan Sekretariat Jenderal Majelis Permusyawaratan Rakyat Republik Indonesia tentang Pekerjaan Jasa Pengiriman Surat  Paket dan Logistik Nomor : PKS 307/DIR-5/1123,Direktur Bisnis Kurir dan Logistik;,1401 - SPK dan PKS,perjanjian kerja sama antara pt pos indonesia persero dengan sekretariat jenderal majelis permusyawaratan rakyat republik indonesia tentang pekerjaan jasa pengiriman surat paket dan logistik nomor pks 307dir51123 direktur bisnis kurir dan logistik,SPK DAN PKS
Perjanjian Kerja Waktu Tertentu antara PT Pos Indonesia (Persero) dengan Yus Yudiswara sebagai Tenaga Kerja Profesional Perusahaan Nomor : PKS 260/DIR-1/1123,Direktur Keuangan dan Manajemen Risiko;,1402 - SPK dan PKS,perjanjian kerja waktu tertentu antara pt pos indonesia persero dengan yus yudiswara sebagai tenaga kerja profesional perusahaan nomor pks 260dir11123 direktur keuangan dan manajemen risiko,SPK DAN PKS
Perjanjian antara PT Pos Indonesia (Persero) dan Markplus Indonesia tentang Pekerjaan Pengadaan Jasa Konsultan Master Plan Bisnis Kurir PT Pos Indonesia Nomor : 300/SPBT/1123,SVP Strategic Planning and Business Development;,1403 - SPK dan PKS,perjanjian antara pt pos indonesia persero dan markplus indonesia tentang pekerjaan pengadaan jasa konsultan master plan bisnis kurir pt pos indonesia nomor 300spbt1123 svp strategic planning and business development,SPK DAN PKS
Surat Pengantar Proposal,Ketua Pertiwi Jawa Barat,1404 - proposal,surat pengantar proposal ketua pertiwi jawa barat,PROPOSAL
FGD (Focus Group Discussion) Ketahanan Pangan,Dewan Pimpinan Pusat LSM Pemuda Mandiri Peduli Rakyat Indonesia,1406 - proposal,fgd focus group discussion ketahanan pangan dewan pimpinan pusat lsm pemuda mandiri peduli rakyat indonesia,PROPOSAL
1. 91/Dekom/1023 perihal Tanggapan Dewan Komisaris atas Laporan Manajemen bulan September 2023 PT Pos Logistik Indonesia 2. 92/Dekom/1023 perihal : Laporan Pelaksanaan Tugas Pengawasan Dewan Komisaris bulan September 2023,Komisaris Utama PT Pos Logistik Indonesia,1407 - Surat Dinas,1 91dekom1023 perihal tanggapan dewan komisaris atas laporan manajemen bulan september 2023 pt pos logistik indonesia 2 92dekom1023 perihal laporan pelaksanaan tugas pengawasan dewan komisaris bulan september 2023 komisaris utama pt pos logistik indonesia,SURAT DINAS
Konfirmasi Uang Masa Karya,Bistok Hutajulu-081263893279,1408 - Surat Dinas,konfirmasi uang masa karya bistok hutajulu081263893279,SURAT DINAS
Ucapan Terima Kasih,Menteri Sosial Republik Indonesia,1409 - Surat Dinas,ucapan terima kasih menteri sosial republik indonesia,SURAT DINAS
Penawaran Majalah Infobank edisi 548  bulan Desember 2023 Tema : Infobank Top 100 CEO & Top Next 200 Leaders Forum 2022,Manager Marketing infobank,1410 - Surat Dinas,penawaran majalah infobank edisi 548 bulan desember 2023 tema infobank top 100 ceo top next 200 leaders forum 2022 manager marketing infobank,SURAT DINAS
Peringatan Hukum (Somasi) Pertama,Law Office Redol Panjaitan-Sitepu  Kuasa Hukum PT Nusantara Elok Anugerah,1411 - Surat Dinas,peringatan hukum somasi pertama law office redol panjaitansitepu kuasa hukum pt nusantara elok anugerah,SURAT DINAS
Undangan Soft Opening Klinik Pratama Adhyaksa Kejaksaan Tinggi Jawa Barat,Jaksa Utama Pratama Kejaksaan Tinggi Jawa Barat,1412 - Surat Dinas,undangan soft opening klinik pratama adhyaksa kejaksaan tinggi jawa barat jaksa utama pratama kejaksaan tinggi jawa barat,SURAT DINAS
SPPD a.n Betty Indah T,VP Kesekretariatan;,1413 - sppd,sppd an betty indah t vp kesekretariatan,SPPD
Outstanding Invoice (Reminder-4),PT Antero Bahana Cemerlang (ABC Express) - Desi 082298420664,1418 - Surat Dinas,outstanding invoice reminder4 pt antero bahana cemerlang abc express desi 082298420664,SURAT DINAS
Outstanding Invoice (Reminder-4),PT Antero Bahana Cemerlang (ABC Express),1419 - Surat Dinas,outstanding invoice reminder4 pt antero bahana cemerlang abc express,SURAT DINAS
Risalah Rapat Direksi  Kamis 14 Desember 2023,Direksi;,1421 - risalah,risalah rapat direksi kamis 14 desember 2023 direksi,RISALAH
PKS/SPK Div Hukum (Karyadi),Corporate Secretary;,1422 - SPK dan PKS,pksspk div hukum karyadi corporate secretary,SPK DAN PKS
PKS/SPK Div Hukum (Karyadi),Corporate Secretary;,1423 - SPK dan PKS,pksspk div hukum karyadi corporate secretary,SPK DAN PKS
PKS/SPK Div Hukum (Karyadi),Corporate Secretary;,1424 - SPK dan PKS,pksspk div hukum karyadi corporate secretary,SPK DAN PKS
Permohonan Audiensi,Direktur PT Asuransi Jiwa IFG,1425 - Surat Dinas,permohonan audiensi direktur pt asuransi jiwa ifg,SURAT DINAS
Permohonan Dukungan Program Prioritas Pemerintah Provinsi Sulawesi Selatan,Ketua Umum FK-TSLP Sulawesi Selatan,1426 - Surat Dinas,permohonan dukungan program prioritas pemerintah provinsi sulawesi selatan ketua umum fktslp sulawesi selatan,SURAT DINAS
Permintaan Pembayaran Biaya Sewa Kendaraan Bermotor roda 4,Koperasi Usaha Bersama Kantor Regional Pos 9 Banjarbaru,1427 - Surat Dinas,permintaan pembayaran biaya sewa kendaraan bermotor roda 4 koperasi usaha bersama kantor regional pos 9 banjarbaru,SURAT DINAS
Pengajuan Proposal Open Golf Tournament Puspomal dalam rangka memperingati HUT POMAL ke 78 tahun 2024,Kasat Idik selaku Ketua Panitia Open Golf Tournament Mabes Angkatan Laut,1428 - proposal,pengajuan proposal open golf tournament puspomal dalam rangka memperingati hut pomal ke 78 tahun 2024 kasat idik selaku ketua panitia open golf tournament mabes angkatan laut,PROPOSAL
PKS/SPK Div Hukum (Karyadi),Corporate Secretary;,1429 - SPK dan PKS,pksspk div hukum karyadi corporate secretary,SPK DAN PKS
PKS/SPK Div Hukum (Karyadi),Corporate Secretary;,1430 - SPK dan PKS,pksspk div hukum karyadi corporate secretary,SPK DAN PKS
PKS/SPK Div Hukum (Karyadi),Corporate Secretary;,1431 - SPK dan PKS,pksspk div hukum karyadi corporate secretary,SPK DAN PKS
Perjanjian Kerja Sama antara PT Pos Indonesia (Persero) dengan Universitas Logistik dan Bisnis Internasional (ULBI) tentang Program Ikatan Dinas (PosID),Direktur Human Capital Management;,1433 - SPK dan PKS,perjanjian kerja sama antara pt pos indonesia persero dengan universitas logistik dan bisnis internasional ulbi tentang program ikatan dinas posid direktur human capital management,SPK DAN PKS
Pengukuran Efektifitas Pengandalian Korupsi (EPK) PT Pos Indonesia (Persero),Kepala Perwakilan Provinsi Jawa Barat  Badan Pengawasan Keuangan dan Pembangunan (BPKP),1434 - Surat Dinas,pengukuran efektifitas pengandalian korupsi epk pt pos indonesia persero kepala perwakilan provinsi jawa barat badan pengawasan keuangan dan pembangunan bpkp,SURAT DINAS
Surat Pribadi,M Nurdin Hutabarat - 08112275656,1435 - Surat Dinas,surat pribadi m nurdin hutabarat 08112275656,SURAT DINAS
Hasil Reviu Harga Penawaran Biaya Salur Jasa Distribusi Penyaluran Bantuan Sosial tahun 2023 oleh PT Pos Indonesia (Persero),Deputi Kepala BPKP,1436 - Surat Dinas,hasil reviu harga penawaran biaya salur jasa distribusi penyaluran bantuan sosial tahun 2023 oleh pt pos indonesia persero deputi kepala bpkp,SURAT DINAS
Risalah Radir  Selasa 19 Desember 2023,Direksi;,1438 - risalah,risalah radir selasa 19 desember 2023 direksi,RISALAH
Surat Keputusan Direksi tentang Susunan Tim Koordinasi Penyelenggaraan Layanan Pos Universal Tahun Anggaran 2023,Direktur Utama;,1439 - SK,surat keputusan direksi tentang susunan tim koordinasi penyelenggaraan layanan pos universal tahun anggaran 2023 direktur utama,SK
Keputusan Direksi Nomor : 082/DIRUT/1123 tentang Perubahan Pertama atas Keputusan Direksi PT Pos Indonesia (Persero) Nomor : KD 047/DIRUT/0523 tentang Sistem Operasi Kurir,Direktur Utama;,1440 - KD,keputusan direksi nomor 082dirut1123 tentang perubahan pertama atas keputusan direksi pt pos indonesia persero nomor kd 047dirut0523 tentang sistem operasi kurir direktur utama,KD
Surat Keputusan Direksi tentang Tim Penyusunan Annual Report PT Pos Indonesia (Persero) Tahun 2023,Direktur Business Development and Portfolio Management;,1441 - SK,surat keputusan direksi tentang tim penyusunan annual report pt pos indonesia persero tahun 2023 direktur business development and portfolio management,SK
Risalah ratas SPBT,Direksi;,1442 - risalah ratas,risalah ratas spbt direksi,RISALAH RATAS
Perjanjian Kerja Waktu Tertentu antara PT Pos Indonesia (Persero) dengan Shinta Septiyanti sebagai Tenaga Kerja Profesional Perusahaan Nomor : PKS 246/DIR-5/1123,Direktur Bisnis Kurir dan Logistik;,1443 - SPK dan PKS,perjanjian kerja waktu tertentu antara pt pos indonesia persero dengan shinta septiyanti sebagai tenaga kerja profesional perusahaan nomor pks 246dir51123 direktur bisnis kurir dan logistik,SPK DAN PKS
Perjanjian Kerja Sama antara PT Pos Indonesia (Persero) dengan Koperasi Jasa Merpati Jaya Mandiri tentang Fasilitass Kredit Pembelian Sepedaa Motor untuk Karyawan PT Pos Indonesia (Persero) Nomor : PKS 338/DIR-2/1223,SDM - SVP Human Capital Management;,1444 - SPK dan PKS,perjanjian kerja sama antara pt pos indonesia persero dengan koperasi jasa merpati jaya mandiri tentang fasilitass kredit pembelian sepedaa motor untuk karyawan pt pos indonesia persero nomor pks 338dir21223 sdm svp human capital management,SPK DAN PKS
Surat Edaran tentang Rekrutmen Karyawan PT Pos Indonesia (Persero) melalui Program Ikatan Dinas dengan Universitas Logistik dan Bisnis Internasional intake Diploma III tahun 2023,Direktur Human Capital Management;,1445 - SE,surat edaran tentang rekrutmen karyawan pt pos indonesia persero melalui program ikatan dinas dengan universitas logistik dan bisnis internasional intake diploma iii tahun 2023 direktur human capital management,SE
Keputusan Direktur Jenderal Penyelenggaraan Pos dan Informatika Nomor 157 Tahun 2023 tentang Penetapan Penghargaan Bidang Penyelenggaraan Pos dan Informatika Tahun 2023,Direktur Jenderal Penyelenggaraan Pos dan Informatika,1446 - KD,keputusan direktur jenderal penyelenggaraan pos dan informatika nomor 157 tahun 2023 tentang penetapan penghargaan bidang penyelenggaraan pos dan informatika tahun 2023 direktur jenderal penyelenggaraan pos dan informatika,KD
Surat Keterangan Bekerja a.n Fery Hardiman,VP Kesekretariatan;,1447 - Surat Dinas,surat keterangan bekerja an fery hardiman vp kesekretariatan,SURAT DINAS
Adendum Ketiga atas Perjanjian Kerja Sama antara PT Shopee International Indonesia dengan PT Pos Indonesia (Persero) tentang Layanan Pengiriman Barang,SVP Retail Business;,1449 - SPK dan PKS,adendum ketiga atas perjanjian kerja sama antara pt shopee international indonesia dengan pt pos indonesia persero tentang layanan pengiriman barang svp retail business,SPK DAN PKS
Laporan Penyelenggaraan Layanan Pos Universal (LPU) Triwulan IV Tahun 2023 (Prognosis),Direktur Business Development dan Portfolio Management;,1450 - laporan,laporan penyelenggaraan layanan pos universal lpu triwulan iv tahun 2023 prognosis direktur business development dan portfolio management,LAPORAN
1. Berita Acara Kesepakatan antara PT Pos Indonsia (Persero) dengan PT Pos Finansial Indonesia tentang Penerimaan Pembayaran Multi Biller melalui Sistem Online Payment Point Pos secara Host to Host. 2. Perjanjian Kerja Sama antara PT Pos Indonsia (Persero) dengan PT Pos Finansial Indonesia tentang Penerimaan Pembayaran Multi Biller melalui Sistem Online Payment Point Pos secara Host to Host.,Direktur Bisnis Jasa Keuangan;,1451 - SPK dan PKS,1 berita acara kesepakatan antara pt pos indonsia persero dengan pt pos finansial indonesia tentang penerimaan pembayaran multi biller melalui sistem online payment point pos secara host to host 2 perjanjian kerja sama antara pt pos indonsia persero dengan pt pos finansial indonesia tentang penerimaan pembayaran multi biller melalui sistem online payment point pos secara host to host direktur bisnis jasa keuangan,SPK DAN PKS
Surat Perintah Kerja nomor 3750/Subdit DS/1123,Direktur Operasi dan Digital Services;,1452 - SPK dan PKS,surat perintah kerja nomor 3750subdit ds1123 direktur operasi dan digital services,SPK DAN PKS
Perjanjian Kerja antara Direktorat Jenderal Penyelenggaraan Pos dan Informatika dan PT Pos Indonesia (Persero) tentang Subsidi Operasional Penyelenggaraan Layanan Pos Universal tahun anggaran 2024,Direktur Utama;,1453 - SPK dan PKS,perjanjian kerja antara direktorat jenderal penyelenggaraan pos dan informatika dan pt pos indonesia persero tentang subsidi operasional penyelenggaraan layanan pos universal tahun anggaran 2024 direktur utama,SPK DAN PKS
Partisipasi dalam rangka Sosialisasi Sinergitas TNI- Polri Pengawal Demokrasi  Netral  menuju Pemilu 2024 yang damai,Kepala Puspen TNI  Markas Besar TNI  Pusat Penerangan,1454 - proposal,partisipasi dalam rangka sosialisasi sinergitas tni polri pengawal demokrasi netral menuju pemilu 2024 yang damai kepala puspen tni markas besar tni pusat penerangan,PROPOSAL
Permohonan Informasi Tarif (RFI),Direktur Supply Chain dan Pelayanan Publik Perum BULOG,1455 - Surat Dinas,permohonan informasi tarif rfi direktur supply chain dan pelayanan publik perum bulog,SURAT DINAS
Peringatan Hukum Kedua,Law Office Redol Panjaitan Sitepu  Kuasa Hukum PT Nusantara Elok Anugerah,1456 - Surat Dinas,peringatan hukum kedua law office redol panjaitan sitepu kuasa hukum pt nusantara elok anugerah,SURAT DINAS
Mohon Keterangan,Kuasa Hukum Ellen Sulistiyo  Kurniahans & Partner,1457 - Surat Dinas,mohon keterangan kuasa hukum ellen sulistiyo kurniahans partner,SURAT DINAS
Persetujuan Izin sebagai Penyedia Jasa Pembayaran Kategori Izin 1 dengan aktifitas Penatausahaan Sumber Dana dan Penyelenggara Quiock Response Code Indonesia Standard - Merchant Presented Mode (QRIS- MPM),Asisten Gubernur  Kepala Departemen Kebijakan Sistem Pembayaran Bank Indonesia,1458 - Surat Dinas,persetujuan izin sebagai penyedia jasa pembayaran kategori izin 1 dengan aktifitas penatausahaan sumber dana dan penyelenggara quiock response code indonesia standard merchant presented mode qris mpm asisten gubernur kepala departemen kebijakan sistem pembayaran bank indonesia,SURAT DINAS
Permohonan Rekomendasi Penghapusbukuan Aktiva Tetap Bangunan Eks KCP Darussalam Banda Aceh,Direktur Utama;,1462 - Surat Dinas,permohonan rekomendasi penghapusbukuan aktiva tetap bangunan eks kcp darussalam banda aceh direktur utama,SURAT DINAS
Berita Acara Pemeriksaan Kas Kecil,Pengelolaan Kas;,1463 - BA,berita acara pemeriksaan kas kecil pengelolaan kas,BA
Keputusan Direksi tentang Hari Libur dan Cuti Bersama tahun 2024,Direktur Human Capital Management;,1464 - KD,keputusan direksi tentang hari libur dan cuti bersama tahun 2024 direktur human capital management,KD
Tanggapan Dewan Komisaris atas Laporan Manajemen bulan November 2022 PT Pos Logistik Indonesia,Komisaris Utama PT Pos Logistik Indonesia,1466 - laporan,tanggapan dewan komisaris atas laporan manajemen bulan november 2022 pt pos logistik indonesia komisaris utama pt pos logistik indonesia,LAPORAN
Laporan Pelaksanaan Tugas Pengawasan Dewan Komisaris Bulan November 2022,Komisaris Utama PT Pos Logistik Indonesia,1467 - laporan,laporan pelaksanaan tugas pengawasan dewan komisaris bulan november 2022 komisaris utama pt pos logistik indonesia,LAPORAN
Tanggapan Dewan Komisaris atas Laporan Manajemen bulan Februari 2023 PT Pos Logistik Indonesia,Komisaris Utama PT Pos Logistik Indonesia,1468 - laporan,tanggapan dewan komisaris atas laporan manajemen bulan februari 2023 pt pos logistik indonesia komisaris utama pt pos logistik indonesia,LAPORAN
Laporan Pelaksanaan Tugas Pengawasan Dewan Komisaris Bulan Februari 2023,Komisaris Utama PT Pos Logistik Indonesia,1469 - laporan,laporan pelaksanaan tugas pengawasan dewan komisaris bulan februari 2023 komisaris utama pt pos logistik indonesia,LAPORAN
Tanggapan Dewan Komisaris atas Laporan Manajemen bulan Mei 2023 PT Pos Logistik Indonesia,Komisaris Utama PT Pos Logistik Indonesia,1470 - laporan,tanggapan dewan komisaris atas laporan manajemen bulan mei 2023 pt pos logistik indonesia komisaris utama pt pos logistik indonesia,LAPORAN
Laporan Pelaksanaan Tugas Pengawasan Dewan Komisaris Bulan Mei 2023,Komisaris Utama PT Pos Logistik Indonesia,1471 - laporan,laporan pelaksanaan tugas pengawasan dewan komisaris bulan mei 2023 komisaris utama pt pos logistik indonesia,LAPORAN
Laporan Tugas Pengawasan Dewan Komisaris Tahun 2022,Komisaris Utama PT Pos Logistik Indonesia,1472 - laporan,laporan tugas pengawasan dewan komisaris tahun 2022 komisaris utama pt pos logistik indonesia,LAPORAN
Tanggapan Dewan Komisaris atas Laporan Manajemen bulan Januari 2023 PT Pos Logistik Indonesia,Komisaris Utama PT Pos Logistik Indonesia,1473 - Surat Dinas,tanggapan dewan komisaris atas laporan manajemen bulan januari 2023 pt pos logistik indonesia komisaris utama pt pos logistik indonesia,SURAT DINAS
Laporan Pelaksanaan Tugas Pengawasan Dewan Komisaris Bulan Januari 2023,Komisaris Utama PT Pos Logistik Indonesia,1474 - laporan,laporan pelaksanaan tugas pengawasan dewan komisaris bulan januari 2023 komisaris utama pt pos logistik indonesia,LAPORAN
Tanggapan atas Usulan Penyesuaian Organisasi BoD- 1,Komisaris Utama,1475 - Surat Dinas,tanggapan atas usulan penyesuaian organisasi bod 1 komisaris utama,SURAT DINAS
Mohon segera menyelesaikan penbayaran ganti rugi tanah adat/warisan,Yeheskiel Nardo Yewun  Lembaga Bantuan Hukum Kyadawun,1476 - Surat Dinas,mohon segera menyelesaikan penbayaran ganti rugi tanah adatwarisan yeheskiel nardo yewun lembaga bantuan hukum kyadawun,SURAT DINAS
Partisipasi dalam Sosialisasi Pemilu Serentak Tahun 2024,Ketua Komisi Pemilihan Umum Republik Indonesia,1477 - Surat Dinas,partisipasi dalam sosialisasi pemilu serentak tahun 2024 ketua komisi pemilihan umum republik indonesia,SURAT DINAS
Surat Pemberitahuan Rencana Pemutusan Kontrak Pekerjaan Distribusi Pengangkutan Beras Pegawai ASN Distrik Pedalaman Provinsi Papua Barat Tahun 2023,Pejabat Pembuat Komitmen Kegiatan Ongkos Angkut Beras ASN Distrik Pedalaman Provinsi Papua Barat,1 - Surat Dinas,surat pemberitahuan rencana pemutusan kontrak pekerjaan distribusi pengangkutan beras pegawai asn distrik pedalaman provinsi papua barat tahun 2023 pejabat pembuat komitmen kegiatan ongkos angkut beras asn distrik pedalaman provinsi papua barat,SURAT DINAS
Permohonan Pegawai PT Pos Indonesia menjadi anggota Satgas Pameran Jakarta 2024,Ketua Umum PFEI/IPEA (Perkumpulan Filatelis Eksibitor Indonesia),2 - Surat Dinas,permohonan pegawai pt pos indonesia menjadi anggota satgas pameran jakarta 2024 ketua umum pfeiipea perkumpulan filatelis eksibitor indonesia,SURAT DINAS
Dukungan Kegiatan TASPEN DAY Tahun 2023,Direktur Utama PT Taspen (Persero),3 - Surat Dinas,dukungan kegiatan taspen day tahun 2023 direktur utama pt taspen persero,SURAT DINAS
Penolakan Penyesuaian Kenaikan Iuran Anggota PPPos,Ketua Umum Forum Persatuan Pensiunan Bersatu,4 - Surat Dinas,penolakan penyesuaian kenaikan iuran anggota pppos ketua umum forum persatuan pensiunan bersatu,SURAT DINAS
Surat Perkenalan dan Penawaran Jasa Konsultan Hukum,Toha Gandhi & Partners Law Office,5 - Surat Dinas,surat perkenalan dan penawaran jasa konsultan hukum toha gandhi partners law office,SURAT DINAS
"Surat Pemberitahuan Pemenang Living Legend Companies Award 2024 ""Memaksimalkan Potensi untuk Bertahan di Lingkungan Bisnis yang Dinamis""",CEO and Chief Editor PT Kuadran Satu Komunika,6 - Surat Dinas,surat pemberitahuan pemenang living legend companies award 2024 memaksimalkan potensi untuk bertahan di lingkungan bisnis yang dinamis ceo and chief editor pt kuadran satu komunika,SURAT DINAS
Apresiasi Terpilih menjadi Nasabah Pre-Approve BSI Prioritas,Branch Manager KCP Jakarta Koja PT Bank Syariah Indonesia,8 - Surat Dinas,apresiasi terpilih menjadi nasabah preapprove bsi prioritas branch manager kcp jakarta koja pt bank syariah indonesia,SURAT DINAS
Permohonan Sponsorship,Secretary General MAINMUN 2024 Universitas Brawijaya,10 - proposal,permohonan sponsorship secretary general mainmun 2024 universitas brawijaya,PROPOSAL
information related on our payable balance(s),Finance Vice President PT Pos Logistik Indonesia,12 - Surat Dinas,information related on our payable balances finance vice president pt pos logistik indonesia,SURAT DINAS
Laporan Penanganan Perkara Dugaan Tindak Pidana Penyimpangan Bantuan Program Keluarga Harapan (PKH) Tahap I dan II di Kabupaten Pendeglang Tahun 2023 pada Kejaksaan Negeri Pandeglang,Law Firm Hendrayanto & Partners,13 - Surat Dinas,laporan penanganan perkara dugaan tindak pidana penyimpangan bantuan program keluarga harapan pkh tahap i dan ii di kabupaten pendeglang tahun 2023 pada kejaksaan negeri pandeglang law firm hendrayanto partners,SURAT DINAS
Legal Drafting International Contract,Direktur Indonesia Training Institute and Consulting Services,14 - Surat Dinas,legal drafting international contract direktur indonesia training institute and consulting services,SURAT DINAS
Legal Drafting International Contract,Direktur Indonesia Training Institute and Consulting Services,15 - Surat Dinas,legal drafting international contract direktur indonesia training institute and consulting services,SURAT DINAS
Partisipasi Iklan Kemitraan,Advertising Manager PT Grahanusa Mediatama (Kontan),16 - Surat Dinas,partisipasi iklan kemitraan advertising manager pt grahanusa mediatama kontan,SURAT DINAS
Bantuan Dana Pembangunan Mushollah Nurul Hidayah Karawang,Pengurus Panitia Pembangunan Sarana Ibadah Musholla Nurul Hidayah Karawang-Prov. Jawa Barat,17 - Surat Dinas,bantuan dana pembangunan mushollah nurul hidayah karawang pengurus panitia pembangunan sarana ibadah musholla nurul hidayah karawangprov jawa barat,SURAT DINAS
Pemberitahuan Rencana Pemutusan Kontrak,Pejabat Pembuat Komitmen Kegiatan OAB PNS Distrik Pedalaman Provinsi Papua Tahun 2023,21 - Surat Dinas,pemberitahuan rencana pemutusan kontrak pejabat pembuat komitmen kegiatan oab pns distrik pedalaman provinsi papua tahun 2023,SURAT DINAS
Partisipasi Iklan Kemitraan,Advertising Manager PT Grahanusa Mediatama (KONTAN),33 - Surat Dinas,partisipasi iklan kemitraan advertising manager pt grahanusa mediatama kontan,SURAT DINAS
Permohonan Sponsorship/Partisipasi,PT Faktual Media Utama,36 - Surat Dinas,permohonan sponsorshippartisipasi pt faktual media utama,SURAT DINAS
Program Sertifikasi & Workshop YPIA tahun 2024,Direktur Eksekutif CIAR YPIA (Yayasan Pendidikan Internal Audit),49 - Surat Dinas,program sertifikasi workshop ypia tahun 2024 direktur eksekutif ciar ypia yayasan pendidikan internal audit,SURAT DINAS
Perpanjangan Waktu Penyaluran CPP untuk Bantuan Pangan Tahap II Tahun 2023,Direktur Supply Chain dan Pelayanan Publik Perum Bulog,58 - Surat Dinas,perpanjangan waktu penyaluran cpp untuk bantuan pangan tahap ii tahun 2023 direktur supply chain dan pelayanan publik perum bulog,SURAT DINAS
Tanggapan Dewan Komisaris atas Laporan Manajemen bulan Oktober 2023 PT Pos Logistik Indonesia,Komisaris I PT Pos Logistik Indonesia,77 - Surat Dinas,tanggapan dewan komisaris atas laporan manajemen bulan oktober 2023 pt pos logistik indonesia komisaris i pt pos logistik indonesia,SURAT DINAS
Laporan Pelaksanaan Tugas Pengawasan Dewan Komisaris bulan Oktober 2023,Komisaris I PT Pos Logistik Indonesia,78 - Surat Dinas,laporan pelaksanaan tugas pengawasan dewan komisaris bulan oktober 2023 komisaris i pt pos logistik indonesia,SURAT DINAS
Pemutusan Kontrak Pekerjaan,Pejabat Pembuat Komitmen Kegiatan OAB PNS Distrik Pedalaman Provinsi Papua Tahun 2023,84 - Surat Dinas,pemutusan kontrak pekerjaan pejabat pembuat komitmen kegiatan oab pns distrik pedalaman provinsi papua tahun 2023,SURAT DINAS
Permintaan Pernyataan Penyelesaian Kewajiban PT Pos Indonesia (Persero),Pejabat Pembuat Komitmen Kegiatan OAB PNS Distrik Pedalaman Provinsi Papua Tahun 2023,85 - Surat Dinas,permintaan pernyataan penyelesaian kewajiban pt pos indonesia persero pejabat pembuat komitmen kegiatan oab pns distrik pedalaman provinsi papua tahun 2023,SURAT DINAS
Iklan Kemitraan Ucapan Selamat dan Sukses kepada PT Bank Rakyat Indonesia (Persero) Tbk,Koperasi Konsumen Pensiunan Bank BRI Guyub,93 - Surat Dinas,iklan kemitraan ucapan selamat dan sukses kepada pt bank rakyat indonesia persero tbk koperasi konsumen pensiunan bank bri guyub,SURAT DINAS
Penawaran Deposito Berjangka Bank Jatim,PT Bank Pembangunan Daerah Jawa Timur  Tbk Cabang Jakarta,156 - Surat Dinas,penawaran deposito berjangka bank jatim pt bank pembangunan daerah jawa timur tbk cabang jakarta,SURAT DINAS
Surat Penyampaian Salinan Keputusan Menteri BUMN No. SK-261/MBU/09/2023,Asisten Deputi Bidang Hukum Korporasi Kementerian BUMN,176 - Surat Dinas,surat penyampaian salinan keputusan menteri bumn no sk261mbu092023 asisten deputi bidang hukum korporasi kementerian bumn,SURAT DINAS
Dukungan kepada Anargya ITS EV Team pada kompetisi FSAE Japan 2024,Walikota Surabaya,199 - Surat Dinas,dukungan kepada anargya its ev team pada kompetisi fsae japan 2024 walikota surabaya,SURAT DINAS
Tanggapan Dewan Komisaris atas Laporan Manajemen Bulan November 2023 PT Pos Logistik Indonesia,Komisaris I PT Pos Indonesia (Persero),225 - Surat Dinas,tanggapan dewan komisaris atas laporan manajemen bulan november 2023 pt pos logistik indonesia komisaris i pt pos indonesia persero,SURAT DINAS
Laporan Pelaksanaan Tugas Pengawasan Dewan Komisaris bulan November 2023,Komisaris I PT Pos Logistik Indonesia,226 - laporan,laporan pelaksanaan tugas pengawasan dewan komisaris bulan november 2023 komisaris i pt pos logistik indonesia,LAPORAN
Surat Pemberitahuan Rencana Pemutusan Kontrak Pekerjaan Distribusi Pengangkutan Beras Pegawai ASN Distrik Pedalaman Provinsi Papua Barat Tahun 2023,Pejabat Pembuat Komitmen Kegiatan Ongkos Angkut Beras ASN Distrik Pedalaman Provinsi Papua Barat,1 - Surat Dinas,surat pemberitahuan rencana pemutusan kontrak pekerjaan distribusi pengangkutan beras pegawai asn distrik pedalaman provinsi papua barat tahun 2023 pejabat pembuat komitmen kegiatan ongkos angkut beras asn distrik pedalaman provinsi papua barat,SURAT DINAS
Permohonan Pegawai PT Pos Indonesia menjadi anggota Satgas Pameran Jakarta 2024,Ketua Umum PFEI/IPEA (Perkumpulan Filatelis Eksibitor Indonesia),2 - Surat Dinas,permohonan pegawai pt pos indonesia menjadi anggota satgas pameran jakarta 2024 ketua umum pfeiipea perkumpulan filatelis eksibitor indonesia,SURAT DINAS
Dukungan Kegiatan TASPEN DAY Tahun 2023,Direktur Utama PT Taspen (Persero),3 - Surat Dinas,dukungan kegiatan taspen day tahun 2023 direktur utama pt taspen persero,SURAT DINAS
Penolakan Penyesuaian Kenaikan Iuran Anggota PPPos,Ketua Umum Forum Persatuan Pensiunan Bersatu,4 - Surat Dinas,penolakan penyesuaian kenaikan iuran anggota pppos ketua umum forum persatuan pensiunan bersatu,SURAT DINAS
Surat Perkenalan dan Penawaran Jasa Konsultan Hukum,Toha Gandhi & Partners Law Office,5 - Surat Dinas,surat perkenalan dan penawaran jasa konsultan hukum toha gandhi partners law office,SURAT DINAS
"Surat Pemberitahuan Pemenang Living Legend Companies Award 2024 ""Memaksimalkan Potensi untuk Bertahan di Lingkungan Bisnis yang Dinamis""",CEO and Chief Editor PT Kuadran Satu Komunika,6 - Surat Dinas,surat pemberitahuan pemenang living legend companies award 2024 memaksimalkan potensi untuk bertahan di lingkungan bisnis yang dinamis ceo and chief editor pt kuadran satu komunika,SURAT DINAS
Penunjukan Pemegang Kas Kecil Kesekretariatan,VP Manajemen Keuangan;,7 - Surat Dinas,penunjukan pemegang kas kecil kesekretariatan vp manajemen keuangan,SURAT DINAS
Apresiasi Terpilih menjadi Nasabah Pre-Approve BSI Prioritas,Branch Manager KCP Jakarta Koja PT Bank Syariah Indonesia,8 - Surat Dinas,apresiasi terpilih menjadi nasabah preapprove bsi prioritas branch manager kcp jakarta koja pt bank syariah indonesia,SURAT DINAS
Permohonan Sponsorship,Secretary General MAINMUN 2024 Universitas Brawijaya,10 - proposal,permohonan sponsorship secretary general mainmun 2024 universitas brawijaya,PROPOSAL
Request for Shareholders Confirmation,PT Pos Logistik Indonesia,11 - Surat Dinas,request for shareholders confirmation pt pos logistik indonesia,SURAT DINAS
information related on our payable balance(s),Finance Vice President PT Pos Logistik Indonesia,12 - Surat Dinas,information related on our payable balances finance vice president pt pos logistik indonesia,SURAT DINAS
Laporan Penanganan Perkara Dugaan Tindak Pidana Penyimpangan Bantuan Program Keluarga Harapan (PKH) Tahap I dan II di Kabupaten Pendeglang Tahun 2023 pada Kejaksaan Negeri Pandeglang,Law Firm Hendrayanto & Partners,13 - Surat Dinas,laporan penanganan perkara dugaan tindak pidana penyimpangan bantuan program keluarga harapan pkh tahap i dan ii di kabupaten pendeglang tahun 2023 pada kejaksaan negeri pandeglang law firm hendrayanto partners,SURAT DINAS
Legal Drafting International Contract,Direktur Indonesia Training Institute and Consulting Services,14 - Surat Dinas,legal drafting international contract direktur indonesia training institute and consulting services,SURAT DINAS
Legal Drafting International Contract,Direktur Indonesia Training Institute and Consulting Services,15 - Surat Dinas,legal drafting international contract direktur indonesia training institute and consulting services,SURAT DINAS
Partisipasi Iklan Kemitraan,Advertising Manager PT Grahanusa Mediatama (Kontan),16 - Surat Dinas,partisipasi iklan kemitraan advertising manager pt grahanusa mediatama kontan,SURAT DINAS
Bantuan Dana Pembangunan Mushollah Nurul Hidayah Karawang,Pengurus Panitia Pembangunan Sarana Ibadah Musholla Nurul Hidayah Karawang-Prov. Jawa Barat,17 - Surat Dinas,bantuan dana pembangunan mushollah nurul hidayah karawang pengurus panitia pembangunan sarana ibadah musholla nurul hidayah karawangprov jawa barat,SURAT DINAS
Penawaran Kerjasama Konsultasi dan Pelatihan,Direktur John Robert Powers  Human Resources Development,19 - Surat Dinas,penawaran kerjasama konsultasi dan pelatihan direktur john robert powers human resources development,SURAT DINAS
SPK karyadi div hukum,corsec;,20 - SPK dan PKS,spk karyadi div hukum corsec,SPK DAN PKS
Pemberitahuan Rencana Pemutusan Kontrak,Pejabat Pembuat Komitmen Kegiatan OAB PNS Distrik Pedalaman Provinsi Papua Tahun 2023,21 - Surat Dinas,pemberitahuan rencana pemutusan kontrak pejabat pembuat komitmen kegiatan oab pns distrik pedalaman provinsi papua tahun 2023,SURAT DINAS
Dukungan Sponsorship,Pimpinan Pusat Jamiyyatul Qurra`wal Huffazh Nahdlatul Ulama,22 - Surat Dinas,dukungan sponsorship pimpinan pusat jamiyyatul qurrawal huffazh nahdlatul ulama,SURAT DINAS
Permintaan ATK,Manajer Rumah Tangga;,23 - Surat Dinas,permintaan atk manajer rumah tangga,SURAT DINAS
1. Perjanjian Kerja Sama antara PT Pos Indonesia (Persero) dengan PT Metalogix Infolink Persada tentang Layanan Penerimaan Pembayaran Tagihan Multi Biller 2. Berita Acara Kesepakatan tentang Layanan Penerimaan Pembayaran Multi Biller melalui Sistem Online Payment Point Pos,Direktur Bisnis Jasa Keuangan dan SVP Government and Corporate Business;,24 - SPK dan PKS,1 perjanjian kerja sama antara pt pos indonesia persero dengan pt metalogix infolink persada tentang layanan penerimaan pembayaran tagihan multi biller 2 berita acara kesepakatan tentang layanan penerimaan pembayaran multi biller melalui sistem online payment point pos direktur bisnis jasa keuangan dan svp government and corporate business,SPK DAN PKS
Risalah Radir  Kamis 4 Januari 2024,Direksi;,25 - risalah,risalah radir kamis 4 januari 2024 direksi,RISALAH
Permohonan Dana dan Kegiatan Pesantren Kilat SENYUMAN XIV,Pondok Pesantren Husnul Khotimah Desa Maniskidul  Kecamatan Jalaksana Kab Kuningan,26 - proposal,permohonan dana dan kegiatan pesantren kilat senyuman xiv pondok pesantren husnul khotimah desa maniskidul kecamatan jalaksana kab kuningan,PROPOSAL
Perjanjian Kerja Sama antara Direktorat Pemberdayaan Komunitas Adat Terpencil dan Kewirausahaan Sosial Direktorat Jenderal Pemberdayaan Sosial Kementerian Sosial dengan PT Pos Indonesia (Persero) Nomor : PKS 216/DIR-4/0823 tentang Penyaluran Bantuan Sosial Program Pahlawan Ekonomi Nusantara Tahun 2023,Direktur Bisnis Jasa Keuangan;,28 - SPK dan PKS,perjanjian kerja sama antara direktorat pemberdayaan komunitas adat terpencil dan kewirausahaan sosial direktorat jenderal pemberdayaan sosial kementerian sosial dengan pt pos indonesia persero nomor pks 216dir40823 tentang penyaluran bantuan sosial program pahlawan ekonomi nusantara tahun 2023 direktur bisnis jasa keuangan,SPK DAN PKS
Perjanjian Kerja Sama antara PT Pos Indonesia (Persero) dengan PT Dapensi Trio Usaha tentang Layanan Cash In pada Jaringan Layanan Pos Nomor : PKS 349/SVP Consumer Business/1223,SVP Consumer Business;,29 - SPK dan PKS,perjanjian kerja sama antara pt pos indonesia persero dengan pt dapensi trio usaha tentang layanan cash in pada jaringan layanan pos nomor pks 349svp consumer business1223 svp consumer business,SPK DAN PKS
PKS div hukum (Karyadi),Corsec;,30 - SPK dan PKS,pks div hukum karyadi corsec,SPK DAN PKS
Risalah Rapat Terbatas (Ratas) Enterprise Business,Direksi;,31 - risalah,risalah rapat terbatas ratas enterprise business direksi,RISALAH
Surat Pengantar Sponsorship,Himpunan Mahasiswa Hubungan Internasional Universitas Pasundan,32 - proposal,surat pengantar sponsorship himpunan mahasiswa hubungan internasional universitas pasundan,PROPOSAL
Partisipasi Iklan Kemitraan,Advertising Manager PT Grahanusa Mediatama (KONTAN),33 - Surat Dinas,partisipasi iklan kemitraan advertising manager pt grahanusa mediatama kontan,SURAT DINAS
Peringatan Hukum Ketiga (Terakhir),Law Office Redol Panjaitan-Sitepu  Kuasa Hukum PT Nusantara Elok Anugerah,34 - Surat Dinas,peringatan hukum ketiga terakhir law office redol panjaitansitepu kuasa hukum pt nusantara elok anugerah,SURAT DINAS
Penawaran Sponsorship/Partisipasi,Co-Founder & CEO PT Kemudahan Cipta Kreasi (Mudahin),35 - proposal,penawaran sponsorshippartisipasi cofounder ceo pt kemudahan cipta kreasi mudahin,PROPOSAL
Permohonan Sponsorship/Partisipasi,PT Faktual Media Utama,36 - Surat Dinas,permohonan sponsorshippartisipasi pt faktual media utama,SURAT DINAS
Kesepahaman Bersama antara Kementerian Desa  Pembangunan Daerah Tertinggal dan Transmigrasi Republik Indonesia dengan PT Pos Indonesia (Persero) Nomor : MOU299/DIRUT/1123,Direktur Utama;,38 - SPK dan PKS,kesepahaman bersama antara kementerian desa pembangunan daerah tertinggal dan transmigrasi republik indonesia dengan pt pos indonesia persero nomor mou299dirut1123 direktur utama,SPK DAN PKS
Perjanjian Kerja Bersama antara Direktorat Jenderal Pengembangan Ekonomi dan Investasai Desa  Daerah Tertinggal dan Transmigrasi Kementerian Desa  Pembangunan Daerah dann Transmigrasi dengan PT Pos Indonesia (Persero) Nomor : PKB301/ DIR-4/1123,Direktur Bisnis Jasa Keuangan;,39 - SPK dan PKS,perjanjian kerja bersama antara direktorat jenderal pengembangan ekonomi dan investasai desa daerah tertinggal dan transmigrasi kementerian desa pembangunan daerah dann transmigrasi dengan pt pos indonesia persero nomor pkb301 dir41123 direktur bisnis jasa keuangan,SPK DAN PKS
Permohonan Audit SDM di Kantor Pos Kediri,B Hermawan  Kediri 64184,40 - Surat Dinas,permohonan audit sdm di kantor pos kediri b hermawan kediri 64184,SURAT DINAS
Perjanjian Kerja Sama antara PT Pos Indonesia (Persero) dengan PT Bina Karya (Persero) tentang Kerja Sama Operasi Pelayanan Kurir dan Logistik Ibu Kota Nusantara (IKN),Direktur Utama;,41 - SPK dan PKS,perjanjian kerja sama antara pt pos indonesia persero dengan pt bina karya persero tentang kerja sama operasi pelayanan kurir dan logistik ibu kota nusantara ikn direktur utama,SPK DAN PKS
Penawaran Kerjasama Event IDX Channel Economic Outlook 2024,Head of Sales and Marketing PT Tivi Bursa Indonesia (IDX Channel),42 - Surat Dinas,penawaran kerjasama event idx channel economic outlook 2024 head of sales and marketing pt tivi bursa indonesia idx channel,SURAT DINAS
Perjanjian Pengaturan Pergerakan Karyawan (Talent Mobility Agreement) antara Perusahaan Perseroan (Persero) PT Telekomunikasi Indonesia Tbk dan PT Pos Indonesia (Persero) Nomor : PKS 317/DIR-2/1123,Direktur Human Capital Management;,44 - SPK dan PKS,perjanjian pengaturan pergerakan karyawan talent mobility agreement antara perusahaan perseroan persero pt telekomunikasi indonesia tbk dan pt pos indonesia persero nomor pks 317dir21123 direktur human capital management,SPK DAN PKS
Keputusan Direksi tentang Pakaian Kerja dan Tanda Pengenal Karyawan PT Pos Indonesia (Persero),Direktur Utama;,45 - KD,keputusan direksi tentang pakaian kerja dan tanda pengenal karyawan pt pos indonesia persero direktur utama,KD
Surat Keputusan Direksi Nomor SK 2454/DIRUT/1223 tentang Satuan Tugas Pelaksana Distribusi Logistik dan Perlengkapan Pemilu Tahun 2024,Direktur Utama;,46 - SK,surat keputusan direksi nomor sk 2454dirut1223 tentang satuan tugas pelaksana distribusi logistik dan perlengkapan pemilu tahun 2024 direktur utama,SK
1. Risalah Rapat Gabungan Dewan Komisaris dengan Direksi PT Pos Indonesia (Persero) Management Report YTD November 2023. Nomor : 286/Dekom/1223 dan Nomor : /DIRUT/0124 2. Keputusan Bersama Komisaris dan Direksi PT Pos Indonesia (Persero) Nomor : 01/DEKOM/0124 tentang Internal Audit Charter (Piagam Audit Internal) PT Pos Indonesia (Persero),Direktur Utama;,47 - KD,1 risalah rapat gabungan dewan komisaris dengan direksi pt pos indonesia persero management report ytd november 2023 nomor 286dekom1223 dan nomor dirut0124 2 keputusan bersama komisaris dan direksi pt pos indonesia persero nomor 01dekom0124 tentang internal audit charter piagam audit internal pt pos indonesia persero direktur utama,KD
Partisipasi Iklan Kemitraan Nano Bank Syariah,Advertising Manager PT Grahanusa Mediatama (Kontan),48 - Surat Dinas,partisipasi iklan kemitraan nano bank syariah advertising manager pt grahanusa mediatama kontan,SURAT DINAS
Program Sertifikasi & Workshop YPIA tahun 2024,Direktur Eksekutif CIAR YPIA (Yayasan Pendidikan Internal Audit),49 - Surat Dinas,program sertifikasi workshop ypia tahun 2024 direktur eksekutif ciar ypia yayasan pendidikan internal audit,SURAT DINAS
1. Permohonan Rekomendasi Penghapusbukuan Bangunan Kantor Cabang Pembantu Dargo Semarang. 2. Pakta Integriats,Direktur Utama;,51 - Surat Dinas,1 permohonan rekomendasi penghapusbukuan bangunan kantor cabang pembantu dargo semarang 2 pakta integriats direktur utama,SURAT DINAS
SPK/PKS Div Hukum (Karyadi),Corporate Secretary;,52 - SPK dan PKS,spkpks div hukum karyadi corporate secretary,SPK DAN PKS
Risalah Radir  Rabu 10 Januari 2024,Direksi;,53 - risalah,risalah radir rabu 10 januari 2024 direksi,RISALAH
SPK/PKS Div Hukum (Karyadi),Corporate Secretary;,55 - SPK dan PKS,spkpks div hukum karyadi corporate secretary,SPK DAN PKS
Permohonan Sponsorship Hari Pers Nasional,Panitia Hari Pers Nasional 2024,56 - proposal,permohonan sponsorship hari pers nasional panitia hari pers nasional 2024,PROPOSAL
Permohonan Dukungan dan Partisipasi,Lembaga Takmir Masjid Pengurus Wilayah Nahdlatul Ulama Provinsi DKI Jakarta,57 - Surat Dinas,permohonan dukungan dan partisipasi lembaga takmir masjid pengurus wilayah nahdlatul ulama provinsi dki jakarta,SURAT DINAS
Perpanjangan Waktu Penyaluran CPP untuk Bantuan Pangan Tahap II Tahun 2023,Direktur Supply Chain dan Pelayanan Publik Perum Bulog,58 - Surat Dinas,perpanjangan waktu penyaluran cpp untuk bantuan pangan tahap ii tahun 2023 direktur supply chain dan pelayanan publik perum bulog,SURAT DINAS
Undangan Bintek Nasional PBJP 2024,Lembaga Pengkajian dan Pengembangan Kebijakan Publik (Lp2Kp) Artha Nugraha,59 - Surat Dinas,undangan bintek nasional pbjp 2024 lembaga pengkajian dan pengembangan kebijakan publik lp2kp artha nugraha,SURAT DINAS
Pembayaran Iuran Keanggotaan ASPI tahun 2024,Asosiasi Sistem Pembayaran Indonesia (ASPI),60 - Surat Dinas,pembayaran iuran keanggotaan aspi tahun 2024 asosiasi sistem pembayaran indonesia aspi,SURAT DINAS
Penawaran Pelatihan Public Speaking,PT Mitra Training Indonesia (MTI),61 - Surat Dinas,penawaran pelatihan public speaking pt mitra training indonesia mti,SURAT DINAS
Penawaran Pelatihan Pengembangan Diri dan Pengembangan Kompetensi,PT Mitra Training Indonesia (MTI),62 - Surat Dinas,penawaran pelatihan pengembangan diri dan pengembangan kompetensi pt mitra training indonesia mti,SURAT DINAS
Penawaran Pelatihan Pembekalan Mental dan Kewirausahaan Pegawai sebagai Penghargaan (Reward) menjelang Purna Bakti,PT Mitra Training Indonesia (MTI),63 - Surat Dinas,penawaran pelatihan pembekalan mental dan kewirausahaan pegawai sebagai penghargaan reward menjelang purna bakti pt mitra training indonesia mti,SURAT DINAS
Penawaran Pelatihan Protokoler dan Etika Kehumasan Pemerintah,PT Mitra Training Indonesia (MTI),64 - Surat Dinas,penawaran pelatihan protokoler dan etika kehumasan pemerintah pt mitra training indonesia mti,SURAT DINAS
Perjanjian antara PT Pos Indonesia (Persero) dan Firma Kantor Konsultan Aktuaria Enny Diah Awal tentang Pekerjaan Pengadaan Jasa Konsultan untuk Penyusunan Roadmap Penyehatan Dana Pensiun Pos (Dapenpos) Nomor : 335/SPBT/1223,SVP Strategic Planning and Business Development;,66 - SPK dan PKS,perjanjian antara pt pos indonesia persero dan firma kantor konsultan aktuaria enny diah awal tentang pekerjaan pengadaan jasa konsultan untuk penyusunan roadmap penyehatan dana pensiun pos dapenpos nomor 335spbt1223 svp strategic planning and business development,SPK DAN PKS
Perjanjian antara PT Pos Indonesia (Persero) dengan CV Mediacom Mitra Abadi tentang Pekerjaan Pengadaan Managed Service Jasa Operasional dan Pemeliharaan Sistem IT Tahun 2024 Nomor : 4/ Subdit DS/0124,SVP Digital Services;,67 - SPK dan PKS,perjanjian antara pt pos indonesia persero dengan cv mediacom mitra abadi tentang pekerjaan pengadaan managed service jasa operasional dan pemeliharaan sistem it tahun 2024 nomor 4 subdit ds0124 svp digital services,SPK DAN PKS
Perjanjian Kerja Sama antara Badan Perlindungan Pekerja Migran Indonesia dengan PT Pos Indonesia (Persero) tentang Pemanfaatan Layanan Jasa Keuangan bagi Pekerja Migran Indonesia dan Keluarganya,SVP Consumer Business;,68 - SPK dan PKS,perjanjian kerja sama antara badan perlindungan pekerja migran indonesia dengan pt pos indonesia persero tentang pemanfaatan layanan jasa keuangan bagi pekerja migran indonesia dan keluarganya svp consumer business,SPK DAN PKS
Nota Kesepahaman (MoU) antara ASPERINDO dengan PT Pos Indonesia (Persero) tentang Pemanfaatan Produk dan Layanan PT Pos Indonesia (Persero) Nomor : 009/DPP.Asper/MoU/XII/2024,Direktur Bisnis Jasa Keuangan;,69 - SPK dan PKS,nota kesepahaman mou antara asperindo dengan pt pos indonesia persero tentang pemanfaatan produk dan layanan pt pos indonesia persero nomor 009dppaspermouxii2024 direktur bisnis jasa keuangan,SPK DAN PKS
Surat Keputusan Direksi tentang Komite Pengelolaan Anak Perusahaan,Direktur Utama;,70 - SK,surat keputusan direksi tentang komite pengelolaan anak perusahaan direktur utama,SK
Surat Keputusan Direksi Nomor SK 2357/DIRUT/1123 tentang Perpanjangan Masa Tugas dan Perubahan Susunan Keanggotaan Tim Pelaksana Penyaluran Bantuan Sosial Kementerian Sosial Republik Indonesia Tahun 2023,Direktur Utama;,71 - SK,surat keputusan direksi nomor sk 2357dirut1123 tentang perpanjangan masa tugas dan perubahan susunan keanggotaan tim pelaksana penyaluran bantuan sosial kementerian sosial republik indonesia tahun 2023 direktur utama,SK
Addendum Perjanjian Kerja Sama antara Direktorat Rehabilitasi Sosial Anak Direktorat Jenderal Rehabilitasi Sosial Kementerian Sosial dengan PT Pos Indonesia (Persero) tentang Penyaluran Bantuan Asistensi Rehabilitasi Sosial Anak Yatim Piatu Tahun 2023. Nomor : PKS 331/DIR-4/1123,Direktur Bisnis Jasa Keuangan;,72 - SPK dan PKS,addendum perjanjian kerja sama antara direktorat rehabilitasi sosial anak direktorat jenderal rehabilitasi sosial kementerian sosial dengan pt pos indonesia persero tentang penyaluran bantuan asistensi rehabilitasi sosial anak yatim piatu tahun 2023 nomor pks 331dir41123 direktur bisnis jasa keuangan,SPK DAN PKS
Perjanjian Kerja Sama antara Direktorat Jenderal Pemberdayaan Sosial Kementerian Sosial dengan PT Pos Indonesia (Persero) Nomor : PKS 306/DIR-4/1123 tentang Penyaluran Bantuan Langsung Tunai El Nino Tahun 2023,Direktur Bisnis Jasa Keuangan;,73 - SPK dan PKS,perjanjian kerja sama antara direktorat jenderal pemberdayaan sosial kementerian sosial dengan pt pos indonesia persero nomor pks 306dir41123 tentang penyaluran bantuan langsung tunai el nino tahun 2023 direktur bisnis jasa keuangan,SPK DAN PKS
Adendum Keempat Perjanjian Kerja Sama antara Direktorat Jenderal Kependudukan dan Pencatatan Sipil Kementerian Dalam Negeri Republik Indonesia denga PT Pos Indonesia (Persero) tentang Pemanfaatan Nomor Induk Kependudukan Data Kependudukan dan Kartu Tanda Penduduk Elektronik dalam Layanan Lingkup PT Pos Indonesia (Persero),Direktur Utama;,74 - SPK dan PKS,adendum keempat perjanjian kerja sama antara direktorat jenderal kependudukan dan pencatatan sipil kementerian dalam negeri republik indonesia denga pt pos indonesia persero tentang pemanfaatan nomor induk kependudukan data kependudukan dan kartu tanda penduduk elektronik dalam layanan lingkup pt pos indonesia persero direktur utama,SPK DAN PKS
Keputusan Bersama Komisaris dan Direksi Nomor KD 01/ DIRUT/0124 tentang Internal Audit Charter (Piagam Audit Internal),Direktur Utama dan Komisaris Utama;,75 - KD,keputusan bersama komisaris dan direksi nomor kd 01 dirut0124 tentang internal audit charter piagam audit internal direktur utama dan komisaris utama,KD
Surat Keputusan Direksi Nomor : SK 2463/DIR-3/1223 tentang Pembentukan Tim Tanggap Insiden Siber (Computer Security Incident Response Team),Direktur Operasi dan Digital Services;,76 - SK,surat keputusan direksi nomor sk 2463dir31223 tentang pembentukan tim tanggap insiden siber computer security incident response team direktur operasi dan digital services,SK
Tanggapan Dewan Komisaris atas Laporan Manajemen bulan Oktober 2023 PT Pos Logistik Indonesia,Komisaris I PT Pos Logistik Indonesia,77 - Surat Dinas,tanggapan dewan komisaris atas laporan manajemen bulan oktober 2023 pt pos logistik indonesia komisaris i pt pos logistik indonesia,SURAT DINAS
Laporan Pelaksanaan Tugas Pengawasan Dewan Komisaris bulan Oktober 2023,Komisaris I PT Pos Logistik Indonesia,78 - Surat Dinas,laporan pelaksanaan tugas pengawasan dewan komisaris bulan oktober 2023 komisaris i pt pos logistik indonesia,SURAT DINAS
"Surat Pemberitahuan Penerima Penghargaan ""Anugerah ICONOMICS`20 Best Companies""",Founder & CEO The Iconomics,79 - proposal,surat pemberitahuan penerima penghargaan anugerah iconomics20 best companies founder ceo the iconomics,PROPOSAL
Jawaban atas Anjuran Mediator Hubungan Industrial Nomor : S.K.T.17/Disnaker/304/2023,Ketua DPC SPPI-KB Pekanbaru,80 - Surat Dinas,jawaban atas anjuran mediator hubungan industrial nomor skt17disnaker3042023 ketua dpc sppikb pekanbaru,SURAT DINAS
Somasi II,Law Office AL & Partners Adv. Abdul Latif Usman,81 - Surat Dinas,somasi ii law office al partners adv abdul latif usman,SURAT DINAS
Permohonan Izin Prinsip Pelaksanaan Launching Nusantara Logistics Hub PT Pos Indonesia (Persero),Direktur Pengendalian Penyelenggaraan Pemerintahan dan Perizinan Pembangunan Deputi Bidang Pengendalian Pembangunan Otorita IKN;,83 - Surat Dinas,permohonan izin prinsip pelaksanaan launching nusantara logistics hub pt pos indonesia persero direktur pengendalian penyelenggaraan pemerintahan dan perizinan pembangunan deputi bidang pengendalian pembangunan otorita ikn,SURAT DINAS
Pemutusan Kontrak Pekerjaan,Pejabat Pembuat Komitmen Kegiatan OAB PNS Distrik Pedalaman Provinsi Papua Tahun 2023,84 - Surat Dinas,pemutusan kontrak pekerjaan pejabat pembuat komitmen kegiatan oab pns distrik pedalaman provinsi papua tahun 2023,SURAT DINAS
Permintaan Pernyataan Penyelesaian Kewajiban PT Pos Indonesia (Persero),Pejabat Pembuat Komitmen Kegiatan OAB PNS Distrik Pedalaman Provinsi Papua Tahun 2023,85 - Surat Dinas,permintaan pernyataan penyelesaian kewajiban pt pos indonesia persero pejabat pembuat komitmen kegiatan oab pns distrik pedalaman provinsi papua tahun 2023,SURAT DINAS
Tanggapan atas Permohonan Pembatalan Pemutusan Kontrak Kerja Kegiatan Ongkos Angkut Beras (OAB) Distrik Pedalaman Provinsi Papua dan Papua Barat TA 2023,Inspektur Jenderal,86 - Surat Dinas,tanggapan atas permohonan pembatalan pemutusan kontrak kerja kegiatan ongkos angkut beras oab distrik pedalaman provinsi papua dan papua barat ta 2023 inspektur jenderal,SURAT DINAS
Partisipasi dalam Sosialisasi Pemilu Serentak Tahun 2024,Ketua Komisi Pemilihan Umum Republik Indonesia,87 - Surat Dinas,partisipasi dalam sosialisasi pemilu serentak tahun 2024 ketua komisi pemilihan umum republik indonesia,SURAT DINAS
Perjanjian Kerja Pengadaan Jasa Transporter untuk Distribusi Bantuan Pangan Program Stunting Pemerintah Tahap II 2023 antara PT Rajawali Nusantara Indonesia (Persero) dan PT Pos Indonesia (Persero) Nomor : PKS 251/DIRUT/1023 PKS ID FOOD,Direktur Utama;,88 - SPK dan PKS,perjanjian kerja pengadaan jasa transporter untuk distribusi bantuan pangan program stunting pemerintah tahap ii 2023 antara pt rajawali nusantara indonesia persero dan pt pos indonesia persero nomor pks 251dirut1023 pks id food direktur utama,SPK DAN PKS
surat pribadi,M David Effendi,89 - Surat Dinas,surat pribadi m david effendi,SURAT DINAS
Ucapan Selamat dan Sukses atas Pembentukan sub Holding PT Angkasa Pura Indonesia,Managing Director Majalah Transportasi Indonesia,90 - Surat Dinas,ucapan selamat dan sukses atas pembentukan sub holding pt angkasa pura indonesia managing director majalah transportasi indonesia,SURAT DINAS
"Penawaran Kepemilikan Buku : ""(bukan) Kisah Sukses Erick Thohir Sebuah Biografi""",Direktur Aman Communication,91 - Surat Dinas,penawaran kepemilikan buku bukan kisah sukses erick thohir sebuah biografi direktur aman communication,SURAT DINAS
Penawaran Training,Direktur Eksekutif PPLC,92 - Surat Dinas,penawaran training direktur eksekutif pplc,SURAT DINAS
Iklan Kemitraan Ucapan Selamat dan Sukses kepada PT Bank Rakyat Indonesia (Persero) Tbk,Koperasi Konsumen Pensiunan Bank BRI Guyub,93 - Surat Dinas,iklan kemitraan ucapan selamat dan sukses kepada pt bank rakyat indonesia persero tbk koperasi konsumen pensiunan bank bri guyub,SURAT DINAS
Penerbitan Buku Kompilasi Ringkasan Konvensi Internasional Bidang Transportasi Darat dan Kereta Api,Pengurus Badan Pembina Pensiunan Pegawai (BP-3) Perhubungan,94 - Surat Dinas,penerbitan buku kompilasi ringkasan konvensi internasional bidang transportasi darat dan kereta api pengurus badan pembina pensiunan pegawai bp3 perhubungan,SURAT DINAS
Sponsorship Kegiatan Peringatan HUT ke-78 TNI AU Tahun 2024,Kepala Pusat Potensi Kedirgantaraan Mabes TNI AU,95 - Surat Dinas,sponsorship kegiatan peringatan hut ke78 tni au tahun 2024 kepala pusat potensi kedirgantaraan mabes tni au,SURAT DINAS
Pernyataan Keberatan,Jaya Santosa,96 - surat pribadi,pernyataan keberatan jaya santosa,SURAT PRIBADI
Pembayaran Bonus/Jasa Produksi tahun 2023,Dewan Pengurus Pusat Serikat Pekerja Pos Indonesia,97 - Surat Dinas,pembayaran bonusjasa produksi tahun 2023 dewan pengurus pusat serikat pekerja pos indonesia,SURAT DINAS
Permintaan Pembayaran Tunggakan Piutang Sewa Kendaraan Bermotor Roda 4 sebanyak 8 Unit,Koperasi Usaha Bersama Kantor Regional Pos 9 Banjarbaru,98 - Surat Dinas,permintaan pembayaran tunggakan piutang sewa kendaraan bermotor roda 4 sebanyak 8 unit koperasi usaha bersama kantor regional pos 9 banjarbaru,SURAT DINAS
Permohonan perhatian kesejahteraan pensiun BUMN,Steven KD Sondakh  LSM Gerakan Rakyat Bangun Nusantara Sulawesi Utara,99 - Surat Dinas,permohonan perhatian kesejahteraan pensiun bumn steven kd sondakh lsm gerakan rakyat bangun nusantara sulawesi utara,SURAT DINAS
Pemberitahuan sebelum di Eksekusi,Panca Panggabean  Lembaga Pemerhati BUMN,100 - Surat Dinas,pemberitahuan sebelum di eksekusi panca panggabean lembaga pemerhati bumn,SURAT DINAS
Adendum Kelima Perjanjian Jasa Angkutan Pendistribusian Bantuan Pangan Cadangan Beras Pemerintah Tahun 2023 antara Perum Bulog dengan PT Pos Indonesia (Persero) Nomor : PKS 224/DIRUT/092023 Nomor Adendum Kelima : PKS 356/ DIRUT/1223,Direktur Utama;,101 - SPK dan PKS,adendum kelima perjanjian jasa angkutan pendistribusian bantuan pangan cadangan beras pemerintah tahun 2023 antara perum bulog dengan pt pos indonesia persero nomor pks 224dirut092023 nomor adendum kelima pks 356 dirut1223 direktur utama,SPK DAN PKS
Perjanjian Kerja Sama antara PT Pos Indonesia (Persero) dengan PT Kalimantan Prima Persada tentang Jasa Pengiriman Surat dan Paket Nomor : PKS 330/DIR-5/1223,Direktur Bisnis Kurir dan Logistik;,102 - SPK dan PKS,perjanjian kerja sama antara pt pos indonesia persero dengan pt kalimantan prima persada tentang jasa pengiriman surat dan paket nomor pks 330dir51223 direktur bisnis kurir dan logistik,SPK DAN PKS
Nota Kesepahaman antara PT Pos Indonesia (Persero) dengan PT Pins Indonesia tentang Pemanfaatan Layanan Jasa dan Potensi Masing-Masing Pihak Nomor : MOU 005/DIRUT/0124,Direktur Utama;,103 - SPK dan PKS,nota kesepahaman antara pt pos indonesia persero dengan pt pins indonesia tentang pemanfaatan layanan jasa dan potensi masingmasing pihak nomor mou 005dirut0124 direktur utama,SPK DAN PKS
Adendum Kedua Perjanjian Jasa Angkutan Pendistribusian Bantuan Pangan Cadangan Beras Pemerintah Tahun 2023 antara Perum Bulog dengan PT Pos Indonesia (Persero) Nomor : PKS 310/ DIRUT/1123 Nomor Adendum Kedua : PKS 355/DIRUT/1223,Direktur Utama;,104 - SPK dan PKS,adendum kedua perjanjian jasa angkutan pendistribusian bantuan pangan cadangan beras pemerintah tahun 2023 antara perum bulog dengan pt pos indonesia persero nomor pks 310 dirut1123 nomor adendum kedua pks 355dirut1223 direktur utama,SPK DAN PKS
Permohonan Dana Sponsorship Onlimpiade 2024,CEO PT Orbit Teknologi Edukasi,107 - Surat Dinas,permohonan dana sponsorship onlimpiade 2024 ceo pt orbit teknologi edukasi,SURAT DINAS
"Perjanjian antara PT Pos Indonesia (Persero) dengan PT Samsata tentang Pekerjaan Pengadaan Jasa Perjalalanan Wisata ke Thailand ""Reward Agenpos Semester 1 Tahun 2023""",SVP Retail Business;,108 - SPK dan PKS,perjanjian antara pt pos indonesia persero dengan pt samsata tentang pekerjaan pengadaan jasa perjalalanan wisata ke thailand reward agenpos semester 1 tahun 2023 svp retail business,SPK DAN PKS
Risalah Radir  Selasa 23 Januari 2024,Direksi;,110 - risalah,risalah radir selasa 23 januari 2024 direksi,RISALAH
Surat Keputusan Direksi Nomor : SK 002/DIRUT/0124 tentang Susunan Keanggotaan Satuan Tugas Nasional dan Regional Pendistribusian Bantuan Pangan Cadangan Beras Pemerintah Alokasi Januari-Juni 2024,Direktur Utama;,113 - SK,surat keputusan direksi nomor sk 002dirut0124 tentang susunan keanggotaan satuan tugas nasional dan regional pendistribusian bantuan pangan cadangan beras pemerintah alokasi januarijuni 2024 direktur utama,SK
Nota Kesepahaman antara PT Pura Barutama dengan PT Pos Indonesia (Persero) tentang Kolaborasi Pemanfaatan Layanan Masing-Masing Pihak,Direktur Utama;,114 - SPK dan PKS,nota kesepahaman antara pt pura barutama dengan pt pos indonesia persero tentang kolaborasi pemanfaatan layanan masingmasing pihak direktur utama,SPK DAN PKS
Konfirmasi Sponsorship Konseria Surabaya,Corsec;,115 - Surat Dinas,konfirmasi sponsorship konseria surabaya corsec,SURAT DINAS
Nota Kesepahaman antara Perusahaan Perseroan (Persero) PT Industri Telekomunikasi Indonesia dengan PT Pos Indonesia (Persero) tentang Pemanfaatan Jasa dan Potensi Masing-Masing Pihak,Direktur Bisnis Kurir dan Logistik;,116 - SPK dan PKS,nota kesepahaman antara perusahaan perseroan persero pt industri telekomunikasi indonesia dengan pt pos indonesia persero tentang pemanfaatan jasa dan potensi masingmasing pihak direktur bisnis kurir dan logistik,SPK DAN PKS
Perjanjian Kerja Sama antara Badan Penyelanggara Jaminan Sosial Kesehatan dan PT Pos Indonesia (Persero) tentang Pemanfaatan Layanan Jasa Pengiriman untuk Distribusi Obat Pelayanan Telemedicine Program Jaminan Kesehatan Nasional Nomor : PKS 357/DIR-5/1223,Direktur Bisnis Kurir dan Logistik;,117 - SPK dan PKS,perjanjian kerja sama antara badan penyelanggara jaminan sosial kesehatan dan pt pos indonesia persero tentang pemanfaatan layanan jasa pengiriman untuk distribusi obat pelayanan telemedicine program jaminan kesehatan nasional nomor pks 357dir51223 direktur bisnis kurir dan logistik,SPK DAN PKS
Nota Kesepahaman antara Badan Meteorologi  Klimatologi dan Geofisika dengan PT Pos Indonesia (Persero) tentang Sinergitas Pelaksanaan Tugas dan Fungsi,Direktur Utama;,118 - SPK dan PKS,nota kesepahaman antara badan meteorologi klimatologi dan geofisika dengan pt pos indonesia persero tentang sinergitas pelaksanaan tugas dan fungsi direktur utama,SPK DAN PKS
Perjanjian Kerja Waktu Tertentu antara PT Pos Indonesia (Persero) dengan Erry Kusumayadhi sebagai Tenaga Kerja Profesional Perusahaan Nomor : PKS 323/DIR-3/1223,Direktur Operasi dan Digital Services;,119 - SPK dan PKS,perjanjian kerja waktu tertentu antara pt pos indonesia persero dengan erry kusumayadhi sebagai tenaga kerja profesional perusahaan nomor pks 323dir31223 direktur operasi dan digital services,SPK DAN PKS
Perjanjian Kerja Sama antara PT Pos Indonesia (Persero) dengan PT Makmur Bersama Sejahtera tentang Pengelolaan Super Agenpos Layanan Jasa Kurir,SVP Retail Business;,120 - SPK dan PKS,perjanjian kerja sama antara pt pos indonesia persero dengan pt makmur bersama sejahtera tentang pengelolaan super agenpos layanan jasa kurir svp retail business,SPK DAN PKS
Perjanjian Kerja Sama antara PT Pos Indonesia (Persero) dengan PT Pos Finansial Indonesia tentang Pengelolaan Super Agenpos Layanan Jasa Kurir,SVP Retail Business;,121 - SPK dan PKS,perjanjian kerja sama antara pt pos indonesia persero dengan pt pos finansial indonesia tentang pengelolaan super agenpos layanan jasa kurir svp retail business,SPK DAN PKS
1. Berita Acara Kesepakatan PT Pos Indonesia (Persero) PT Pos Finansial Indonesia Nomor :01152/P.O Aset/0124 2. Perjanjian Antara PT Pos Indonesia (Persero) PT Pos Finansial Indonesia tentang Pinjam Pakai Aset Milik PT Pos Indonesia (Persero) di Jalan Mamuju Nomor 2 Kota Bandung Nomor : PKS 018/ DIR-1/0124,Direktur Keuangan dan Manajemen Risiko;,122 - SPK dan PKS,1 berita acara kesepakatan pt pos indonesia persero pt pos finansial indonesia nomor 01152po aset0124 2 perjanjian antara pt pos indonesia persero pt pos finansial indonesia tentang pinjam pakai aset milik pt pos indonesia persero di jalan mamuju nomor 2 kota bandung nomor pks 018 dir10124 direktur keuangan dan manajemen risiko,SPK DAN PKS
Surat Keputusan Direksi tentang Perpanjangan Masa Kerja Tim Digitalisasi dan Penataan Ulang Alih Media Arsip Sumber Daya Manusia PT Pos Indonesia (Persero),Direktur Utama;,123 - SK,surat keputusan direksi tentang perpanjangan masa kerja tim digitalisasi dan penataan ulang alih media arsip sumber daya manusia pt pos indonesia persero direktur utama,SK
Undangan Soft Launching Imunicare di Poli Eksekutif RSU Pindad Bandung,Direktur Utama PT Pindad Medika Utama,125 - Surat Dinas,undangan soft launching imunicare di poli eksekutif rsu pindad bandung direktur utama pt pindad medika utama,SURAT DINAS
Surat Penawaran Aset Properti Investasi,Direksi PT Asuransi Jiwa IFG,126 - Surat Dinas,surat penawaran aset properti investasi direksi pt asuransi jiwa ifg,SURAT DINAS
Penawaran Kepesertaan pada Pameran Made in Indonesia Expo 2024  Jeddah - Saudi Arabia,Ketua Penyelenggara/Direktur Utama PT Wahyu Promo Citra,127 - Surat Dinas,penawaran kepesertaan pada pameran made in indonesia expo 2024 jeddah saudi arabia ketua penyelenggaradirektur utama pt wahyu promo citra,SURAT DINAS
Undangan Pertemuan Koordinasi PPATK Tahun 2024,Kepala PPATK,128 - Surat Dinas,undangan pertemuan koordinasi ppatk tahun 2024 kepala ppatk,SURAT DINAS
Proposal Sponsor Seminar Repatriasi Benda Bersejarah SARENDRA 2024,Himpunan Mahasiswa Program Studi Pendidikan Sejarah (HIMAS) UPI,129 - proposal,proposal sponsor seminar repatriasi benda bersejarah sarendra 2024 himpunan mahasiswa program studi pendidikan sejarah himas upi,PROPOSAL
Surat Permohonan Konfirmasi,Pemimpin Divisi Pengendalian Keuangan,130 - Surat Dinas,surat permohonan konfirmasi pemimpin divisi pengendalian keuangan,SURAT DINAS
Surat Keputusan Direksi Nomor : SK 05/DIRUT/0124,Direktur Utama;,132 - SK,surat keputusan direksi nomor sk 05dirut0124 direktur utama,SK
Perjanjian Kerja Sama tentang Layanan Pengangkutan Kiriman Pos Internasional antara PT Pos Indonesia (Persero) dengan Japan Airlines Co.  Ltd,SVP International Post Services;,133 - SPK dan PKS,perjanjian kerja sama tentang layanan pengangkutan kiriman pos internasional antara pt pos indonesia persero dengan japan airlines co ltd svp international post services,SPK DAN PKS
The 20th Contact Center Service Excellence Award Licensing 2024,Research Director  Panitia Contact Center Service Excellence Award,134 - Surat Dinas,the 20th contact center service excellence award licensing 2024 research director panitia contact center service excellence award,SURAT DINAS
Berita Acara Serah Terima Pekerjaan Website PIOL,Corporate Secretary;,135 - Surat Dinas,berita acara serah terima pekerjaan website piol corporate secretary,SURAT DINAS
Perjanjian Kerja Sama antara PT Pos Indonesia (Persero) dengan Program Studi Teknik Logistik Fakultas Pendidikan Teknologi dan Kejuruan Universitas Pendidikan Indonesia,Corporate Secretary;,136 - SPK dan PKS,perjanjian kerja sama antara pt pos indonesia persero dengan program studi teknik logistik fakultas pendidikan teknologi dan kejuruan universitas pendidikan indonesia corporate secretary,SPK DAN PKS
Perjanjian Kerja Sama antara PT Pos Indonesia (Persero) dengan PT Sebelas April Lian Mipro tentang Penambahan Number of Account (NOA) Pospay melalui Event Jakarta Clothing Expo (Jakcloth),SVP Consumer Business;,137 - SPK dan PKS,perjanjian kerja sama antara pt pos indonesia persero dengan pt sebelas april lian mipro tentang penambahan number of account noa pospay melalui event jakarta clothing expo jakcloth svp consumer business,SPK DAN PKS
Risalah Radir  Selasa 30 Januari 2024,Direksi;,139 - risalah,risalah radir selasa 30 januari 2024 direksi,RISALAH
1. Surat Pernyataan Direksi tentang Tanggung Jawab atas Leporan Keuangan Konsolidasian untuk Tahun yang berakhir pada tanggal 31 Desember 2023 dan 2022 (unaudited) 2. Laporan Keuangan 31 Desember 2023 dan 2022 Tidak Diaudit,Direktur Keuangan dan MR dan Direktur Utama;,140 - laporan,1 surat pernyataan direksi tentang tanggung jawab atas leporan keuangan konsolidasian untuk tahun yang berakhir pada tanggal 31 desember 2023 dan 2022 unaudited 2 laporan keuangan 31 desember 2023 dan 2022 tidak diaudit direktur keuangan dan mr dan direktur utama,LAPORAN
Tindak Lanjut LKS Bipartit,Dewan Pengurus Pusat Serikat Pekerja Pos Indonesia,141 - Surat Dinas,tindak lanjut lks bipartit dewan pengurus pusat serikat pekerja pos indonesia,SURAT DINAS
Undangan,Komandan Pussenkav  Direktur Umum  Markas Besar TNI Angkatan Darat,142 - Surat Dinas,undangan komandan pussenkav direktur umum markas besar tni angkatan darat,SURAT DINAS
Ucapan Terima Kasih,Ketua Badan Amil Zakat Nasional Republik Indonesia,143 - Surat Dinas,ucapan terima kasih ketua badan amil zakat nasional republik indonesia,SURAT DINAS
Tanggapan atas surat PT Pos Indonesia No. 1747/Divisi Hukum/0816 tanggal 5 Agustus 2016,PT Bank Muamalat Indonesia Tbk,144 - Surat Dinas,tanggapan atas surat pt pos indonesia no 1747divisi hukum0816 tanggal 5 agustus 2016 pt bank muamalat indonesia tbk,SURAT DINAS
Pemberitahuan Isi Putusan Kasasi a.n Bernado Boy Panjaitan,Mahkamah Agung Republik Indonesia  Pengadilan Tinggi Bandung,145 - Surat Dinas,pemberitahuan isi putusan kasasi an bernado boy panjaitan mahkamah agung republik indonesia pengadilan tinggi bandung,SURAT DINAS
Berita Acara Serah Terima Manajer Tata Kelola Administrasi,VP Kesekretariatan;,146 - BA,berita acara serah terima manajer tata kelola administrasi vp kesekretariatan,BA
Dukungan Sponsor FGD Nasional,Institut Teknologi Sepuluh Nopember  Kementerian Pendidikan  Kebudayaan  Riset dan Teknologi,147 - Surat Dinas,dukungan sponsor fgd nasional institut teknologi sepuluh nopember kementerian pendidikan kebudayaan riset dan teknologi,SURAT DINAS
Surat Kuasa untuk menghadiri dan mengambil keputusan dalam RUPS dalam rangka pengesahan RKAP tahun 2024,Menteri BUMN selaku Pemegang Saham PT Pos Indonesia (Persero),148 - Surat Dinas,surat kuasa untuk menghadiri dan mengambil keputusan dalam rups dalam rangka pengesahan rkap tahun 2024 menteri bumn selaku pemegang saham pt pos indonesia persero,SURAT DINAS
Surat Penyampaian Salinan Keputusan Menteri BUMN Nomor SK-14/MBU/01/2024,Asisten Deputi Bidang Hukum Korporasi  Kementerian BUMN Republik Indonesia,149 - Surat Dinas,surat penyampaian salinan keputusan menteri bumn nomor sk14mbu012024 asisten deputi bidang hukum korporasi kementerian bumn republik indonesia,SURAT DINAS
1. Surat Perintah Kerja Nomor : 1277/DIR-3/1223 2. Perjanjian antara PT Pos Indonesia (Persero) dengan Infomedia Nusantara tentang Pekerjaan Pengadaan Penyediaan Jasa Pengelolaan Contact Center Tahun 2024 Nomor : PKS 358/DIR-3/1223,Direktur Operasi dan Digital Services;,151 - Surat Dinas,1 surat perintah kerja nomor 1277dir31223 2 perjanjian antara pt pos indonesia persero dengan infomedia nusantara tentang pekerjaan pengadaan penyediaan jasa pengelolaan contact center tahun 2024 nomor pks 358dir31223 direktur operasi dan digital services,SURAT DINAS
Perjanjian Kerja Waktu Tertentu antara PT Pos Indonesia (Persero) dengan Raden Arief Taufik sebagai Tenaga Kerja Profesional Perusahaan Nomor : PKS.324/DIR-1/1223,Direktur Keuangan dan Manajemen Risiko;,152 - SPK dan PKS,perjanjian kerja waktu tertentu antara pt pos indonesia persero dengan raden arief taufik sebagai tenaga kerja profesional perusahaan nomor pks324dir11223 direktur keuangan dan manajemen risiko,SPK DAN PKS
Penawaran Sewa Gedung,Wakil Rektor Bidang Sumber Daya dan Keuangan  Universitas Syiah Kuala,153 - Surat Dinas,penawaran sewa gedung wakil rektor bidang sumber daya dan keuangan universitas syiah kuala,SURAT DINAS
Susulan Surat Mohon Keterangan tanggal 21 Desember 2023,Kuasa Hukum Ellen Sulistiyo  Kurniahans & Partners,154 - Surat Dinas,susulan surat mohon keterangan tanggal 21 desember 2023 kuasa hukum ellen sulistiyo kurniahans partners,SURAT DINAS
Penawaran Deposito Berjangka Bank Jatim,PT Bank Pembangunan Daerah Jawa Timur  Tbk Cabang Jakarta,156 - Surat Dinas,penawaran deposito berjangka bank jatim pt bank pembangunan daerah jawa timur tbk cabang jakarta,SURAT DINAS
Persetujuan Pembayaran Uang Apresiasi Panitia dan Petugas Upacara Hari Ibu tahun 2023,VP Manajemen Keuangan;,157 - Surat Dinas,persetujuan pembayaran uang apresiasi panitia dan petugas upacara hari ibu tahun 2023 vp manajemen keuangan,SURAT DINAS
Permohonan Dukungan Dana,"Panitia Kegiatan ""Focus Group Discussion (FGD) dan Pemilihan Ketua PWI Pokja Bandung""",160 - proposal,permohonan dukungan dana panitia kegiatan focus group discussion fgd dan pemilihan ketua pwi pokja bandung,PROPOSAL
Proposal Sharing and Caring Universitas Pasundan,Universitas Pasundan,161 - proposal,proposal sharing and caring universitas pasundan universitas pasundan,PROPOSAL
Pengajuan Sponsorship Petrolida (Petroleum Integrated Days),Society of Petroleum Engineers (SPE) ITS Student Chapter,162 - proposal,pengajuan sponsorship petrolida petroleum integrated days society of petroleum engineers spe its student chapter,PROPOSAL
AIESEC Global Village 2024 Proposal,AIESEC,163 - proposal,aiesec global village 2024 proposal aiesec,PROPOSAL
Laporan Manajemen Triwulan IV Tahun 2023,Direktur Utama dan Komisaris Utama;,164 - laporan,laporan manajemen triwulan iv tahun 2023 direktur utama dan komisaris utama,LAPORAN
Risalah Rapat Gabungan Dewan Komisaris dengan Direksi PT Pos Indonesia (Persero) Topik Pembahasan : Rancangan RKAP 2024,Dewan Komisaris,165 - risalah,risalah rapat gabungan dewan komisaris dengan direksi pt pos indonesia persero topik pembahasan rancangan rkap 2024 dewan komisaris,RISALAH
Risalah Rapat Gabungan Dewan Komisaris dengan Direksi PT Pos Indonesia (Persero) tanggal 30 Januari 2024,Dewan Komisaris,166 - risalah,risalah rapat gabungan dewan komisaris dengan direksi pt pos indonesia persero tanggal 30 januari 2024 dewan komisaris,RISALAH
Perjanjian antara PT Pos Indonesia (Persero) dengan PT Asuransi Tri Pakarta tentang Pengadaan Pekerjaan Jasa Asuransi Gedung dan Barang Inventaris serta Asuransi Kas (Cash in Transit  Cash in Safe dan Cash in Cashier Box) Tahun 2024,Direktur Keuangan dan Manajemen Risiko;,167 - SPK dan PKS,perjanjian antara pt pos indonesia persero dengan pt asuransi tri pakarta tentang pengadaan pekerjaan jasa asuransi gedung dan barang inventaris serta asuransi kas cash in transit cash in safe dan cash in cashier box tahun 2024 direktur keuangan dan manajemen risiko,SPK DAN PKS
Nota Kesepahaman antara PT Pos Indonesia (Persero) dan Kementerian Pendidikan  Kebudayaan  Riset dan Teknologi tentang Pemanfaatan Produk dan Layanan Pos Indonesia dalam Mendukung Program Kementerian Pendidikan  Kebudayaan  Riset dan Teknologi Nomor : MoU 26/DIRUT/0124,Direktur Utama;,168 - SPK dan PKS,nota kesepahaman antara pt pos indonesia persero dan kementerian pendidikan kebudayaan riset dan teknologi tentang pemanfaatan produk dan layanan pos indonesia dalam mendukung program kementerian pendidikan kebudayaan riset dan teknologi nomor mou 26dirut0124 direktur utama,SPK DAN PKS
Permohonan Pemaparan Bantuan Pangan Tahun 2023,Perusahaan Umum (Perum) Bulog,169 - Surat Dinas,permohonan pemaparan bantuan pangan tahun 2023 perusahaan umum perum bulog,SURAT DINAS
Percepatan Penyaluran Bantuan Pangan Tahun 2024,Perusahaan Umum (Perum) Bulog,170 - Surat Dinas,percepatan penyaluran bantuan pangan tahun 2024 perusahaan umum perum bulog,SURAT DINAS
Keputusan Direksi tentang Perubahan Pertama atas Keputusan Direksi PT Pos Indonesia (Persero) Nomor : KD 061/DIRUT/0723 tentang Tunjangan Jabatan Struktural,Direktur Utama;,172 - KD,keputusan direksi tentang perubahan pertama atas keputusan direksi pt pos indonesia persero nomor kd 061dirut0723 tentang tunjangan jabatan struktural direktur utama,KD
Risalah Ratas : Tindak Lanjut Rencana RKAP 2024 untuk corporate action pembelian platform mendukung operasional kurir/ CEP,Direksi;,173 - risalah,risalah ratas tindak lanjut rencana rkap 2024 untuk corporate action pembelian platform mendukung operasional kurir cep direksi,RISALAH
Risalah Radir  Selasa 6 Februari 2024,Direksi;,174 - risalah,risalah radir selasa 6 februari 2024 direksi,RISALAH
Evaluasi Pelaksanaan TJSL,Kepala Badan Perencanaan Pembangunan  Penelitian dan Pengembangan,175 - Surat Dinas,evaluasi pelaksanaan tjsl kepala badan perencanaan pembangunan penelitian dan pengembangan,SURAT DINAS
Surat Penyampaian Salinan Keputusan Menteri BUMN No. SK-261/MBU/09/2023,Asisten Deputi Bidang Hukum Korporasi Kementerian BUMN,176 - Surat Dinas,surat penyampaian salinan keputusan menteri bumn no sk261mbu092023 asisten deputi bidang hukum korporasi kementerian bumn,SURAT DINAS
Permintaan Data Prognosa dan Rencana Pengajuan Permohonan Lelang Aset BUMN Tahun 2024,Direktur Lelang Kementerian Keuangan RI,177 - Surat Dinas,permintaan data prognosa dan rencana pengajuan permohonan lelang aset bumn tahun 2024 direktur lelang kementerian keuangan ri,SURAT DINAS
Nota Kesepahaman antara PT Pos Indonesia (Persero) dengan Induk Koperasi Angkatan Darat (INKOPAD) tentang Pengelolaan Agenpos Layanan Jasa Kurir,Direktur Utama;,179 - SPK dan PKS,nota kesepahaman antara pt pos indonesia persero dengan induk koperasi angkatan darat inkopad tentang pengelolaan agenpos layanan jasa kurir direktur utama,SPK DAN PKS
Ucapan Terima Kasih,Ketua Badan Amil Zakat Nasional Republik Indonesia,180 - Surat Dinas,ucapan terima kasih ketua badan amil zakat nasional republik indonesia,SURAT DINAS
Supervisory Concern Dana Pensiun Pos Indonesia,Kepala Departemen Pengawasan Penjaminan  Dana Pensiun dan Pengawasan Khusus OJK,181 - Surat Dinas,supervisory concern dana pensiun pos indonesia kepala departemen pengawasan penjaminan dana pensiun dan pengawasan khusus ojk,SURAT DINAS
Kerjasama Sponsor,Panitia Porseni Parlemen 2024,182 - proposal,kerjasama sponsor panitia porseni parlemen 2024,PROPOSAL
Risalah Radir  Senin 12 Feb 2024,Direksi;,183 - Surat Dinas,risalah radir senin 12 feb 2024 direksi,SURAT DINAS
Perjanjian Induk antara PT Pos Indonesia (Persero) dengan PT Bio Farma (Persero) tentang Layanan Distribusi dan Logistik,Direktur Bisnis Kurir dan Logistik;,185 - SPK dan PKS,perjanjian induk antara pt pos indonesia persero dengan pt bio farma persero tentang layanan distribusi dan logistik direktur bisnis kurir dan logistik,SPK DAN PKS
Keputusan Direksi Nomor : KD 084/DIRUT/1123 tentang Perubahan Kedua atas Keputusan Direksi PT Pos Indonesia (Persero) Nomor KD 60/DIRUT/0822 tentang Tenaga Kerja Profesional Perusahaan,Direktur Utama;,186 - KD,keputusan direksi nomor kd 084dirut1123 tentang perubahan kedua atas keputusan direksi pt pos indonesia persero nomor kd 60dirut0822 tentang tenaga kerja profesional perusahaan direktur utama,KD
Perjanjian Kerja Sama antara PT Pos Indonesia (Persero) dengan Koperasi Jasa Danamitra Utama tentang Referensi untuk Pembiayaan Pensiun nomor : PKS 013/SVP Government and Corporate Business/2024,SVP Government and Corporate Business;,187 - SPK dan PKS,perjanjian kerja sama antara pt pos indonesia persero dengan koperasi jasa danamitra utama tentang referensi untuk pembiayaan pensiun nomor pks 013svp government and corporate business2024 svp government and corporate business,SPK DAN PKS
Penawaran Jasa Penilaian Tingkat Maturitas Implementasi Manajemen Risiko,Direktur PT Daya Makara UI,190 - Surat Dinas,penawaran jasa penilaian tingkat maturitas implementasi manajemen risiko direktur pt daya makara ui,SURAT DINAS
Santunan dan Buka Puasa Bersama,Pengurus Pondok Pesantren Bani Sugeng Al Qodiri,191 - Surat Dinas,santunan dan buka puasa bersama pengurus pondok pesantren bani sugeng al qodiri,SURAT DINAS
Permohonan Sponsorship Safari Ramadhan 1445 H,Panitia Kegiatan Safari Ramadhan 1445 H Komite Anti Korupsi Indonesia (KAKI),192 - proposal,permohonan sponsorship safari ramadhan 1445 h panitia kegiatan safari ramadhan 1445 h komite anti korupsi indonesia kaki,PROPOSAL
Permohonan Donatur,Panitia Bhakti Sosial Pahlawanku,194 - Surat Dinas,permohonan donatur panitia bhakti sosial pahlawanku,SURAT DINAS
Branding Sticker Promosi Bus Angkutan Lebaran 2024,Tim Pelaksana Branding Sticker Promosi Bus Angkutan Lebaran 2024M-1445H,195 - Surat Dinas,branding sticker promosi bus angkutan lebaran 2024 tim pelaksana branding sticker promosi bus angkutan lebaran 2024m1445h,SURAT DINAS
"Undangan ""Indonesia GCG Training & Award-VIII-2024""",Indonesia GCG Training & Award - VIII - 2024,196 - Surat Dinas,undangan indonesia gcg training awardviii2024 indonesia gcg training award viii 2024,SURAT DINAS
Permohonan Dukungan/Partisipasi Instansi Kementerian/BUMN pada Purworejo Expo 2024,Bupati Purworejo,197 - Surat Dinas,permohonan dukunganpartisipasi instansi kementerianbumn pada purworejo expo 2024 bupati purworejo,SURAT DINAS
Penerbitan Jadwal Imsakiyah 2024 dan Souvenir (Tumbler dan Payung),Koperasi Pegawai Kementerian Agama (KOPKA) RI,198 - Surat Dinas,penerbitan jadwal imsakiyah 2024 dan souvenir tumbler dan payung koperasi pegawai kementerian agama kopka ri,SURAT DINAS
Dukungan kepada Anargya ITS EV Team pada kompetisi FSAE Japan 2024,Walikota Surabaya,199 - Surat Dinas,dukungan kepada anargya its ev team pada kompetisi fsae japan 2024 walikota surabaya,SURAT DINAS
Rekomendasi Penyelesaian Temuan Inspektorat Jenderal Kementerian Keuangan atas Penyaluran Bantuan Beras ASN di Provinsi Papua dan Provinsi Papua Barat,Deputi Bidang Koordinasi Pengembangan Usaha BUMN  Riset dan Inovasi,200 - Surat Dinas,rekomendasi penyelesaian temuan inspektorat jenderal kementerian keuangan atas penyaluran bantuan beras asn di provinsi papua dan provinsi papua barat deputi bidang koordinasi pengembangan usaha bumn riset dan inovasi,SURAT DINAS
Permintaan Nilai Data Kinerja Pegawai Tugas Karya Semester 1 Tahun 2023 - PT Pos Indonesia,EVP Pengembangan Talenta PLN,201 - Surat Dinas,permintaan nilai data kinerja pegawai tugas karya semester 1 tahun 2023 pt pos indonesia evp pengembangan talenta pln,SURAT DINAS
Dana Paskah,Yayasan Tuna Netra Bartolomeus  Perayaan Paskah Tuna Netra Tahun 2024,202 - Surat Dinas,dana paskah yayasan tuna netra bartolomeus perayaan paskah tuna netra tahun 2024,SURAT DINAS
Surat Penawaran Harga,Chief of Marketing PT Mahir Academy Indonesia,203 - proposal,surat penawaran harga chief of marketing pt mahir academy indonesia,PROPOSAL
Surat Keterangan,VP Kesekretariatan;,204 - Surat Dinas,surat keterangan vp kesekretariatan,SURAT DINAS
Penundaan Penyaluran Bantuan Pangan Beras pada Masa Tenang dan Pemungutan Suara Pemilu 2024,Direktur Supply Chain dan Pelayanan Publik Perusahaan Umum (Perum) BULOG,205 - Surat Dinas,penundaan penyaluran bantuan pangan beras pada masa tenang dan pemungutan suara pemilu 2024 direktur supply chain dan pelayanan publik perusahaan umum perum bulog,SURAT DINAS
Data Entitas Anak dan Manajemen Entitas Anak Perusahaan Tercatat,PT Bursa Efek Indonesia;,206 - Surat Dinas,data entitas anak dan manajemen entitas anak perusahaan tercatat pt bursa efek indonesia,SURAT DINAS
Perjanjian Kerja Sama antara PT Pindad Medika Utama dengan PT Pos Indonesia (Persero) tentang Pelayanan Kesehatan dengan Sistem Koordinasi Manfaat bagi Karyawan PT Pos Indonesia (Persero) beserta Keluarganya Nomor : PKS 037/HCSBP/2024,SVP Human Capital Services;,208 - SPK dan PKS,perjanjian kerja sama antara pt pindad medika utama dengan pt pos indonesia persero tentang pelayanan kesehatan dengan sistem koordinasi manfaat bagi karyawan pt pos indonesia persero beserta keluarganya nomor pks 037hcsbp2024 svp human capital services,SPK DAN PKS
Surat Edaran Pelaksanaan Program Transformasi dan Inovasi Perusahaan,Direktur Utama;,209 - SE,surat edaran pelaksanaan program transformasi dan inovasi perusahaan direktur utama,SE
Keputusan Direksi tentang Perubahan Kedua atas Keputusan Direksi PT Pos Indonesia (Persero) Nomor : KD 048/DIR-2/0621 tentang Direktori Kompetensi Karyawan PT Pos Indonesia (Persero),Direktur Human Capital Management;,210 - KD,keputusan direksi tentang perubahan kedua atas keputusan direksi pt pos indonesia persero nomor kd 048dir20621 tentang direktori kompetensi karyawan pt pos indonesia persero direktur human capital management,KD
Perjanjian Kerja Sama antara Direktorat Rehabilitasi Sosial Lanjut Usia Kementerian Sosial dengan PT Pos Indonesia (Persero) tentang Penyaluran Bantuan Permakanan Bagi Lanjut Usia Keluarga Tunggal Tahun 2024,Direktur Bisnis Jasa Keuangan;,211 - SPK dan PKS,perjanjian kerja sama antara direktorat rehabilitasi sosial lanjut usia kementerian sosial dengan pt pos indonesia persero tentang penyaluran bantuan permakanan bagi lanjut usia keluarga tunggal tahun 2024 direktur bisnis jasa keuangan,SPK DAN PKS
Perjanjian Kerja Sama antara Direktorat Rehabilitasi Sosial Penyandang Disabilitas Direktorat Jenderal Rehabilitasi Sosial Kementerian Sosial dengan PT Pos Indonesia (Persero) Nomor : PKS 015/DIR-4/0124 tentang Penyaluran Bantuan Permakanan Bagi Penyandang Disabilitas Tahun 2024,Direktur Bisnis Jasa Keuangan;,212 - SPK dan PKS,perjanjian kerja sama antara direktorat rehabilitasi sosial penyandang disabilitas direktorat jenderal rehabilitasi sosial kementerian sosial dengan pt pos indonesia persero nomor pks 015dir40124 tentang penyaluran bantuan permakanan bagi penyandang disabilitas tahun 2024 direktur bisnis jasa keuangan,SPK DAN PKS
Amandemen Perjanjian Berbagi Data,SVP Retail Business;,213 - SPK dan PKS,amandemen perjanjian berbagi data svp retail business,SPK DAN PKS
Perjanjian Kerja Sama antara PT Bank Negara Indonesia (Persero) Tbk dengan PT Pos Indonesia (Persero) tentang Penyaluran Fasilitas Kredit Konsumer untuk Karyawan PT Pos Indonesia (Persero) Nomor : PKS 046/HCSBP/0224,SVP Human Capital Services and Business Partner;,214 - SPK dan PKS,perjanjian kerja sama antara pt bank negara indonesia persero tbk dengan pt pos indonesia persero tentang penyaluran fasilitas kredit konsumer untuk karyawan pt pos indonesia persero nomor pks 046hcsbp0224 svp human capital services and business partner,SPK DAN PKS
Nota Kesepahaman antara PT Pos Indonesia (Persero) dengan PT Indonesia Comnets Plus tentang Rencana Kerja Sama Optimalisasi Layanan Jasa dan Sinergi Pengembangan Usaha,Direktur Bisnis Jasa Keuangan;,216 - SPK dan PKS,nota kesepahaman antara pt pos indonesia persero dengan pt indonesia comnets plus tentang rencana kerja sama optimalisasi layanan jasa dan sinergi pengembangan usaha direktur bisnis jasa keuangan,SPK DAN PKS
Nota Kesepahaman antara PT Pos Indonesia (Persero) dengan Badan Pengelola Tabungan Perumahan Rakyat tentang Kerja Sama Bisnis dan Layanan,Direktur Utama;,217 - SPK dan PKS,nota kesepahaman antara pt pos indonesia persero dengan badan pengelola tabungan perumahan rakyat tentang kerja sama bisnis dan layanan direktur utama,SPK DAN PKS
Perjanjian Kerja Sama antara PT Pos Indonesia (Persero) dengan PT Mohsen Cargo Service tentang Penyaluran dan Pengantaran Kiriman Direct Entry Paket Internasional Nomor : 051/DIR-5/0224,Direktur Bisnis Kurir dan Logistik;,218 - SPK dan PKS,perjanjian kerja sama antara pt pos indonesia persero dengan pt mohsen cargo service tentang penyaluran dan pengantaran kiriman direct entry paket internasional nomor 051dir50224 direktur bisnis kurir dan logistik,SPK DAN PKS
Perjanjian Kerja Sama antara PT Pos Indonesia (Persero) dengan PT Mohsen Cargo Service tentang Penanganan Logistik Internasional Nomor : 052/DIR-5/0224,Direktur Bisnis Kurir dan Logistik;,219 - SPK dan PKS,perjanjian kerja sama antara pt pos indonesia persero dengan pt mohsen cargo service tentang penanganan logistik internasional nomor 052dir50224 direktur bisnis kurir dan logistik,SPK DAN PKS
Surat Edaran tentang Pedoman Penerapan Program Anti Pencucian Uang dan Pencegahan Terorisme,Direktur Bisnis Jasa Keuangan;,220 - SE,surat edaran tentang pedoman penerapan program anti pencucian uang dan pencegahan terorisme direktur bisnis jasa keuangan,SE
Keputusan Direksi tentang Klasifikasi Regional  Unit Komersial dan Unit Operasi PT Pos Indonesia (Persero),Direktur Utama;,221 - KD,keputusan direksi tentang klasifikasi regional unit komersial dan unit operasi pt pos indonesia persero direktur utama,KD
Perjanjian Kerja Sama antara PT Astra Sedaya Finance dengan PT Pos Indonesia (Persero) tentang Penerimaan Pembayaran Angsuran Kendaraan Bermotor secara Online Nomor : PKS 002/DIR-4/0124,Direktur Bisnis Jasa Keuangan;,222 - SPK dan PKS,perjanjian kerja sama antara pt astra sedaya finance dengan pt pos indonesia persero tentang penerimaan pembayaran angsuran kendaraan bermotor secara online nomor pks 002dir40124 direktur bisnis jasa keuangan,SPK DAN PKS
Perjanjian Kerja Sama antara PT Indonesia Comnets Plus dengan PT Pos Indonesia (Persero) tentang Jasa Pengiriman pada Aplikasi pada Aplikasi PLN Mobile Nomor : PKS 049/SVP Retail Business/0224,SVP Retail Business;,223 - SPK dan PKS,perjanjian kerja sama antara pt indonesia comnets plus dengan pt pos indonesia persero tentang jasa pengiriman pada aplikasi pada aplikasi pln mobile nomor pks 049svp retail business0224 svp retail business,SPK DAN PKS
Proposal Seminar Logistik 2024 Sistem Informasi & Teknologi Informasi Prodi Magister Manajemen Logistik ULBI,Universitas Logistik dan Bisnis Internasional 2024 (ULBI),224 - proposal,proposal seminar logistik 2024 sistem informasi teknologi informasi prodi magister manajemen logistik ulbi universitas logistik dan bisnis internasional 2024 ulbi,PROPOSAL
Tanggapan Dewan Komisaris atas Laporan Manajemen Bulan November 2023 PT Pos Logistik Indonesia,Komisaris I PT Pos Indonesia (Persero),225 - Surat Dinas,tanggapan dewan komisaris atas laporan manajemen bulan november 2023 pt pos logistik indonesia komisaris i pt pos indonesia persero,SURAT DINAS
Laporan Pelaksanaan Tugas Pengawasan Dewan Komisaris bulan November 2023,Komisaris I PT Pos Logistik Indonesia,226 - laporan,laporan pelaksanaan tugas pengawasan dewan komisaris bulan november 2023 komisaris i pt pos logistik indonesia,LAPORAN
Permohonan Peninjauan Tunjangan Pangan bagi Pensiunan Pos Indonesia,Pengurus Pusat Persatuan Pensiunan Pos Indonesia,227 - Surat Dinas,permohonan peninjauan tunjangan pangan bagi pensiunan pos indonesia pengurus pusat persatuan pensiunan pos indonesia,SURAT DINAS
Permohonan Uang Ketupat Lebaran Tahun 2024,Pengurus Pusat Persatuan Pensiunan Pos Indonesia,228 - Surat Dinas,permohonan uang ketupat lebaran tahun 2024 pengurus pusat persatuan pensiunan pos indonesia,SURAT DINAS
Sikap Organisasi SPPI Kuat Bermartabat,Dewan Pengurus Pusat SPPI-Kuat Bermartabat,229 - Surat Dinas,sikap organisasi sppi kuat bermartabat dewan pengurus pusat sppikuat bermartabat,SURAT DINAS
Iklan Kemitraan Bersama HUT PT TELKOM Ke-59,Serikat Karyawan Telkom,231 - proposal,iklan kemitraan bersama hut pt telkom ke59 serikat karyawan telkom,PROPOSAL
Proposal Sponsorship HUT SMAN 2 Lumajang Ke-47,OSIS/MPK SMA Negeri 2 Lumajang,232 - proposal,proposal sponsorship hut sman 2 lumajang ke47 osismpk sma negeri 2 lumajang,PROPOSAL
Permohonan Donatur/Sponsor,Yayasan As Salam Ulil Amri,233 - Surat Dinas,permohonan donatursponsor yayasan as salam ulil amri,SURAT DINAS
Permohonan Bantuan Dana Santunan Lebaran,Ketua TPQ Tarbiyatul Ilmi,234 - Surat Dinas,permohonan bantuan dana santunan lebaran ketua tpq tarbiyatul ilmi,SURAT DINAS
Permohonan Donatur,Ketua Pelaksana Gema Ramadhan  Yayasan Bina Sosial,235 - Surat Dinas,permohonan donatur ketua pelaksana gema ramadhan yayasan bina sosial,SURAT DINAS
Proposal Ramadhan 1445 H Ramadhan Tebarkan Kebaikan,Dompet Dana Umat (DDU) Daarul Uluum,236 - Surat Dinas,proposal ramadhan 1445 h ramadhan tebarkan kebaikan dompet dana umat ddu daarul uluum,SURAT DINAS
Pengajuan Proposal Program Ramadhan,Direktur Eksekutif Pojok Berbagi,237 - Surat Dinas,pengajuan proposal program ramadhan direktur eksekutif pojok berbagi,SURAT DINAS
Surat Perintah Mulai Kerja ID FOOD,Direktur Utama;,238 - SPK dan PKS,surat perintah mulai kerja id food direktur utama,SPK DAN PKS
Risalah ratas Pemenuhan Organ Pengelola Risiko,Direksi;,239 - risalah,risalah ratas pemenuhan organ pengelola risiko direksi,RISALAH
Risalah Radir  Selasa 27 Feb 2024,Direksi;,240 - risalah,risalah radir selasa 27 feb 2024 direksi,RISALAH
Sponsorship/Peserta,Ketua IKAL Lemhannas PPRA 53,241 - proposal,sponsorshippeserta ketua ikal lemhannas ppra 53,PROPOSAL
Permohonan Sponsorship Kehormatan,Panitia Penyelenggara Charity Golf Tournament 2024 Hari Pers Nasional,242 - proposal,permohonan sponsorship kehormatan panitia penyelenggara charity golf tournament 2024 hari pers nasional,PROPOSAL
Nota Kesepahaman antara Kementerian Dalam Negeri Republik Indonesia dengan PT Pos Indonesia (Persero) Nomor : MOU343/ DIRUT/1223 tentang Pemanfataan Data dan Layanan Jasa Pos,Direktur Utama;,243 - SPK dan PKS,nota kesepahaman antara kementerian dalam negeri republik indonesia dengan pt pos indonesia persero nomor mou343 dirut1223 tentang pemanfataan data dan layanan jasa pos direktur utama,SPK DAN PKS
Perjanjian antara PT Pos Indonesia (Persero) dan PT Antawijaya Multi Kreasi tentang Pekerjaan Pengadaan Jasa Penyusunan Laporan Tahunan PT Pos Indonesia (Persero) Tahun 2023 Nomor : 46/SPBT/0124,SVP Strategic Planning and Business Development;,244 - SPK dan PKS,perjanjian antara pt pos indonesia persero dan pt antawijaya multi kreasi tentang pekerjaan pengadaan jasa penyusunan laporan tahunan pt pos indonesia persero tahun 2023 nomor 46spbt0124 svp strategic planning and business development,SPK DAN PKS
Permohonan Bantuan Partisipasi/Sponsorship,Panitia Amal Bhakti Yayasan Nurul Falah Eldaroin,245 - proposal,permohonan bantuan partisipasisponsorship panitia amal bhakti yayasan nurul falah eldaroin,PROPOSAL
Tim Pelaksana Iklan Kemitraan HUT ke 35 Tahun PT BRI Asuransi Indonesia (BRINS),PT BRI Asuransi Indonesia (BRINS),246 - Surat Dinas,tim pelaksana iklan kemitraan hut ke 35 tahun pt bri asuransi indonesia brins pt bri asuransi indonesia brins,SURAT DINAS
Undangan Workshop BUMN dan Anak Usaha 29 Februari - 1 Maret 2024,Erik Yosafat Koran BUMN,247 - Surat Dinas,undangan workshop bumn dan anak usaha 29 februari 1 maret 2024 erik yosafat koran bumn,SURAT DINAS
Perihal Penghargaan UMKM SUMMIT Awards 2024,PT Dharmapena Citra Media,248 - Surat Dinas,perihal penghargaan umkm summit awards 2024 pt dharmapena citra media,SURAT DINAS
Nota Kesepahaman antara PT Pos Indonesia (Persero) dengan Badan Pengawasan Keuangan dan Pembangunan (BPKP),Direktur Utama;,249 - SPK dan PKS,nota kesepahaman antara pt pos indonesia persero dengan badan pengawasan keuangan dan pembangunan bpkp direktur utama,SPK DAN PKS
Permohonan Naskah Aturan tentang Hak-Hak Pensiunan,Pengurus Pusat Persatuan Pensiunan Pos Indonesia,250 - Surat Dinas,permohonan naskah aturan tentang hakhak pensiunan pengurus pusat persatuan pensiunan pos indonesia,SURAT DINAS
Adendum Pertama atas Perjanjian Kerja Sama antara PT Adira Dinamika Multi Finance Tbk dengan PT Pos Indonesia (Persero) tentang Penerimaan Pembayaran Angsuran Kredit secara Online Nomor : PKS 045/SVP Government and Corporate Business/0224,SVP Government and Corporate Business;,251 - SPK dan PKS,adendum pertama atas perjanjian kerja sama antara pt adira dinamika multi finance tbk dengan pt pos indonesia persero tentang penerimaan pembayaran angsuran kredit secara online nomor pks 045svp government and corporate business0224 svp government and corporate business,SPK DAN PKS
Permohonan Informasi dan Data,a.n Direktur Tindak Pidana Umum Kasubdit II  Badan Reserse Kriminal Polri,252 - Surat Dinas,permohonan informasi dan data an direktur tindak pidana umum kasubdit ii badan reserse kriminal polri,SURAT DINAS
Permohonan Pembayaran Klaim Asuransi Jiwa IFG,Djoko Prayitno,253 - Surat Dinas,permohonan pembayaran klaim asuransi jiwa ifg djoko prayitno,SURAT DINAS
Permohonan Partisipasi pada Kegiatan Indonesia City Expo (ICE) APEKSI ke-20 Balikpapan,Direktur PT Kinarya Cipta Kreasi,254 - proposal,permohonan partisipasi pada kegiatan indonesia city expo ice apeksi ke20 balikpapan direktur pt kinarya cipta kreasi,PROPOSAL
Permohonan Sembako Idul Fitri 1445 Hijriyah,Ketua Pelaksana Masjid Al Amin Reformasi,255 - proposal,permohonan sembako idul fitri 1445 hijriyah ketua pelaksana masjid al amin reformasi,PROPOSAL
Permintaan Data untuk Kebutuhan Kerjasama Koinworks dan Pos Indonesia COD Talangan,Head of Business Development Koinworks,256 - Surat Dinas,permintaan data untuk kebutuhan kerjasama koinworks dan pos indonesia cod talangan head of business development koinworks,SURAT DINAS
publikasi himbauan kamtibmas dalam rangka Hari Raya Idul Fitri 1445 H,a.n Kepala Kepolisian Daerah Metro Jaya  Kabid Humas,257 - Surat Dinas,publikasi himbauan kamtibmas dalam rangka hari raya idul fitri 1445 h an kepala kepolisian daerah metro jaya kabid humas,SURAT DINAS
publikasi dalam rangka HUT Bhayangkara ke-78,a.n Kepala Kepolisian Daerah Metro Jaya  Kabid Humas,258 - Surat Dinas,publikasi dalam rangka hut bhayangkara ke78 an kepala kepolisian daerah metro jaya kabid humas,SURAT DINAS
Risalah Ratas : Tindak Lanjut Rencana Penyehatan dan Roadmap Dapenpos  Kegiatan Perencanaan Strategis RKAP 2024,Direksi;,259 - risalah,risalah ratas tindak lanjut rencana penyehatan dan roadmap dapenpos kegiatan perencanaan strategis rkap 2024 direksi,RISALAH
Surat Edaran tentang Penyelenggaraan Kegiatan Knowledge Management and Innovation PT Pos Indonesia (Persero) Tahun 2024,Direktur Human Capital Management;,261 - SE,surat edaran tentang penyelenggaraan kegiatan knowledge management and innovation pt pos indonesia persero tahun 2024 direktur human capital management,SE
Risalah Ratas Penugasan Kepada Pospro dalam menjalankan peran sebagai Building Management dan Pembangunan Lab Teknik Logistik untuk dikelola ULBI,Direksi;,262 - risalah,risalah ratas penugasan kepada pospro dalam menjalankan peran sebagai building management dan pembangunan lab teknik logistik untuk dikelola ulbi direksi,RISALAH
Perjanjian antara PT Pos Indonesia (Persero) dengan PT CV Mediacom Mitra Abadi tentang Pekerjaan Pengadaan Managed Service Tenaga Helpdesk Layanan Jasa Keuangan Tahun 2024 nomor NMA : 005/PKS-POS/I/2024,SVP Fronting Management and Financial Transaction Service;,263 - SPK dan PKS,perjanjian antara pt pos indonesia persero dengan pt cv mediacom mitra abadi tentang pekerjaan pengadaan managed service tenaga helpdesk layanan jasa keuangan tahun 2024 nomor nma 005pksposi2024 svp fronting management and financial transaction service,SPK DAN PKS
Keikutsertaan Keanggotaan FHCI Periode 2024,Direktur Eksekutif Forum Human Capital Indonesia (FHCI),264 - Surat Dinas,keikutsertaan keanggotaan fhci periode 2024 direktur eksekutif forum human capital indonesia fhci,SURAT DINAS
Keputusan Direksi tentang Proyek Penanganan Piutang,Direktur Utama;,265 - KD,keputusan direksi tentang proyek penanganan piutang direktur utama,KD
Undangan Annual Kick Off Meeting Profesi Manajemen Risiko Sektor Jasa Keuangan Tahun 2024,Ketua IRMAPA (Indonesia Risk Management Professional Association),266 - Surat Dinas,undangan annual kick off meeting profesi manajemen risiko sektor jasa keuangan tahun 2024 ketua irmapa indonesia risk management professional association,SURAT DINAS
Pengajuan Usulan Penyelesaian Kewajiban sehubungan dengan Kerjasama PT Pos dan BMI,Director PT Bank Muamalat Indonesia Tbk,267 - Surat Dinas,pengajuan usulan penyelesaian kewajiban sehubungan dengan kerjasama pt pos dan bmi director pt bank muamalat indonesia tbk,SURAT DINAS
Permohonan Kerja Sama Sponsorship,Himpunan Mahasiswa Ekonomi dan Studi Pembangunan FEB UNPAS,268 - proposal,permohonan kerja sama sponsorship himpunan mahasiswa ekonomi dan studi pembangunan feb unpas,PROPOSAL
Undangan Festival TJSL 2024,Pj Walikota Bandung,270 - Surat Dinas,undangan festival tjsl 2024 pj walikota bandung,SURAT DINAS
Permohonan Bantuan Dana,Madrasah Ibtidaiyah Swasta Al Khairat Percut  Medan,271 - proposal,permohonan bantuan dana madrasah ibtidaiyah swasta al khairat percut medan,PROPOSAL
Permohonan Bantuan Kegiatan,PW Ikatan Persaudaraan Haji Indonesia (IPHI) Provinsi Jawa Barat,272 - Surat Dinas,permohonan bantuan kegiatan pw ikatan persaudaraan haji indonesia iphi provinsi jawa barat,SURAT DINAS
Proposal Sponsorship buku Thriving on Turbulence,VP Corporate Communications Dept PT Freeport Indonesia,273 - Surat Dinas,proposal sponsorship buku thriving on turbulence vp corporate communications dept pt freeport indonesia,SURAT DINAS
Partisipasi Iklan Kemitraan,Advertising Manager PT Grahanusa Mediatama (Kontan),274 - Surat Dinas,partisipasi iklan kemitraan advertising manager pt grahanusa mediatama kontan,SURAT DINAS
SPPD atas nama Andi Bintang,VP Kesekretariatan;,275 - sppd,sppd atas nama andi bintang vp kesekretariatan,SPPD
Zamzam,Zamzam;,276 - Surat Dinas,zamzam zamzam,SURAT DINAS
Permohonan Kenaikan Limit Kartu Kredit,BNI Card Center;,277 - Surat Dinas,permohonan kenaikan limit kartu kredit bni card center,SURAT DINAS
Risalah Radir  Selasa 5 Maret 2024,Direksi;,278 - risalah,risalah radir selasa 5 maret 2024 direksi,RISALAH
Perjanjian Kerja Sama antara Direktorat Rehabilitasi Sosial Anak Direktorat Jenderal Rahabilitasi Sosial Kementerian Sosial dengan PT Pos Indonesia (Persero) Nomor : PKS 040/DIR-4/0224 tentang Penyaluran Bantuan Asistensi Rehabilitasi Sosial Anak Yatim Piatu Tahun 2024,Direktur Bisnis Jasa Keuangan;,279 - SPK dan PKS,perjanjian kerja sama antara direktorat rehabilitasi sosial anak direktorat jenderal rahabilitasi sosial kementerian sosial dengan pt pos indonesia persero nomor pks 040dir40224 tentang penyaluran bantuan asistensi rehabilitasi sosial anak yatim piatu tahun 2024 direktur bisnis jasa keuangan,SPK DAN PKS
Perjanjian Kerja Sama Program Diskon antara PT Shopee International Indonesia dengan PT Pos Indonesia (Persero) tentang Program Diskon Nomor : PKS 063/SVP Retail Business/0224,SVP Retail Business;,280 - SPK dan PKS,perjanjian kerja sama program diskon antara pt shopee international indonesia dengan pt pos indonesia persero tentang program diskon nomor pks 063svp retail business0224 svp retail business,SPK DAN PKS
KEPUTUSAN DIREKSI TENTANG STRUKTUR ORGANISASI DAN TANGGUNG JAWAB PEJABAT PENGELOLA INFORMASI DAN DOKUMENTASI (PPID) DI LINGKUNGAN PT POS INDONESIA (PERSERO),Direktur Utama;,281 - KD,keputusan direksi tentang struktur organisasi dan tanggung jawab pejabat pengelola informasi dan dokumentasi ppid di lingkungan pt pos indonesia persero direktur utama,KD
KEPUTUSAN DIREKSI TENTANG STANDAR OPERASIONAL PROSEDUR (SOP) PENGELOLAAN DAN PELAYANAN INFORMASI PUBLIK DI LINGKUNGAN PT POS INDONESIA (PERSERO),Direktur Utama;,282 - KD,keputusan direksi tentang standar operasional prosedur sop pengelolaan dan pelayanan informasi publik di lingkungan pt pos indonesia persero direktur utama,KD
Permohonan Hak uang Masa Karya dan Uang Pisah,Bistok Hutajulu,283 - surat pribadi,permohonan hak uang masa karya dan uang pisah bistok hutajulu,SURAT PRIBADI
Penyaluran Bantuan Pangan CBP alokasi Maret 2024,Direktur SCPP Perum BULOG,284 - Surat Dinas,penyaluran bantuan pangan cbp alokasi maret 2024 direktur scpp perum bulog,SURAT DINAS
Permohonan Bantuan SPJ Bandung - Medan a.n Ade Syafrudin,Pengurus Pusat Persatuan Pensiunan Pos Indonesia,285 - Surat Dinas,permohonan bantuan spj bandung medan an ade syafrudin pengurus pusat persatuan pensiunan pos indonesia,SURAT DINAS
Pembayaran TP  TPP  dan BPJS bulan Januari 2024,Pengurus Pusat Persatuan Pensiunan Pos Indonesia,286 - Surat Dinas,pembayaran tp tpp dan bpjs bulan januari 2024 pengurus pusat persatuan pensiunan pos indonesia,SURAT DINAS
Penundaan Pembayaran Manfaat Pensiun,Pengurus Pusat Persatuan Pensiunan Pos Indonesia,287 - Surat Dinas,penundaan pembayaran manfaat pensiun pengurus pusat persatuan pensiunan pos indonesia,SURAT DINAS
Penolakan Penyesuaian Kenaikan Iuran Anggota PPPos,Pengurus Pusat Persatuan Pensiunan Pos Indonesia,288 - Surat Dinas,penolakan penyesuaian kenaikan iuran anggota pppos pengurus pusat persatuan pensiunan pos indonesia,SURAT DINAS
Proposal Pesona Ramadhan 1445 H,Ikatan Persaudaraan Haji Indonesia (IPHI) Provinsi Jawa Barat,289 - proposal,proposal pesona ramadhan 1445 h ikatan persaudaraan haji indonesia iphi provinsi jawa barat,PROPOSAL
Permohonan Audiensi dan Silaturahmi,Pengurus Daerah X Himpunan Pengusaha dan Wiraswasta (HIPWI),290 - Surat Dinas,permohonan audiensi dan silaturahmi pengurus daerah x himpunan pengusaha dan wiraswasta hipwi,SURAT DINAS
Penawaran Sosialisasi dan Edukasi Perpajakan,Kepala Kantor Wilayah Direktorat Jenderal Pajak Jawa Barat I,291 - Surat Dinas,penawaran sosialisasi dan edukasi perpajakan kepala kantor wilayah direktorat jenderal pajak jawa barat i,SURAT DINAS
Zamzam,Zamzam;,292 - Surat Dinas,zamzam zamzam,SURAT DINAS
Perjanjian Kerja Sama antara Alta Store dengan PT Pos Indonesia (Persero) tentang Jasa Pengiriman Surat dan Paket,SVP Enterprise Business;,293 - SPK dan PKS,perjanjian kerja sama antara alta store dengan pt pos indonesia persero tentang jasa pengiriman surat dan paket svp enterprise business,SPK DAN PKS
Surat Keputusan Direksi Nomor : SK 015/DIRUT/0124 tentang Masa Tugas dan Susunan Keanggotaan Komite Penerbitan Instrumen Utang PT Pos Indonesia (Persero),Direktur Utama;,294 - SK,surat keputusan direksi nomor sk 015dirut0124 tentang masa tugas dan susunan keanggotaan komite penerbitan instrumen utang pt pos indonesia persero direktur utama,SK
Perjanjian Fitch Ratings,Direktur Keuangan dan Manajemen Risiko;,295 - SPK dan PKS,perjanjian fitch ratings direktur keuangan dan manajemen risiko,SPK DAN PKS
Perjanjian Kerahasiaan PT Lunaria Annua Teknologi,SVP Consumer Business;,296 - pks,perjanjian kerahasiaan pt lunaria annua teknologi svp consumer business,PKS
Amandemen atas Western Union - Perjanjian Perwakilan Internasional,Direktur Bisnis Jasa Keuangan;,297 - SPK dan PKS,amandemen atas western union perjanjian perwakilan internasional direktur bisnis jasa keuangan,SPK DAN PKS
Perjanjian Kerja Sama antara PT Bank Tabungan Negara (Persero) Tbk dengan PT Pos Indonesia (Persero) tentang Layanan Tabungan  Produk dan Layanan Perbankan Lainnya di Kantorpos,Direktur Bisnis Jasa Keuangan;,299 - SPK dan PKS,perjanjian kerja sama antara pt bank tabungan negara persero tbk dengan pt pos indonesia persero tentang layanan tabungan produk dan layanan perbankan lainnya di kantorpos direktur bisnis jasa keuangan,SPK DAN PKS
Surat Keputusan Direksi PT Pos Indonesia (Persero) tentang Tim Penganugerahan Tanda Kehormatan dari Presiden Republik Indonesia kepada Direksi dan Karyawan PT Pos Indonesia (Persero) Tahun 2024,Direktur Utama;,300 - SK,surat keputusan direksi pt pos indonesia persero tentang tim penganugerahan tanda kehormatan dari presiden republik indonesia kepada direksi dan karyawan pt pos indonesia persero tahun 2024 direktur utama,SK
1. Business Case Kajian Logistic Company 2. Program Kerja Warehouse Transit IKN,DIR-3;DIR-5;DIR-6;,302 - laporan,1 business case kajian logistic company 2 program kerja warehouse transit ikn dir3dir5dir6,LAPORAN
Surat Keputusan Nomor : SK 278/Setper/0224 tentang Tim Pengadaan Setempat Divisi Legal Kantor Pusat,Corporate Secretary;,303 - SK,surat keputusan nomor sk 278setper0224 tentang tim pengadaan setempat divisi legal kantor pusat corporate secretary,SK
Penyampaian Hasil Evaluasi Pengayaan Watchlist pada Aplikasi Sistem Informasi Terduga Pendanaan Terorisme (SIPENDAR),Direktur Pelaporan Pusat Pelaporan dan Analisis Transaksi Keuangan,304 - Surat Dinas,penyampaian hasil evaluasi pengayaan watchlist pada aplikasi sistem informasi terduga pendanaan terorisme sipendar direktur pelaporan pusat pelaporan dan analisis transaksi keuangan,SURAT DINAS
Surat Edaran Nomor : SE 023/SETPER/1223 tentang Perubahan Cap Dinas di Lingkungan Kantor Pusat  Regional  Unit Komersial dan Unit Operasi,Corporate Secretary;,305 - SE,surat edaran nomor se 023setper1223 tentang perubahan cap dinas di lingkungan kantor pusat regional unit komersial dan unit operasi corporate secretary,SE
Risalah Radir Selasa 12 Maret 2024,Direksi;,306 - risalah,risalah radir selasa 12 maret 2024 direksi,RISALAH
Penyampaian Pendapat/Rekomendasi LKPP dan Permintaan Tanggapan atas Rencana Penetapan Daftar Hitam (Black List),Kantor Wilayah Ditjen Perbendaharaan Provinsi Papua,307 - Surat Dinas,penyampaian pendapatrekomendasi lkpp dan permintaan tanggapan atas rencana penetapan daftar hitam black list kantor wilayah ditjen perbendaharaan provinsi papua,SURAT DINAS
Proposal Program Bulan Ramadhan,Yayasan Alif Indonesia Kota Bandung,308 - proposal,proposal program bulan ramadhan yayasan alif indonesia kota bandung,PROPOSAL
Mohon Klarifikasi terkait Pelaksanaan Pengiriman Surat Pemberitahuan Putusan Banding Nomor : 1201/PDT/2023/PT.DKI Jo 39/Pdt.G/2023/Pn.Jkt.Pst,Law Office BHP & Co,309 - Surat Dinas,mohon klarifikasi terkait pelaksanaan pengiriman surat pemberitahuan putusan banding nomor 1201pdt2023ptdki jo 39pdtg2023pnjktpst law office bhp co,SURAT DINAS
Bantuan Dana/Paket Sembako Ramadhan 1445 H,Pengurus Pusat Yayasan Sosial Kesejahteraan Anak (DPP YASKAT) Bantargebang Bekasi,310 - proposal,bantuan danapaket sembako ramadhan 1445 h pengurus pusat yayasan sosial kesejahteraan anak dpp yaskat bantargebang bekasi,PROPOSAL
Permohonan Kenaikan Limit Kartu Kredit Direktur Business Development and Portofolio Management,BNI Corporate Card;,312 - Surat Dinas,permohonan kenaikan limit kartu kredit direktur business development and portofolio management bni corporate card,SURAT DINAS
Berita Acara Operasional antara PT Indonesia Comnets Plus dan PT Pos Indonesia (Persero) tentang Jasa Pengiriman pada Layanan Marketplace Aplikasi PLN Mobile Nomor : BAO 181/SVP Retail Business/0224,SVP Retail Business;,313 - SPK dan PKS,berita acara operasional antara pt indonesia comnets plus dan pt pos indonesia persero tentang jasa pengiriman pada layanan marketplace aplikasi pln mobile nomor bao 181svp retail business0224 svp retail business,SPK DAN PKS
Finalisasi Pembayaran Jasa Produksi Tahun 2023,Dewan Pengurus Pusat Serikat Pekerja Pos Indonesia,315 - Surat Dinas,finalisasi pembayaran jasa produksi tahun 2023 dewan pengurus pusat serikat pekerja pos indonesia,SURAT DINAS
Perundingan Bipartit I Tahun 2024,Dewan Pengurus Pusat Serikat Pekerja Pos Indonesia,316 - Surat Dinas,perundingan bipartit i tahun 2024 dewan pengurus pusat serikat pekerja pos indonesia,SURAT DINAS
Permintaan Klarifikasi Tertulis I,Kepala Perwakilan Ombudsman Republik Indonesia Provinsi Jawa Barat,317 - Surat Dinas,permintaan klarifikasi tertulis i kepala perwakilan ombudsman republik indonesia provinsi jawa barat,SURAT DINAS
Perjanjian Kerja Sama tentang Layanan Pengangkutan Kiriman Pos Internasional antara PT Pos Indonesia (Persero) dengan PT Maskarindo Cargo Nomor : PKS 068/SVP IPS/0324,SVP International Post Service;,319 - SPK dan PKS,perjanjian kerja sama tentang layanan pengangkutan kiriman pos internasional antara pt pos indonesia persero dengan pt maskarindo cargo nomor pks 068svp ips0324 svp international post service,SPK DAN PKS
Secretary  Assistant  Administrative Course,Director PT Husin Intelligence Group,321 - Surat Dinas,secretary assistant administrative course director pt husin intelligence group,SURAT DINAS
Permohonan Penyaluran ZIS,Pondok Pesantren Hidayatullah Depok,322 - Surat Dinas,permohonan penyaluran zis pondok pesantren hidayatullah depok,SURAT DINAS
Nota Kesepahaman antara Badan Pengawas Pemilihan Umum Republik Indonesia dengan PT Pos Indonesia (Persero) tentang Penanganan Kiriman Dokumen dan Pemeteraian Kemudian Nomor : MOU 061/DIRUT/0224,Direktur Utama;,323 - SPK dan PKS,nota kesepahaman antara badan pengawas pemilihan umum republik indonesia dengan pt pos indonesia persero tentang penanganan kiriman dokumen dan pemeteraian kemudian nomor mou 061dirut0224 direktur utama,SPK DAN PKS
Perjanjian Kerja Sama antara PT Pos Indonesia (Persero) dan Komisi Pemilihan Umum tentang Jasa Pengiriman Surat/Dokumen dan Paket,SVP Enterprise Business;,324 - SPK dan PKS,perjanjian kerja sama antara pt pos indonesia persero dan komisi pemilihan umum tentang jasa pengiriman suratdokumen dan paket svp enterprise business,SPK DAN PKS
Keputusan Direksi tentang Peraturan Cuti dan Masa Tidak Hadir Lainnya di Lingkungan PT Pos Indonesia (Persero),Direktur Human Capital Management;,325 - KD,keputusan direksi tentang peraturan cuti dan masa tidak hadir lainnya di lingkungan pt pos indonesia persero direktur human capital management,KD
"Perjanjian Kerja Sama Bagi Penjual Premium (Premium Seller) pada Aplikasi PADI UMKM (""Perjanjian"")",SVP Enterprise Business;,327 - SPK dan PKS,perjanjian kerja sama bagi penjual premium premium seller pada aplikasi padi umkm perjanjian svp enterprise business,SPK DAN PKS
Somasi,Lembaga Bantuan Hukum Gerakan Pemuda Ansor Kabupaten Majalengka,328 - Surat Dinas,somasi lembaga bantuan hukum gerakan pemuda ansor kabupaten majalengka,SURAT DINAS
Permintaan Pembayaran Tunggakan Piutang Sewa Kendaraan Bermotor Roda 4 sebanyak 8 Unit,Koperasi Usaha Bersama Kantor Regionalpos 9 Banjarbaru,329 - Surat Dinas,permintaan pembayaran tunggakan piutang sewa kendaraan bermotor roda 4 sebanyak 8 unit koperasi usaha bersama kantor regionalpos 9 banjarbaru,SURAT DINAS
Surat Pernyataan,Yudis Irfandi  Business Relation-Pos Koperasi Nusantara (Kopnus),330 - Surat Dinas,surat pernyataan yudis irfandi business relationpos koperasi nusantara kopnus,SURAT DINAS
"Penawaran Majalah Infobank Edisi 551  Maret 2024 dengan Tema : ""Digital Brand 2024""",Manager Marketing Infobank,331 - Surat Dinas,penawaran majalah infobank edisi 551 maret 2024 dengan tema digital brand 2024 manager marketing infobank,SURAT DINAS
Penerimaan Mahasiswa Baru Politeknik STIA LAN Bandung 2024,Direktur Politeknik STIA LAN Bandung,332 - Surat Dinas,penerimaan mahasiswa baru politeknik stia lan bandung 2024 direktur politeknik stia lan bandung,SURAT DINAS
Penawaran Kerja Sama Iklan Hari Jadi Pikiran Rakyat ke-58 Tahun,Marketing & Business Development Manager Harian Umum Pikiran Rakyat,333 - Surat Dinas,penawaran kerja sama iklan hari jadi pikiran rakyat ke58 tahun marketing business development manager harian umum pikiran rakyat,SURAT DINAS
Surat Permohonan Sponsorship,Panitia Forum Lintas Ormas,334 - proposal,surat permohonan sponsorship panitia forum lintas ormas,PROPOSAL
Permohonan Peninjauan uang pangan  BPJS dan uang ketupat,Hj. Rukmiyati Bt Mudid,335 - Surat Dinas,permohonan peninjauan uang pangan bpjs dan uang ketupat hj rukmiyati bt mudid,SURAT DINAS
Perjanjian antara PT Pos Indonesia (Persero) dengan PT Infosys Solusi Terpadu tentang Pekerjaan Pengadaan Pengembangan Superapps & Integrasi PT Pos Indonesia (Persero) Nomor : 3892/ Subdit DS/1123,Direktur Operasi dan Digital Services;,336 - SPK dan PKS,perjanjian antara pt pos indonesia persero dengan pt infosys solusi terpadu tentang pekerjaan pengadaan pengembangan superapps integrasi pt pos indonesia persero nomor 3892 subdit ds1123 direktur operasi dan digital services,SPK DAN PKS
Surat Keputusan Direksi tentang Hasil Seleksi Akhir Rekrutmen Karyawan PT Pos Indonesia (Persero) melalui Program Ikatan Dinas dengan Universitas Logistik dan Bisnis Internasional untuk Karyawan Level Jabatan E1 Tahun 2023,Direktur Human Capital Management;,337 - SK,surat keputusan direksi tentang hasil seleksi akhir rekrutmen karyawan pt pos indonesia persero melalui program ikatan dinas dengan universitas logistik dan bisnis internasional untuk karyawan level jabatan e1 tahun 2023 direktur human capital management,SK
Kemitraan Kamtibmas menyambut Hari Raya Idul Fitri 1445 H Tahun 2024,Kepala Bidang Humas Polda Jabar,338 - Surat Dinas,kemitraan kamtibmas menyambut hari raya idul fitri 1445 h tahun 2024 kepala bidang humas polda jabar,SURAT DINAS
Permohonan Donatur/Sponsor,Panitia Gema Ramadhan 1445 H - Badan Ekonomi Syariah (BES) DMI DKI Jakarta,339 - Surat Dinas,permohonan donatursponsor panitia gema ramadhan 1445 h badan ekonomi syariah bes dmi dki jakarta,SURAT DINAS
Surat Keputusan Direksi Nomor : SK 1/DIRUT/0124 tentang Susunan Tim Koordinasi Penyelenggaraan Layanan Pos Universal Tahun Anggaran 2024,Direktur Utama;,341 - SK,surat keputusan direksi nomor sk 1dirut0124 tentang susunan tim koordinasi penyelenggaraan layanan pos universal tahun anggaran 2024 direktur utama,SK
Risalah Radir  Selasa 19 Maret 2024,setper;,342 - risalah,risalah radir selasa 19 maret 2024 setper,RISALAH
Kerjasama Platform Digital Logistik Internasional,Director of Commercial & Operation PT Combi Logistics Indonesia,344 - Surat Dinas,kerjasama platform digital logistik internasional director of commercial operation pt combi logistics indonesia,SURAT DINAS
Mohon Bantuan Dana untuk Pembelian bahan makanan dan uang saku anak asuh panti asihan Arafah bulan suci Ramadhan dan Lebaran 1445H,Pengurus Panti Asuhan Arafah Palembang,345 - Surat Dinas,mohon bantuan dana untuk pembelian bahan makanan dan uang saku anak asuh panti asihan arafah bulan suci ramadhan dan lebaran 1445h pengurus panti asuhan arafah palembang,SURAT DINAS
Uang Ketupat Pensiunan Tahun 2024,Dewan Pengurus Pusat Serikat Pekerja Pos Indonesia,346 - Surat Dinas,uang ketupat pensiunan tahun 2024 dewan pengurus pusat serikat pekerja pos indonesia,SURAT DINAS
Permohonan Bantuan Kegiatan,Panitia Pelaksana Kegiatan Berkah Ramadhan Tahun 1445 H PWNU Jawa Barat,347 - proposal,permohonan bantuan kegiatan panitia pelaksana kegiatan berkah ramadhan tahun 1445 h pwnu jawa barat,PROPOSAL
Permohonan Bantuan Sembako dan Santunan Anak Yatim  Yatim Piatu  Lansia  Kaum Dhuafa di Ponpes Ma`arijul Falah,Panitia Kegiatan Ramadhan 1445 H Ponpes Ma`arijul Falah,348 - Surat Dinas,permohonan bantuan sembako dan santunan anak yatim yatim piatu lansia kaum dhuafa di ponpes maarijul falah panitia kegiatan ramadhan 1445 h ponpes maarijul falah,SURAT DINAS
Perjanjian antara PT Pos Indonesia (Persero) dengan PT Perusahaan Pengelola Aset tentang Pengadaan Pekerjaan Jasa Konsultan Keuangan Nomor : 141/DIR-1/0224,Direktur Keuangan dan Manajemen Risiko;Corporate Secretary;,349 - SPK dan PKS,perjanjian antara pt pos indonesia persero dengan pt perusahaan pengelola aset tentang pengadaan pekerjaan jasa konsultan keuangan nomor 141dir10224 direktur keuangan dan manajemen risikocorporate secretary,SPK DAN PKS
Perjanjian Kerja Waktu Tertentu antara PT Pos Indonesia (Persero) dengan Fajar Kurnianto sebagai Tenaga Kerja Profesional Perusahaan Nomor : PKS 58/DIR-5/0224,Direktur Bisnis Kurir dan Logistik;,351 - SPK dan PKS,perjanjian kerja waktu tertentu antara pt pos indonesia persero dengan fajar kurnianto sebagai tenaga kerja profesional perusahaan nomor pks 58dir50224 direktur bisnis kurir dan logistik,SPK DAN PKS
Perjanjian Kerja Waktu Tertentu antara PT Pos Indonesia (Persero) dengan Ade Firdayanti sebagai Tenaga Kerja Profesional Perusahaan Nomor : PKS 056/DIR-5/0224,Direktur Bisnis Kurir dan Logistik;,352 - SPK dan PKS,perjanjian kerja waktu tertentu antara pt pos indonesia persero dengan ade firdayanti sebagai tenaga kerja profesional perusahaan nomor pks 056dir50224 direktur bisnis kurir dan logistik,SPK DAN PKS
Perjanjian Kerja Waktu Tertentu antara PT Pos Indonesia (Persero) dengan Muhammad Abdul Idris sebagai Tenaga Kerja Profesional Perusahaan Nomor : PKS 62/DIR-6/0224,Direktur Business Development dan Portofolio Management;,353 - SPK dan PKS,perjanjian kerja waktu tertentu antara pt pos indonesia persero dengan muhammad abdul idris sebagai tenaga kerja profesional perusahaan nomor pks 62dir60224 direktur business development dan portofolio management,SPK DAN PKS
Adendum Pertama atas Perjanjian Nomor : PKS.147/DIR-2/0623 antara PT Pos Indonesia (Persero) dengan PT Prima Yasa Eduka tentang Kerja Sama Jasa Pendukung Pelatihan di PT Pos Indonesia (Persero) Nomor : PKS 083/HCBP/0324,Direktur Human Capital Management;,354 - SPK dan PKS,adendum pertama atas perjanjian nomor pks147dir20623 antara pt pos indonesia persero dengan pt prima yasa eduka tentang kerja sama jasa pendukung pelatihan di pt pos indonesia persero nomor pks 083hcbp0324 direktur human capital management,SPK DAN PKS
Dukungan Menyambut Bulan Suci Ramadhan 1445 H/2024,Pengurus Pusat Ikatan Keluarga Wartawan Indonesia,355 - Surat Dinas,dukungan menyambut bulan suci ramadhan 1445 h2024 pengurus pusat ikatan keluarga wartawan indonesia,SURAT DINAS
Laporan Pelaksanaan Tugas Pengawasan Dewan Komisaris Bulan Desember 2023,Komisaris PT Pos Logistik Indonesia,356 - Surat Dinas,laporan pelaksanaan tugas pengawasan dewan komisaris bulan desember 2023 komisaris pt pos logistik indonesia,SURAT DINAS
Surat Edaran Earth Hour,Kepala Dinas Lingkungan Hidup Provinsi Jawa Barat,357 - Surat Dinas,surat edaran earth hour kepala dinas lingkungan hidup provinsi jawa barat,SURAT DINAS
Sosialisasi Keselamatan Jalan dalam rangka Hari Raya Idul Fitri 1445 H/2024 M,Pelaksana Sosialisasi Keselamatan Jalan PT Bio Media Solusindo,358 - Surat Dinas,sosialisasi keselamatan jalan dalam rangka hari raya idul fitri 1445 h2024 m pelaksana sosialisasi keselamatan jalan pt bio media solusindo,SURAT DINAS
Permohonan Donatur/Partisipasi,Yayasan Insan Peduli Olahraga (IPO),359 - Surat Dinas,permohonan donaturpartisipasi yayasan insan peduli olahraga ipo,SURAT DINAS
Evaluasi Pendistribusian Bantuan Pangan CBP Alokasi Januari dan Februari 2024,Direktur Supply Chain & Pelayanan Publik,361 - Surat Dinas,evaluasi pendistribusian bantuan pangan cbp alokasi januari dan februari 2024 direktur supply chain pelayanan publik,SURAT DINAS
Penyampaian Keputusan Kepala Kanwil Ditjen Perbendaharaan Provinsi Papua Nomor KEP-43/WPB.34/2024 tentang Penetapan Sanksi Daftar Hitam kepada PT Pos Indonesia (Persero),Kanwil Dirjen Perbendaharaan Provinsi Papua  Kementerian Keuangan RI,362 - Surat Dinas,penyampaian keputusan kepala kanwil ditjen perbendaharaan provinsi papua nomor kep43wpb342024 tentang penetapan sanksi daftar hitam kepada pt pos indonesia persero kanwil dirjen perbendaharaan provinsi papua kementerian keuangan ri,SURAT DINAS
Permohonan Dana/Donatur,Panitia Peduli Bakti Sosial Ramadhan 1445 H Yayasan Pendidikan Islam Miftahussa`adah,363 - Surat Dinas,permohonan danadonatur panitia peduli bakti sosial ramadhan 1445 h yayasan pendidikan islam miftahussaadah,SURAT DINAS
Permohonan Zakat  Infaq  Shodaqoh,Yayasan Al-Burhan,364 - Surat Dinas,permohonan zakat infaq shodaqoh yayasan alburhan,SURAT DINAS
Ucapan Terima Kasih kepada Mitra UMKM,PT Dharmapena Citra Media (UMKM Summit),365 - Surat Dinas,ucapan terima kasih kepada mitra umkm pt dharmapena citra media umkm summit,SURAT DINAS
Permohonan Dukungan Dana,Dekan Fakultas Matematika dan Ilmu Pengetahuan Alam ITB,366 - proposal,permohonan dukungan dana dekan fakultas matematika dan ilmu pengetahuan alam itb,PROPOSAL
Permohonan Partisipasi,Ketua Umum Dewan Pimpinan Pusat Serikat Pekerja PT PLN (Persero),367 - Surat Dinas,permohonan partisipasi ketua umum dewan pimpinan pusat serikat pekerja pt pln persero,SURAT DINAS
Surat Undangan Training & Award Corsec  CORPCOMM (ICCA- IX-2024),Economic Review,368 - Surat Dinas,surat undangan training award corsec corpcomm icca ix2024 economic review,SURAT DINAS
Risalah Radir  Selasa 26 Maret 2024,direksi;,372 - risalah,risalah radir selasa 26 maret 2024 direksi,RISALAH
Keputusan Direksi Nomor KD 006/DIRUT/0224 tentang Alokasi Anggaran Operasional Tahun 2024,Direktur Utama;,374 - KD,keputusan direksi nomor kd 006dirut0224 tentang alokasi anggaran operasional tahun 2024 direktur utama,KD
Tanggapan Surat Corporate Secretary tentang Kepengurusan Serikat Pekerja,Dewan Pengurus Pusat SPPI - Kuat Bermartabat,375 - Surat Dinas,tanggapan surat corporate secretary tentang kepengurusan serikat pekerja dewan pengurus pusat sppi kuat bermartabat,SURAT DINAS
Iklan Kemitraan Ucapan Selamat,Badan Relawan Prabowo,376 - Surat Dinas,iklan kemitraan ucapan selamat badan relawan prabowo,SURAT DINAS
Dukungan KUMKM Ramadan Fair 1445 H,Asisten Deputi Pengembangan Rantai Pasok Usaha Mikro,377 - proposal,dukungan kumkm ramadan fair 1445 h asisten deputi pengembangan rantai pasok usaha mikro,PROPOSAL
Penyampaian Keputusan Penetapan Daftar Hitam (Black List),Kepala Kantor Wilayah Direktorat Jenderal Perbendaharaan Provinsi Papua Barat,379 - Surat Dinas,penyampaian keputusan penetapan daftar hitam black list kepala kantor wilayah direktorat jenderal perbendaharaan provinsi papua barat,SURAT DINAS
Berita Acara Kesepakatan PT Pos Indonesia (Persero) dengan PT Pos Logistik Indonesia Nomor : 03017/P.O Aset/0324,Direktur Keuangan dan Manajemen Risiko;,380 - SPK dan PKS,berita acara kesepakatan pt pos indonesia persero dengan pt pos logistik indonesia nomor 03017po aset0324 direktur keuangan dan manajemen risiko,SPK DAN PKS
nota pusat erlin,Corsec;,381 - Surat Dinas,nota pusat erlin corsec,SURAT DINAS
Keputusan Direksi Nomor KD 015/DIRUT/0324 tentang Pembayaran Tunjangan Hari Raya Keagamaan bagi Tenaga Kerja Profesional Perusahaan Tahun 2024,Direktur Utama;,383 - KD,keputusan direksi nomor kd 015dirut0324 tentang pembayaran tunjangan hari raya keagamaan bagi tenaga kerja profesional perusahaan tahun 2024 direktur utama,KD
Keputusan Direksi Nomor KD 016/DIRUT/0324 tentang Pembayaran Tunjangan Hari Raya Keagamaan bagi Tenaga Kerja Kontrak Tahun 2024,Direktur Utama;,384 - KD,keputusan direksi nomor kd 016dirut0324 tentang pembayaran tunjangan hari raya keagamaan bagi tenaga kerja kontrak tahun 2024 direktur utama,KD
Surat Edaran Nomor : SE.006/DIR-2/0324 tentang Pembayaran Tunjangan Hari Raya Keagamaan bagi Tenaga Kerja Profesional Perusahaan Tahun 2024,Direktur Human Capital Management;,385 - SE,surat edaran nomor se006dir20324 tentang pembayaran tunjangan hari raya keagamaan bagi tenaga kerja profesional perusahaan tahun 2024 direktur human capital management,SE
Surat Edaran Nomor : SE.007/DIR-2/0324 tentang Pembayaran Tunjangan Hari Raya Keagamaan bagi Tenaga Kerja Kontrak Tahun 2024,Direktur Human Capital Management;,386 - SE,surat edaran nomor se007dir20324 tentang pembayaran tunjangan hari raya keagamaan bagi tenaga kerja kontrak tahun 2024 direktur human capital management,SE
Perjanjian Kerja Sama antara Direktorat Pemberdayaan Kelompok Rentan Direktorat Jenderal Pemberdayaan Sosial Kementerian Sosial dengan PT Pos Indonesia (Persero) Nomor : PKS 012/ DIR-4/0124 tentang Penyaluran Program Sembako Tahun 2024,Direktur Bisnis Jasa Keuangan;,387 - SPK dan PKS,perjanjian kerja sama antara direktorat pemberdayaan kelompok rentan direktorat jenderal pemberdayaan sosial kementerian sosial dengan pt pos indonesia persero nomor pks 012 dir40124 tentang penyaluran program sembako tahun 2024 direktur bisnis jasa keuangan,SPK DAN PKS
Perjanjian Kerja Sama antara PT Pos Indonesia (Persero) dengan PT Bank Negara Indonesia (Persero) Tbk tentang Pemanfaatan Layanan Weselpos Instan PKS 078/SVP Consumer Business/0324,SVP Consumer Business;,388 - SPK dan PKS,perjanjian kerja sama antara pt pos indonesia persero dengan pt bank negara indonesia persero tbk tentang pemanfaatan layanan weselpos instan pks 078svp consumer business0324 svp consumer business,SPK DAN PKS
Perjanjian Kerja Sama antara PT Pos Indonesia (Persero) dengan PT Eka Bakti Amerta Yoga Sejahtera tentang Pemanfaatan Layanan Weselpos Instan,SVP Consumer Business;,389 - SPK dan PKS,perjanjian kerja sama antara pt pos indonesia persero dengan pt eka bakti amerta yoga sejahtera tentang pemanfaatan layanan weselpos instan svp consumer business,SPK DAN PKS
Perjanjian Kerja Sama antara PT Pos Indonesia (Persero) dengan PT Syaftraco tentang Layanan Weselpos Transfer Tunai,SVP Consumer Business;,390 - SPK dan PKS,perjanjian kerja sama antara pt pos indonesia persero dengan pt syaftraco tentang layanan weselpos transfer tunai svp consumer business,SPK DAN PKS
Perjanjian Kerja Sama antara PT Pos Indonesia (Persero) dengan PT Syaftraco tentang Layanan Transfer Dana Online Giropos,SVP Consumer Business;,391 - SPK dan PKS,perjanjian kerja sama antara pt pos indonesia persero dengan pt syaftraco tentang layanan transfer dana online giropos svp consumer business,SPK DAN PKS
Perjanjian Kerja Sama antara PT Pos Indonesia (Persero) dengan PT Bank Central Asia Tbk tentang Pemanfaatan Layanan Weselpos Instan,SVP Consumer Business;,392 - SPK dan PKS,perjanjian kerja sama antara pt pos indonesia persero dengan pt bank central asia tbk tentang pemanfaatan layanan weselpos instan svp consumer business,SPK DAN PKS
Perjanjian Kerja Sama antara PT Pos Indonesia (Persero) dengan PT Eka Bakti Amerta Yoga Sejahtera tentang Pemanfaatan Layanan Weselpos Instan Nomor : PKS 079/SVP Consumer Business/0324,SVP Consumer Business;,393 - SPK dan PKS,perjanjian kerja sama antara pt pos indonesia persero dengan pt eka bakti amerta yoga sejahtera tentang pemanfaatan layanan weselpos instan nomor pks 079svp consumer business0324 svp consumer business,SPK DAN PKS
Keputusan Direksi Nomor KD 014/DIRUT/0324 tentang Pembayaran Tunjangan Hari Raya Keagamaan Tahun 2024,Direktur Utama;,394 - KD,keputusan direksi nomor kd 014dirut0324 tentang pembayaran tunjangan hari raya keagamaan tahun 2024 direktur utama,KD
Surat Edaran Nomor : SE 005/DIR-2/0324 tentang Pembayaran Tunjangan Hari Raya Keagamaan Tahun 2024,Direktur Human Capital Management;,395 - SE,surat edaran nomor se 005dir20324 tentang pembayaran tunjangan hari raya keagamaan tahun 2024 direktur human capital management,SE
Perjanjian Kerja Sama antara PT Pos Indonesia (Persero) dengan PT Aldmic Coopn Digital tentang Jasa Pengiriman Surat dan Paket,SVP Enterprise Business;,396 - SPK dan PKS,perjanjian kerja sama antara pt pos indonesia persero dengan pt aldmic coopn digital tentang jasa pengiriman surat dan paket svp enterprise business,SPK DAN PKS
RIsalah Rapat Terbatas tanggal 13 November 2023 Pengelolaan Dana Float Pospay Kategori Rekening Lite,Direksi;,398 - risalah,risalah rapat terbatas tanggal 13 november 2023 pengelolaan dana float pospay kategori rekening lite direksi,RISALAH
1. Risalah Rapat Terbatas Nomor 139/Setper/0124  53/Setper/0124  174/Setper/0224 2. Keputusan Direksi Nomor : KD 012/ DIRUT/0324 tentang Perubahan Kedua atas Keputusan Direksi PT Pos Indonesia (Persero) Nomor KD 013/DIRUT/0323 tentang Organisasi dan Tata Kerja,Direktur Utama;,399 - KD,1 risalah rapat terbatas nomor 139setper0124 53setper0124 174setper0224 2 keputusan direksi nomor kd 012 dirut0324 tentang perubahan kedua atas keputusan direksi pt pos indonesia persero nomor kd 013dirut0323 tentang organisasi dan tata kerja direktur utama,KD
Perjanjian Kerja Sama antara PT Bank Bukopin  Tbk dengan PT Pos Indonesia (Persero) tentang Pembayaran Manfaat Pensiun di Kantorpos secara Host to Host,SVP Government and Corporate Business;,400 - SPK dan PKS,perjanjian kerja sama antara pt bank bukopin tbk dengan pt pos indonesia persero tentang pembayaran manfaat pensiun di kantorpos secara host to host svp government and corporate business,SPK DAN PKS
Surat Keputusan Dewan Pengurus Pusat Serikat Pekerja Pos Indonesia Nomor 02/C3/DPP-SPPI/VI/2024 tentang Pengesahan dan Penetapan Dewan Pengurus Wilayah V SPPI Jawa Barat Periode Tahun 2021 - 2026 Hasil Muswillub Tahun 2024,Dewan Pengurus Pusat Serikat Pekerja Pos Indonesia,401 - SK,surat keputusan dewan pengurus pusat serikat pekerja pos indonesia nomor 02c3dppsppivi2024 tentang pengesahan dan penetapan dewan pengurus wilayah v sppi jawa barat periode tahun 2021 2026 hasil muswillub tahun 2024 dewan pengurus pusat serikat pekerja pos indonesia,SK
Permohonan,D.Dessiande,402 - Surat Dinas,permohonan ddessiande,SURAT DINAS
Laporan Pelaksanaan Tugas Pengawasan Dewan Komisaris bulan Januari 2024,Komisaris PT Pos Logistik Indonesia,403 - Surat Dinas,laporan pelaksanaan tugas pengawasan dewan komisaris bulan januari 2024 komisaris pt pos logistik indonesia,SURAT DINAS
Permohonan uang ketupat dan kenaikan tunjangan pangan,Pengurus Pusat Persatuan Pensiunan Pos Indonesia (PPPos),404 - Surat Dinas,permohonan uang ketupat dan kenaikan tunjangan pangan pengurus pusat persatuan pensiunan pos indonesia pppos,SURAT DINAS
Permohonan Presentasi Linkcapin AI Based Financial System with Zero Fault,PT Wisesa Latih Indonesia,405 - Surat Dinas,permohonan presentasi linkcapin ai based financial system with zero fault pt wisesa latih indonesia,SURAT DINAS
Permohonan Support Kegiatan,Majelis Ulama Indonesia Kecamatan Matraman,406 - proposal,permohonan support kegiatan majelis ulama indonesia kecamatan matraman,PROPOSAL
Penerbitan Iklan Kemitraan,Koperasi Pegawai PT Bank Tabungan Negara (Persero)  Tbk,407 - Surat Dinas,penerbitan iklan kemitraan koperasi pegawai pt bank tabungan negara persero tbk,SURAT DINAS
Romania`s candidate for the EMS Cooperative Board,Chief Executive Officer Romanian Post,408 - Surat Dinas,romanias candidate for the ems cooperative board chief executive officer romanian post,SURAT DINAS
Permohonan Donatur/Sponsorship,Founder Bela Negara Nusantara  Ciganjur Heritage Foundation,409 - proposal,permohonan donatursponsorship founder bela negara nusantara ciganjur heritage foundation,PROPOSAL
Permohonan Bantuan Pembangunan Musholla dan TPA Al Jihad Kp Umbulan Kec Cikulur Kab Lebak  Banten,Panitia Pembangunan Musholla dann TPA Al-Jihad,410 - proposal,permohonan bantuan pembangunan musholla dan tpa al jihad kp umbulan kec cikulur kab lebak banten panitia pembangunan musholla dann tpa aljihad,PROPOSAL
Application for Schengen Visa,Corporate Secretary;,412 - Surat Dinas,application for schengen visa corporate secretary,SURAT DINAS
Perjanjian Kerja Sama antara PT Pos Indonesia (Persero) dengan PT Bank Mandiri Taspen tentang Penyelesaian Pemotongan Uang Pensiun untuk Angsuran Kredit Pensiun Nomor : PKS 066/SVP Government and Corporate Business/0324,SVP Government and Corporate Business;,413 - SPK dan PKS,perjanjian kerja sama antara pt pos indonesia persero dengan pt bank mandiri taspen tentang penyelesaian pemotongan uang pensiun untuk angsuran kredit pensiun nomor pks 066svp government and corporate business0324 svp government and corporate business,SPK DAN PKS
Risalah Radir  Selasa 2 April 2024,Direksi;,414 - risalah,risalah radir selasa 2 april 2024 direksi,RISALAH
Perjanjian Kerahasiaan (NDA) antara PT Pos Indonesia (Persero) dengan PT Inovasi Daya Solusi tentang Pertukaran Data dan/atau Informasi,SVP Consumer Business;,416 - SPK dan PKS,perjanjian kerahasiaan nda antara pt pos indonesia persero dengan pt inovasi daya solusi tentang pertukaran data danatau informasi svp consumer business,SPK DAN PKS
Perjanjian Kerja Sama antara Direktorat Jaminan Sosial Direktorat Jenderal Perlindungan dan Jaminan Sosial Kementerian Sosial Republik Indonesia dengan PT Pos Indonesia (Persero) Nomor PKS 021/DIR-4/0124 tentang Penyaluran Bantuan Sosial Program Keluarga Harapan Tahun 2024,Direktur Bisnis Jasa Keuangan;,417 - SPK dan PKS,perjanjian kerja sama antara direktorat jaminan sosial direktorat jenderal perlindungan dan jaminan sosial kementerian sosial republik indonesia dengan pt pos indonesia persero nomor pks 021dir40124 tentang penyaluran bantuan sosial program keluarga harapan tahun 2024 direktur bisnis jasa keuangan,SPK DAN PKS
Keputusan Bersama Komisaris dan Direksi Nomor : KD 89/ DIRUT/1223  287/DEKOM/1223 tentang Tata Kelola Perusahaan,Direktur Utama;Komisaris Utama;,418 - KD,keputusan bersama komisaris dan direksi nomor kd 89 dirut1223 287dekom1223 tentang tata kelola perusahaan direktur utamakomisaris utama,KD
Surat Pengantar Proposal Sponsorship,Lembaga Bengkel Mahasiswa Mesin ITS,420 - proposal,surat pengantar proposal sponsorship lembaga bengkel mahasiswa mesin its,PROPOSAL
Keputusan Direksi tentang Kebijakan dan Pedoman Penerapan Manajemen Risiko PT Pos Indonesia (Persero),Direktur Utama;,421 - KD,keputusan direksi tentang kebijakan dan pedoman penerapan manajemen risiko pt pos indonesia persero direktur utama,KD
Perjanjian Kerja Waktu Tertentu antara PT Pos Indonesia (Persero) dengan Winahyo Pratomo sebagai Tenaga Kerja Profesional Perusahaan Nomor : PKS 053/DIR-3/0224,Direktur Operasi dan Digital Services;,422 - SPK dan PKS,perjanjian kerja waktu tertentu antara pt pos indonesia persero dengan winahyo pratomo sebagai tenaga kerja profesional perusahaan nomor pks 053dir30224 direktur operasi dan digital services,SPK DAN PKS
Surat Keputusan Direksi tentang Satuan Tugas Implementasi Percepatan Peningkatan Sinergi dan Integrasi Logistik Ekosistem BUMN Tahun 2024,Direktur Utama;,423 - SK,surat keputusan direksi tentang satuan tugas implementasi percepatan peningkatan sinergi dan integrasi logistik ekosistem bumn tahun 2024 direktur utama,SK
Perjanjian Kerahasiaan antara CV Tiara Jaya Sentral dengan PT Pos Indonesia (Persero) tentang Pertukaran Data dan Informasi Nomor : 539/Subdit DS/0324,SVP Digital Services;,424 - SPK dan PKS,perjanjian kerahasiaan antara cv tiara jaya sentral dengan pt pos indonesia persero tentang pertukaran data dan informasi nomor 539subdit ds0324 svp digital services,SPK DAN PKS
Perjanjian Kerja Sama antara Direktorat Pemberdayaan Komunitas Adat Terpencil dan Kewirausahaan Sosial Direktorat Jenderal Pemberdayaan Sosial Kementerian Sosial dengan PT Pos Indonesia (Persero) Nomor : PKS 023/DIR-4/0124 tentang Penyaluran Bantuan Sosial Program Pahlawan Ekonomi Nusantara yang Bersumber dari HIbah Langsung Dalam Negeri dalam Bentuk Uang Tahun 2024,Direktur Bisnis Jasa Keuangan;,426 - SPK dan PKS,perjanjian kerja sama antara direktorat pemberdayaan komunitas adat terpencil dan kewirausahaan sosial direktorat jenderal pemberdayaan sosial kementerian sosial dengan pt pos indonesia persero nomor pks 023dir40124 tentang penyaluran bantuan sosial program pahlawan ekonomi nusantara yang bersumber dari hibah langsung dalam negeri dalam bentuk uang tahun 2024 direktur bisnis jasa keuangan,SPK DAN PKS
Surat Edaran Nomor : SE 008/DIR-2/0324 tentang Rekrutmen Karyawan PT Pos Indonesia (Persero) melalui Program Ikatan Dinas dan Pemberian Beasiswa Penuh untuk Mahasiswa Kelas Khusus Program Studi Diploma III Logistik Universitas Logistik dan Bisnis Internasional Tahun 2024,Direktur Human Capital Management;,427 - SE,surat edaran nomor se 008dir20324 tentang rekrutmen karyawan pt pos indonesia persero melalui program ikatan dinas dan pemberian beasiswa penuh untuk mahasiswa kelas khusus program studi diploma iii logistik universitas logistik dan bisnis internasional tahun 2024 direktur human capital management,SE
Surat Edaran Nomor : SE.009/DIR-2/0324 tentang Program Rekrutmen Bersama Badan Usaha Milik Negara di PT Pos Indonesia (Persero) Grup Tahun 2024,Direktur Human Capital Management;,428 - SE,surat edaran nomor se009dir20324 tentang program rekrutmen bersama badan usaha milik negara di pt pos indonesia persero grup tahun 2024 direktur human capital management,SE
Keputusan Direksi tentang Perubahan Pertama atas Keputusan Direksi PT Pos Indonesia (Persero) Nomor : KD 067/DIRUT/0823 tentang Organisasi dan Tata Kerja Regional  Unit Komersial dan Unit Operasi,Direktur Utama;,429 - KD,keputusan direksi tentang perubahan pertama atas keputusan direksi pt pos indonesia persero nomor kd 067dirut0823 tentang organisasi dan tata kerja regional unit komersial dan unit operasi direktur utama,KD
Keputusan Direksi tentang Pedoman Tata Kelola Program Kerja Investasi/Belanja Modal (Capital Expenditure) PT Pos Indonesia (Persero),Direktur Utama;,430 - KD,keputusan direksi tentang pedoman tata kelola program kerja investasibelanja modal capital expenditure pt pos indonesia persero direktur utama,KD
Pengiriman Daftar Karyawan/Pegawai yang Belum Melaporkan SPT PPh Orang Pribadi,Kepala Kantor Pelayanan Pajak Pratama Jakarta Tanah Abang Dua,431 - Surat Dinas,pengiriman daftar karyawanpegawai yang belum melaporkan spt pph orang pribadi kepala kantor pelayanan pajak pratama jakarta tanah abang dua,SURAT DINAS
Permohonan Uang Ketupat dan Kenaikan Tunjangan Pangan,Pengurus Persatuan Pensiunan Pos Indonesia Cabang Palembang,432 - Surat Dinas,permohonan uang ketupat dan kenaikan tunjangan pangan pengurus persatuan pensiunan pos indonesia cabang palembang,SURAT DINAS
Perubahan Kewenangan Satuan Kerja di Bank Indonesia dan Korespondensi,Kepala Departemen Surveilans Sistem Keuangan Bank Indonesia,433 - Surat Dinas,perubahan kewenangan satuan kerja di bank indonesia dan korespondensi kepala departemen surveilans sistem keuangan bank indonesia,SURAT DINAS
1. Penyaluran Bantuan Pangan Tahap II Tahun 2024 Provinsi Jambi 2. Perpanjangan Waktu Penyaluran Bantuan Pangan,Perusahaan Umum (Perum) Bulog,434 - Surat Dinas,1 penyaluran bantuan pangan tahap ii tahun 2024 provinsi jambi 2 perpanjangan waktu penyaluran bantuan pangan perusahaan umum perum bulog,SURAT DINAS
Laporan Tugas Pengawasan Dewan Komisaris Tahun 2023,Komisaris PT Pos Logistik Indonesia,435 - laporan,laporan tugas pengawasan dewan komisaris tahun 2023 komisaris pt pos logistik indonesia,LAPORAN
Permohonan menjadi rekanan PT Pos Indonesia Banda Aceh,Direktur CV Rumah Biru Aceh  Ade Herdiyat (0811640569),436 - proposal,permohonan menjadi rekanan pt pos indonesia banda aceh direktur cv rumah biru aceh ade herdiyat 0811640569,PROPOSAL
Risalah Radir  Rabu 17 April 2024,Direksi;,440 - risalah,risalah radir rabu 17 april 2024 direksi,RISALAH
bantuan permintaan keterangan,Direktur Reserse Kriminal Umum Polda Kepri,442 - Surat Dinas,bantuan permintaan keterangan direktur reserse kriminal umum polda kepri,SURAT DINAS
Perjanjian Kerja Sama antara PT Nusa Satu Inti Artha dengan PT Pos Indonesia (Persero) tentang Layanan Internet Payment Gateway Nomor : PKS 099/SVP Consumer Business/2024,SVP Consumer Business;,445 - SPK dan PKS,perjanjian kerja sama antara pt nusa satu inti artha dengan pt pos indonesia persero tentang layanan internet payment gateway nomor pks 099svp consumer business2024 svp consumer business,SPK DAN PKS
Perjanjian Kerja Sama antara PT Pos Indonesia (Persero) dengan PT Global Distribution Alliance tentang Penyaluran Kiriman Pos Ekspor ke Luar Negeri,SVP International Post Service;,446 - SPK dan PKS,perjanjian kerja sama antara pt pos indonesia persero dengan pt global distribution alliance tentang penyaluran kiriman pos ekspor ke luar negeri svp international post service,SPK DAN PKS
1. Perjanjian antara PT Pos Indonesia (Persero) dengan PT Management Indonesia Mandiri tentang Pengadaan Pekerjaan Evaluasi Hasil Assessment Good Corporate Governance (GCG) Tahun Buku 2023. Nomor : 02/RMFP/0424. 2. Surat Perintah Kerja (SPK) Pengadaan Jasa Evaluasi Hasil Assessment GCG Tahun Buku 2023 Nomor : 02/RMFP/0424,SVP Risk Management and Financial Policy;,447 - SPK dan PKS,1 perjanjian antara pt pos indonesia persero dengan pt management indonesia mandiri tentang pengadaan pekerjaan evaluasi hasil assessment good corporate governance gcg tahun buku 2023 nomor 02rmfp0424 2 surat perintah kerja spk pengadaan jasa evaluasi hasil assessment gcg tahun buku 2023 nomor 02rmfp0424 svp risk management and financial policy,SPK DAN PKS
Perjanjian Kerja Waktu Tertentu antara PT Pos Indonesia (Persero) dengan Agus Trisyuwanto sebagai Tenaga Kerja Profesional Perusahaan Nomor : PKS 087/DIRUT/0324,Direktur Utama;,448 - SPK dan PKS,perjanjian kerja waktu tertentu antara pt pos indonesia persero dengan agus trisyuwanto sebagai tenaga kerja profesional perusahaan nomor pks 087dirut0324 direktur utama,SPK DAN PKS
Perjanjian Kerja Waktu Tertentu antara PT Pos Indonesia (Persero) dengan Ari Kusumo Wibowo sebagai Tenaga Kerja Profesional Perusahaan Nomor : PKS 039/DIR-5/0324,Direktur Bisnis Kurir dan Logistik;,449 - SPK dan PKS,perjanjian kerja waktu tertentu antara pt pos indonesia persero dengan ari kusumo wibowo sebagai tenaga kerja profesional perusahaan nomor pks 039dir50324 direktur bisnis kurir dan logistik,SPK DAN PKS
Surat Edaran tentang Pelaksanaan Manajemen Risiko untuk Keputusan Bisnis dan Operasional di PT Pos Indonesia (Persero),Direktur Utama;,450 - SE,surat edaran tentang pelaksanaan manajemen risiko untuk keputusan bisnis dan operasional di pt pos indonesia persero direktur utama,SE
Keputusan Direksi Nomor : KD 003/DIRUT/0124 tentang Pedoman Kebijakan dan Pedoman Umum Penerapan Fraud Control Plan,Direktur Utama;,451 - KD,keputusan direksi nomor kd 003dirut0124 tentang pedoman kebijakan dan pedoman umum penerapan fraud control plan direktur utama,KD
Risalah Radir  Selasa 23 April 2024,Direksi;,452 - risalah,risalah radir selasa 23 april 2024 direksi,RISALAH
undangan wawancara klarifikasi perkara,Dirreskrimum Polda Metro Jaya  Kasubdit Ranmor selaku Penyidik,453 - Surat Dinas,undangan wawancara klarifikasi perkara dirreskrimum polda metro jaya kasubdit ranmor selaku penyidik,SURAT DINAS
Undangan Halal Bihalal dan Silaturahmi,Pengurus Wilayah Nahdlatul Ulama Provinsi Jawa Barat,454 - Surat Dinas,undangan halal bihalal dan silaturahmi pengurus wilayah nahdlatul ulama provinsi jawa barat,SURAT DINAS
Surat Pengantar Proposal Sponsorship,Himpunan Mahasiswa Hubungan Internasional Fakultas Ilmu Sosial dan Ilmu Politik Universitas Pasundan,455 - proposal,surat pengantar proposal sponsorship himpunan mahasiswa hubungan internasional fakultas ilmu sosial dan ilmu politik universitas pasundan,PROPOSAL
Risalah Rapat Gabungan Dewan Komisaris dengan Direksi PT Pos Indonesia (Persero) Nomor 46/Dekom/0324,DIRUT dan KOMUT;,457 - risalah,risalah rapat gabungan dewan komisaris dengan direksi pt pos indonesia persero nomor 46dekom0324 dirut dan komut,RISALAH
Perjanjian Kerja Waktu Tertentu antara PT Pos Indonesia (Persero) dengan Niko Firstsando sebagai Tenaga Kerja Profesional Perusahaan Nomor : PKS 089/DIR-5/0324,Direktur Bisnis Kurir dan Logistik;,458 - SPK dan PKS,perjanjian kerja waktu tertentu antara pt pos indonesia persero dengan niko firstsando sebagai tenaga kerja profesional perusahaan nomor pks 089dir50324 direktur bisnis kurir dan logistik,SPK DAN PKS
Surat Pengantar Sponsorship,ITB Model United Nations 2024  Ganesha Model United Nations Club ITB,459 - proposal,surat pengantar sponsorship itb model united nations 2024 ganesha model united nations club itb,PROPOSAL
SPK karyadi kumpos,Corsec;,460 - SPK dan PKS,spk karyadi kumpos corsec,SPK DAN PKS
1. Penetapan Kandidat Pemenang ESG Initiative Awards 2024 2. Konfirmasi Kesediaan Penjurian ESG Initiative Awards 2024,Ketua Penyelenggara ESG Initiative Awards 2024,461 - Surat Dinas,1 penetapan kandidat pemenang esg initiative awards 2024 2 konfirmasi kesediaan penjurian esg initiative awards 2024 ketua penyelenggara esg initiative awards 2024,SURAT DINAS
Perjanjian antara PT Pos Indonesia (Persero) dengan PT Dapensi Dwikarya tentang Pekerjaan Pengadaan Sewa Kendaraan Bermotor Listrik Berbasis Baterai untuk Kendaraan Jabatan Direktur Utama PT Pos Indonesia (Persero) Nomor : 400/Divisi General Support/ PKS/0324,Direktur Human Capital Management;,463 - SPK dan PKS,perjanjian antara pt pos indonesia persero dengan pt dapensi dwikarya tentang pekerjaan pengadaan sewa kendaraan bermotor listrik berbasis baterai untuk kendaraan jabatan direktur utama pt pos indonesia persero nomor 400divisi general support pks0324 direktur human capital management,SPK DAN PKS
Surat Keputusan Direksi Nomor SK 701/DIRUT/0424 tentang Penugasan Khusus Karyawan Proyek Penanganan Piutang di Lingkungan PT Pos Indonesia (Persero),Direktur Utama;,464 - SK,surat keputusan direksi nomor sk 701dirut0424 tentang penugasan khusus karyawan proyek penanganan piutang di lingkungan pt pos indonesia persero direktur utama,SK
Perjanjian Kerja Sama antara PT Pos Indonesia dengan PT Pos Logistik Indonesia tentang Jasa Midmile untuk Distribusi Bantuan Pangan Program Stunting Pemerintah 2023,Direktur Utama;,465 - SPK dan PKS,perjanjian kerja sama antara pt pos indonesia dengan pt pos logistik indonesia tentang jasa midmile untuk distribusi bantuan pangan program stunting pemerintah 2023 direktur utama,SPK DAN PKS
Perjanjian Kerja Sama antara PT Pos Indonesia (Persero) dengan PT Pos Logistik Indonesia tentang Jasa Midmile untuk Distribusi Kiriman Ayam Karkas dan Telur 2024,Direktur Utama;,466 - SPK dan PKS,perjanjian kerja sama antara pt pos indonesia persero dengan pt pos logistik indonesia tentang jasa midmile untuk distribusi kiriman ayam karkas dan telur 2024 direktur utama,SPK DAN PKS
Surat Keputusan Direksi Nomor : SK 361/DIRUT/0224 tentang Tim Pelaksana Penyaluran Bantuan Sosial Kementerian Sosial Republik Indonesia Tahun 2024,Direktur Utama;,467 - SK,surat keputusan direksi nomor sk 361dirut0224 tentang tim pelaksana penyaluran bantuan sosial kementerian sosial republik indonesia tahun 2024 direktur utama,SK
PKS karyadi div hukum,Corsec;,468 - SPK dan PKS,pks karyadi div hukum corsec,SPK DAN PKS
Penyelenggaraan Kegiatan Gerakan Nasional Bangga Buatan Indonesia dan Bangga Berwisata di Indonesia (Gernas BBI/BBWI) Tahun 2024 di Provinsi Sumatera Selatan,Direktur Inklusi Keuangan Otoritas Jasa Keuangan (OJK),469 - Surat Dinas,penyelenggaraan kegiatan gerakan nasional bangga buatan indonesia dan bangga berwisata di indonesia gernas bbibbwi tahun 2024 di provinsi sumatera selatan direktur inklusi keuangan otoritas jasa keuangan ojk,SURAT DINAS
Penyampaian Pemberitahuan Pembaruan Daftar PPSPM Terkait Orang dan Korporasi Republik Demokratik Rakyat Korea,Direktur Pengawasan Kepatuhan Penyedia Jasa Keuangan Pusat Pelaporan dan Analisis Transaksi Keuangan,470 - Surat Dinas,penyampaian pemberitahuan pembaruan daftar ppspm terkait orang dan korporasi republik demokratik rakyat korea direktur pengawasan kepatuhan penyedia jasa keuangan pusat pelaporan dan analisis transaksi keuangan,SURAT DINAS
Pendampingan Reviu Bantuan Pangan Tahap II Tahun 2023,Direktur SCPP Perusahaan Umum (Perum) BULOG,472 - Surat Dinas,pendampingan reviu bantuan pangan tahap ii tahun 2023 direktur scpp perusahaan umum perum bulog,SURAT DINAS
Konfirmasi Pembayaran Penyaluran (Last Mile) Bantuan Pangan Cadangan Beras Pemerintah di Provinsi Papua dan Papua Barat Tahap 1 2 dan 3 Tahun 2023,Direktur PT Yasa Artha Trimanunggal,473 - Surat Dinas,konfirmasi pembayaran penyaluran last mile bantuan pangan cadangan beras pemerintah di provinsi papua dan papua barat tahap 12 dan 3 tahun 2023 direktur pt yasa artha trimanunggal,SURAT DINAS
Pengajuan Kerja Sama Pengadaan Mesin Tera Meterai Digital Quadient,Direktur PT Neosys Indonesia,474 - Surat Dinas,pengajuan kerja sama pengadaan mesin tera meterai digital quadient direktur pt neosys indonesia,SURAT DINAS
Undangan Bintek Barang dan Jasa Pemerintah,Ketua Pelaksana Pelatihan Nasional Pengadaan Barang dan Jasa Pemerintah,475 - Surat Dinas,undangan bintek barang dan jasa pemerintah ketua pelaksana pelatihan nasional pengadaan barang dan jasa pemerintah,SURAT DINAS
Partisipasi Pemasangan Iklan pada Majalah KADIN,Ketua Umum Kamar Dagang dan Industri (KADIN) Jawa Barat,476 - Surat Dinas,partisipasi pemasangan iklan pada majalah kadin ketua umum kamar dagang dan industri kadin jawa barat,SURAT DINAS
Permohonan Audiensi,Direktur Utama Biro Psikologi Psikodinamika,477 - Surat Dinas,permohonan audiensi direktur utama biro psikologi psikodinamika,SURAT DINAS
Rakernas SPPI Ke-2 Tahun 2024,Dewan Pengurus Pusat Serikat Pekerja Pos Indonesia,478 - Surat Dinas,rakernas sppi ke2 tahun 2024 dewan pengurus pusat serikat pekerja pos indonesia,SURAT DINAS
Pembahasan Program Manfaat Pensiun Pegawai Periode Tahun 2016,Dewan Pengurus Pusat Serikat Pekerja Pos Indonesia,479 - Surat Dinas,pembahasan program manfaat pensiun pegawai periode tahun 2016 dewan pengurus pusat serikat pekerja pos indonesia,SURAT DINAS
Permohonan Sponsorship,Rektor Universitas Telkom,480 - proposal,permohonan sponsorship rektor universitas telkom,PROPOSAL
Undangan Workshop BUMN dan Anak Usaha 26 April 2024 dan 17 Mei 2024,Erik Yosafat Koran BUMN,481 - Surat Dinas,undangan workshop bumn dan anak usaha 26 april 2024 dan 17 mei 2024 erik yosafat koran bumn,SURAT DINAS
Penawaran Kerjasama sebagai In House Lawyer PT Pos Indonesia,Advokat/Konsultan Hukum MJB & Partners Law Firm,482 - Surat Dinas,penawaran kerjasama sebagai in house lawyer pt pos indonesia advokatkonsultan hukum mjb partners law firm,SURAT DINAS
Iklan Kemitraan Ucapan Selamat HUT Bank BJB ke-63 Tahun,Serikat Karyawan Bank BJB,483 - Surat Dinas,iklan kemitraan ucapan selamat hut bank bjb ke63 tahun serikat karyawan bank bjb,SURAT DINAS
Risalah Radir  Kamis 2 Mei 2024,Direksi;,485 - risalah,risalah radir kamis 2 mei 2024 direksi,RISALAH
PKS Div Hukum (Karyadi),Corsec;,486 - SPK dan PKS,pks div hukum karyadi corsec,SPK DAN PKS
Keputusan Direksi tentang POSAJA!,Direktur Bisnis Kurir dan Logistik;,487 - KD,keputusan direksi tentang posaja direktur bisnis kurir dan logistik,KD
Perjanjian Kerja Sama antara PT Pos Indonesia (Persero) dengan PT Mulia Jaya Harapan tentang Pemanfaatan Giropos dan Kemitraan Pospay secara Host to Host,SVP Consumer Business;,488 - SPK dan PKS,perjanjian kerja sama antara pt pos indonesia persero dengan pt mulia jaya harapan tentang pemanfaatan giropos dan kemitraan pospay secara host to host svp consumer business,SPK DAN PKS
Tanggapan Kembali Konfirmasi Tagihan Biaya Distribusi CBP Tahap II Tahun 2023,Direktur PT Yasa Artha Trimanunggal,489 - Surat Dinas,tanggapan kembali konfirmasi tagihan biaya distribusi cbp tahap ii tahun 2023 direktur pt yasa artha trimanunggal,SURAT DINAS
Keputusan Dewan Komisaris Nomor SK-56/DEKOM/0424 tentang Pemberhentian dan Pengangkatan Ketua Komite Audit PT Pos Indonesia (Persero),Komisaris Utama,490 - SK,keputusan dewan komisaris nomor sk56dekom0424 tentang pemberhentian dan pengangkatan ketua komite audit pt pos indonesia persero komisaris utama,SK
Keputusan Dewan Komisaris Nomor : SK-57/DEKOM/0424 tentang Pemberhentian dan Pengangkatan Ketua Komite Nominasi dan Remunerasi PT Pos Indonesia (Persero),Komisaris Utama,491 - SK,keputusan dewan komisaris nomor sk57dekom0424 tentang pemberhentian dan pengangkatan ketua komite nominasi dan remunerasi pt pos indonesia persero komisaris utama,SK
Perjanjian Kerja Sama antara PT Pos Properti Indonesia dengan PT Pos Indonesia (Persero) tentang Pemanfaatan Ruang di Gedung Pos Fatahillah untuk Ruang Kreatif,Direktur Utama;,492 - SPK dan PKS,perjanjian kerja sama antara pt pos properti indonesia dengan pt pos indonesia persero tentang pemanfaatan ruang di gedung pos fatahillah untuk ruang kreatif direktur utama,SPK DAN PKS
Laporan Manajemen tahun 2023,Direktur Utama dan Komisaris Utama;,493 - laporan,laporan manajemen tahun 2023 direktur utama dan komisaris utama,LAPORAN
Perjanjian Kerahasiaan antara PT Paket Informasi Digital dengan PT Pos Indonesia (Persero) tentang Pertukaran Data dan Informasi Nomor : 102/SPBT/0324,SVP Strategic Planning and Business Development;,494 - SPK dan PKS,perjanjian kerahasiaan antara pt paket informasi digital dengan pt pos indonesia persero tentang pertukaran data dan informasi nomor 102spbt0324 svp strategic planning and business development,SPK DAN PKS
1. Berita Acara Kesepakatan antara PT Pos Indonesia (Persero) dengan PT Pos Finansial Indonesia tentang Penerimaan Cash In dan/atau Penarikan Cash Out Pospay melalui Agen POSFIN secara Host to Host Nomor : BAK039/DIR-4/0124 2. Perjanjian Kerja Sama antara PT Pos Indonesia (Persero) dengan PT Pos Finansial Indonesia tentang Penerimaan Cash In dan/atau Penarikan Cash Out Pospay melalui Agen POSFIN secara Host to Host Nomor : PKS 092/DIR-4/0324,Direktur Bisnis Jasa Keuangan;,495 - SPK dan PKS,1 berita acara kesepakatan antara pt pos indonesia persero dengan pt pos finansial indonesia tentang penerimaan cash in danatau penarikan cash out pospay melalui agen posfin secara host to host nomor bak039dir40124 2 perjanjian kerja sama antara pt pos indonesia persero dengan pt pos finansial indonesia tentang penerimaan cash in danatau penarikan cash out pospay melalui agen posfin secara host to host nomor pks 092dir40324 direktur bisnis jasa keuangan,SPK DAN PKS
Surat Keputusan Direksi Nomor : SK 614/DIR-1/0424 tentang Tim Counterpart Evaluasi Hasil Assessment Tata kelola Perusahaan yang baik (Good Corporate Governance) Tahun Buku 2023 di PT Pos Indonesia (Persero),Direktur Keuangan dan Manajemen Risiko;,496 - SK,surat keputusan direksi nomor sk 614dir10424 tentang tim counterpart evaluasi hasil assessment tata kelola perusahaan yang baik good corporate governance tahun buku 2023 di pt pos indonesia persero direktur keuangan dan manajemen risiko,SK
Keputusan Direksi Nomor : KD 021/DIRUT/0424 tentang Perubahan Ketiga atas Keputusan Direksi PT Pos Indonesia (Persero) Nomor : KD 013/DIRUT/0323 tentang Organisasi dan Tata Kerja,Direktur Utama;,498 - KD,keputusan direksi nomor kd 021dirut0424 tentang perubahan ketiga atas keputusan direksi pt pos indonesia persero nomor kd 013dirut0323 tentang organisasi dan tata kerja direktur utama,KD
Bantuan Penghadapan Saksi,a.n Kepala Kepolisian Resor Kota Bogor Kota  Kasat Reskrim selaku Penyidik,499 - Surat Dinas,bantuan penghadapan saksi an kepala kepolisian resor kota bogor kota kasat reskrim selaku penyidik,SURAT DINAS
Bantuan Penghadapan Saksi,a.n Kepala Kepolisian Resor Kota Bogor Kota  Kasat Reskrim selaku Penyidik,500 - Surat Dinas,bantuan penghadapan saksi an kepala kepolisian resor kota bogor kota kasat reskrim selaku penyidik,SURAT DINAS
Keputusan Direksi Nomor : KD 092/DIR-2/1223 tentang Cap Dinas di Lingkungan PT Pos Indonesia (Persero),Direktur Human Capital Management;,501 - KD,keputusan direksi nomor kd 092dir21223 tentang cap dinas di lingkungan pt pos indonesia persero direktur human capital management,KD
Laporan Tugas Pengawasan Dewan Komisaris Semester II Tahun 2023,Komisaris Utama,503 - laporan,laporan tugas pengawasan dewan komisaris semester ii tahun 2023 komisaris utama,LAPORAN
Keputusan Dewan Komisaris PT Pos Indonesia (Persero) Nomor : SK-58/DEKOM/0424 tentang Pembagian Tugas Anggota Dewan Komisaris PT Pos Indonesia (Persero),Komisaris Utama,504 - SK,keputusan dewan komisaris pt pos indonesia persero nomor sk58dekom0424 tentang pembagian tugas anggota dewan komisaris pt pos indonesia persero komisaris utama,SK
Perkenalan dan Permohonan Audiensi terkait Training,Ahmad Hanif  PT Hasanah Raya Cipta (Camy Indonesia),505 - Surat Dinas,perkenalan dan permohonan audiensi terkait training ahmad hanif pt hasanah raya cipta camy indonesia,SURAT DINAS
Informasi Narahubung Pengawas Departemen Surveilans Sistem Pembayaran dan Pelindungan Konsumen,Direktur Kepala Departemen Surveilans Sistem Pembayaran dan Pelindungan Konsumen Bank Indonesia,506 - Surat Dinas,informasi narahubung pengawas departemen surveilans sistem pembayaran dan pelindungan konsumen direktur kepala departemen surveilans sistem pembayaran dan pelindungan konsumen bank indonesia,SURAT DINAS
Sumbangan Tulisan Edisi Revisi Buku Jalan Terjal dari Ajudan Bung Karno sampai Wantimpres Joko Widodo,Sidarto Danusubroto  Anggota Dewan Pertimbangan Presiden,507 - Surat Dinas,sumbangan tulisan edisi revisi buku jalan terjal dari ajudan bung karno sampai wantimpres joko widodo sidarto danusubroto anggota dewan pertimbangan presiden,SURAT DINAS
Audiensi/Silaturahmi,Dewan Pengurus Pusat SPPI,509 - Surat Dinas,audiensisilaturahmi dewan pengurus pusat sppi,SURAT DINAS
Sponsorship pembuatan Visa Petugas haji,corsec;,510 - Surat Dinas,sponsorship pembuatan visa petugas haji corsec,SURAT DINAS
Risalah Radir  Selasa 7 Mei 2024,Direksi;,512 - Surat Dinas,risalah radir selasa 7 mei 2024 direksi,SURAT DINAS
Keputusan Direksi Nomor : KD 011/DIRUT/0224 tentang Alokasi Anggaran Investasi/Belanja Modal (Capital Expenditure) PT Pos Indonesia (Persero) Tahun 2024,Direktur Utama;,513 - KD,keputusan direksi nomor kd 011dirut0224 tentang alokasi anggaran investasibelanja modal capital expenditure pt pos indonesia persero tahun 2024 direktur utama,KD
Risalah Ratas Pembahasan DES PT Pos Finansial Indonesia - Rencana Penunjukan KJPP oleh PosFin,Direksi;,514 - risalah,risalah ratas pembahasan des pt pos finansial indonesia rencana penunjukan kjpp oleh posfin direksi,RISALAH
Perjanjian antara PT Pos Indonesia (Persero) dengan PT Sinergi Media Komunika tentang Pekerjaan Pengadaan Pengelolaan Brand Ambassador Pospay Nomor : 1364/SVP Government and Corporate Business/0224,SVP Government and Corporate Business;,516 - SPK dan PKS,perjanjian antara pt pos indonesia persero dengan pt sinergi media komunika tentang pekerjaan pengadaan pengelolaan brand ambassador pospay nomor 1364svp government and corporate business0224 svp government and corporate business,SPK DAN PKS
Perjanjian Kerja Sama antara PT Putri Cahaya Angkasa Jaya dengan PT Pos Indonesia (Persero) tentang Fronting Layanan Umrah melalui PT Pos Indonesia (Persero) Nomor : PKS 128/SVP Consumer Business/0524,SVP Consumer Business;,517 - SPK dan PKS,perjanjian kerja sama antara pt putri cahaya angkasa jaya dengan pt pos indonesia persero tentang fronting layanan umrah melalui pt pos indonesia persero nomor pks 128svp consumer business0524 svp consumer business,SPK DAN PKS
Perjanjian Kerja Sama antara PT Pos Indonesia (Persero) dengan Koperasi Simpan Pinjam Nasari tentang Dana Talangan Layanan COD/CCOD Nomor : PKS 127/SVP Consumer Business/0524,SVP Consumer Business;,518 - SPK dan PKS,perjanjian kerja sama antara pt pos indonesia persero dengan koperasi simpan pinjam nasari tentang dana talangan layanan codccod nomor pks 127svp consumer business0524 svp consumer business,SPK DAN PKS
Perjanjian Kerja Waktu Tertentu antara PT Pos Indonesia (Persero) dengan Arlia Irishtiana sebagai Tenaga Kerja Profesional Perusahaan Nomor : PKS 104/DIR-5/0424,Direktur Bisnis Kurir dan Logistik;,519 - SPK dan PKS,perjanjian kerja waktu tertentu antara pt pos indonesia persero dengan arlia irishtiana sebagai tenaga kerja profesional perusahaan nomor pks 104dir50424 direktur bisnis kurir dan logistik,SPK DAN PKS
Perjanjian Kerja Sama antara PT Pos Indonesia (Persero) dengan PT Agen Kreasi Partikelir tentang Pekerjaan Pengadaan Jasa Pengelola Media Sosial PosAja Periode Januari - Juni 2024 Nomor : 02/RB/0124,SVP Retail Business;,520 - SPK dan PKS,perjanjian kerja sama antara pt pos indonesia persero dengan pt agen kreasi partikelir tentang pekerjaan pengadaan jasa pengelola media sosial posaja periode januari juni 2024 nomor 02rb0124 svp retail business,SPK DAN PKS
Perjanjian Kerja Sama antara PT Jalin Pembayaran Nusantara dengan PT Pos Indonesia (Persero) tentang Pemanfaatan Layanan QRIS Cross Border dalam Jaringan Link,SVP Consumer Business;,521 - SPK dan PKS,perjanjian kerja sama antara pt jalin pembayaran nusantara dengan pt pos indonesia persero tentang pemanfaatan layanan qris cross border dalam jaringan link svp consumer business,SPK DAN PKS
Risalah Radir  Selasa 14 Mei 2024,Direksi;,522 - risalah,risalah radir selasa 14 mei 2024 direksi,RISALAH
Berita Acara Kesepakatan Bersama PT Pos Indonesia (Persero) PT Pelabuhan Indonesia (Persero) PT Kereta Api Indonesia (Persero) PT Pelayaran Nasional Indonesia (Persero) PT Integrasi Aviasi Solusi PT Surabaya Industrial Estate Rungkut PT ASDP Indonesia Ferry (Persero) PERUM DAMRI,Direktur Bisnis Kurir dan Logistik;,524 - BA,berita acara kesepakatan bersama pt pos indonesia persero pt pelabuhan indonesia persero pt kereta api indonesia persero pt pelayaran nasional indonesia persero pt integrasi aviasi solusi pt surabaya industrial estate rungkut pt asdp indonesia ferry persero perum damri direktur bisnis kurir dan logistik,BA
SPK/PKS Karyadi Div Hukum,Corsec;,526 - SPK dan PKS,spkpks karyadi div hukum corsec,SPK DAN PKS
Keputusan Direksi tentang Lini Produk Jasa Kurir Ritel Domestik dan Internasional,Direktur Bisnis Kurir dan Logistik;,527 - KD,keputusan direksi tentang lini produk jasa kurir ritel domestik dan internasional direktur bisnis kurir dan logistik,KD
SPK/PKS Div Hukum Karyadi,Corsec;,529 - SPK dan PKS,spkpks div hukum karyadi corsec,SPK DAN PKS
SPPD an Irwan Iskandar,VP Kesekretariat;,530 - sppd,sppd an irwan iskandar vp kesekretariat,SPPD
Nota Kesepahaman antara PT Pos Indonesia (Persero) dengan PT Telekomunikasi Selular tentang Rencana Kerja Sama Optimalisasi Layanan Jasa dan Sinergi Pengembangan Usaha,Direktur Bisnis Jasa Keuangan;,531 - SPK dan PKS,nota kesepahaman antara pt pos indonesia persero dengan pt telekomunikasi selular tentang rencana kerja sama optimalisasi layanan jasa dan sinergi pengembangan usaha direktur bisnis jasa keuangan,SPK DAN PKS
Surat Keputusan Direksi tentang Tim Pendampingan Pengadaan Pengembangan Aplikasi Sistem Informasi Manajemen Risiko Tahun 2024 di PT Pos Indonesia (Persero),Direktur Keuangan dan Manajeman Risiko;,532 - SK,surat keputusan direksi tentang tim pendampingan pengadaan pengembangan aplikasi sistem informasi manajemen risiko tahun 2024 di pt pos indonesia persero direktur keuangan dan manajeman risiko,SK
Keputusan Direksi tentang Manajemen Karir,Direktur Human Capital Management;,533 - KD,keputusan direksi tentang manajemen karir direktur human capital management,KD
Perjanjian Kerja Sama antara PT Asuransi Jasa Indonesia dengan PT Pos Indonesia (Persero) Nomor : PKS 073/DIR-4/0324 tentang Penyaluran Dana Klaim Asuransi Usaha Tani Padi dan/atau Asuransi Usaha Ternak Sapi/Kerbau kepada Penerima Manfaat Menggunakan Layanan PT Pos Indonesia (Persero),Direktur Bisnis Jasa Keuangan;,534 - SPK dan PKS,perjanjian kerja sama antara pt asuransi jasa indonesia dengan pt pos indonesia persero nomor pks 073dir40324 tentang penyaluran dana klaim asuransi usaha tani padi danatau asuransi usaha ternak sapikerbau kepada penerima manfaat menggunakan layanan pt pos indonesia persero direktur bisnis jasa keuangan,SPK DAN PKS
Surat Keterangan Bekerja Fery Hardiman,VP Corcomm;,536 - Surat Dinas,surat keterangan bekerja fery hardiman vp corcomm,SURAT DINAS
Perjanjian Kerja Sama antara PT Bhinneka Mentaridimensi dengan PT Pos Indonesia (Persero) tentang Pengiriman Kiriman Produk,SVP Retail Business;,537 - SPK dan PKS,perjanjian kerja sama antara pt bhinneka mentaridimensi dengan pt pos indonesia persero tentang pengiriman kiriman produk svp retail business,SPK DAN PKS
Risalah Radir  Selasa 21 Mei 2024,Direksi;,538 - risalah,risalah radir selasa 21 mei 2024 direksi,RISALAH
Permintaan ATK,Manajer Rumah Tangga;,539 - Surat Dinas,permintaan atk manajer rumah tangga,SURAT DINAS
Perjanjian Kerja Sama antara PT Asuransi Jasa Indonesia dengan PT Pos Indonesia (Persero) tentang Pengiriman Polis Asuransi Usaha Tani Padi dan Asuransi Usaha Ternak Sapi/Kerbau (AUTP & AUTS/K),Direktur Bisnis Kurir dan Logistik;,540 - SPK dan PKS,perjanjian kerja sama antara pt asuransi jasa indonesia dengan pt pos indonesia persero tentang pengiriman polis asuransi usaha tani padi dan asuransi usaha ternak sapikerbau autp autsk direktur bisnis kurir dan logistik,SPK DAN PKS
Surat Keputusan Direksi Nomor : SK 613/DIRUT/0424 tentang Perubahan Susunan Tim Koordinasi Penyelenggaraan Layanan Pos Universal Tahun Anggaran 2024,Direktur Utama;,541 - SK,surat keputusan direksi nomor sk 613dirut0424 tentang perubahan susunan tim koordinasi penyelenggaraan layanan pos universal tahun anggaran 2024 direktur utama,SK
Surat Edaran tentang Implementasi dan Pemanfaatan Layanan Universal Biller,Direktur Bisnis Jasa Keuangan;,543 - SE,surat edaran tentang implementasi dan pemanfaatan layanan universal biller direktur bisnis jasa keuangan,SE
Perjanjian Kerja Sama antara PT Pos Indonesia (Persero) dengan PT Posheline Ekspres Indonesia tentang Pengelolaan Super Agenpos Layanan Jasa Kurir,SVP Retail Business;,544 - SPK dan PKS,perjanjian kerja sama antara pt pos indonesia persero dengan pt posheline ekspres indonesia tentang pengelolaan super agenpos layanan jasa kurir svp retail business,SPK DAN PKS
Undangan Acara Harvesting Kegiatan Gerakan Nasional Bangga Buatan Indonesia dan Bangga Berwisata di Indonesia (Gernas BBI/ BBWI) di Provinsi Sumatera Selatan tahun 2024,Plh. Direktur Inklusi Keuangan,545 - Surat Dinas,undangan acara harvesting kegiatan gerakan nasional bangga buatan indonesia dan bangga berwisata di indonesia gernas bbi bbwi di provinsi sumatera selatan tahun 2024 plh direktur inklusi keuangan,SURAT DINAS
Permohonan Donatur/Sponsorship,Markas Besar Perintis Kemerdekaan RI Batalyon Serbaguna Veteran Trikora (YON SERNA VET TRIKORA),546 - proposal,permohonan donatursponsorship markas besar perintis kemerdekaan ri batalyon serbaguna veteran trikora yon serna vet trikora,PROPOSAL
"Surat Undangan Workshop ""Contract Drafting & Procurement""",Marketing & Public Relations Coordinator PT Asia Strategi Konsulting,547 - Surat Dinas,surat undangan workshop contract drafting procurement marketing public relations coordinator pt asia strategi konsulting,SURAT DINAS
Permohonan Audiensi,Dewan Pengurus Kamar Dagang dan Industri Jawa Barat (KADIN),548 - Surat Dinas,permohonan audiensi dewan pengurus kamar dagang dan industri jawa barat kadin,SURAT DINAS
Somasi 2,Slamet Wahjudi (085822535799),549 - Surat Dinas,somasi 2 slamet wahjudi 085822535799,SURAT DINAS
Somasi Ke-2 (dua),Kuasa Hukum Sdr Dadang Iskandar  LBH Gerakan Pemuda Ansor Kab. Majalengka,550 - Surat Dinas,somasi ke2 dua kuasa hukum sdr dadang iskandar lbh gerakan pemuda ansor kab majalengka,SURAT DINAS
Pengumuman Top CSR of The Year 2024,PT Tras Mediacom,551 - Surat Dinas,pengumuman top csr of the year 2024 pt tras mediacom,SURAT DINAS
SQA 2024 Winner Congratulations,Director Panitia Service Quality Award,552 - Surat Dinas,sqa 2024 winner congratulations director panitia service quality award,SURAT DINAS
Tanggapan kembali Konfirmasi Tagihan Biaya Distribusi CBP Tahap II Tahun 2023,Direktur PT Yasa Artha Trimanunggal,553 - Surat Dinas,tanggapan kembali konfirmasi tagihan biaya distribusi cbp tahap ii tahun 2023 direktur pt yasa artha trimanunggal,SURAT DINAS
Surat Kedua untuk Tanggapan Kembali Konfirmasi Pembayaran Penyaluran (Last Mile) Bantuan Pangan Cadangan Beras Pemerintah di Provinsi Papua dan Papua Barat Tahap 1 2 dan 3 Tahun 2023,Direktur PT Yasa Artha Trimanunggal,554 - Surat Dinas,surat kedua untuk tanggapan kembali konfirmasi pembayaran penyaluran last mile bantuan pangan cadangan beras pemerintah di provinsi papua dan papua barat tahap 12 dan 3 tahun 2023 direktur pt yasa artha trimanunggal,SURAT DINAS
Laporan Perilaku Kepala Pos Balai Selasa Kecamatan Ranah Pesisir Kabupaten Pesisir Selatan Provinsi Sumatera Barat atas nama Syafrisal/Icang,Nasrun,555 - surat pribadi,laporan perilaku kepala pos balai selasa kecamatan ranah pesisir kabupaten pesisir selatan provinsi sumatera barat atas nama syafrisalicang nasrun,SURAT PRIBADI
Pemberitahuan Rapat Umum Anggota (RUA) Tahunan Asosiasi Sistem Pembayaran Indonesia (ASPI) Tahun 2024,Ketua Umum Asosiasi Sistem Pembayaran Indonesia (ASPI),556 - Surat Dinas,pemberitahuan rapat umum anggota rua tahunan asosiasi sistem pembayaran indonesia aspi tahun 2024 ketua umum asosiasi sistem pembayaran indonesia aspi,SURAT DINAS
Laporan Pelaksanaan Tugas Pengawasan Dewan Komisaris Bulan Februari 2024,Komisaris PT Pos Logistik Indonesia,557 - Surat Dinas,laporan pelaksanaan tugas pengawasan dewan komisaris bulan februari 2024 komisaris pt pos logistik indonesia,SURAT DINAS
Undangan Partisipasi Boyolali Festival UMKM 2024,Bupati Boyolali,558 - Surat Dinas,undangan partisipasi boyolali festival umkm 2024 bupati boyolali,SURAT DINAS
Kerjasama Himbauan Kamseltibcar Lantas dan Ucapan Hari Bhayangkara ke-78,Kapolres Metro Depok Polda Metro Jaya,559 - Surat Dinas,kerjasama himbauan kamseltibcar lantas dan ucapan hari bhayangkara ke78 kapolres metro depok polda metro jaya,SURAT DINAS
Kemitraan Kamtibmas HUT Bhayangkara ke-78 1 Juli 2024,Kepala Bidang Humas Polda Jabar,560 - proposal,kemitraan kamtibmas hut bhayangkara ke78 1 juli 2024 kepala bidang humas polda jabar,PROPOSAL
Permohonan Donatur/Sponsor,"Panitia Pelaksana Rakernas Alisa ""Khadijah"" - ICMI",561 - Surat Dinas,permohonan donatursponsor panitia pelaksana rakernas alisa khadijah icmi,SURAT DINAS
Permohonan Sponsorship Pemilihan Duta Lingkungan Jawa Barat 2024,Founder Asosiasi Duta Lingkungan Provinsi Jawa Barat,562 - proposal,permohonan sponsorship pemilihan duta lingkungan jawa barat 2024 founder asosiasi duta lingkungan provinsi jawa barat,PROPOSAL
Permohonan Sponsorship,Kaukus Muda Indonesia (KMI),563 - proposal,permohonan sponsorship kaukus muda indonesia kmi,PROPOSAL
Penerbitan buku & permohonan sponsorship,Thalia Franceska Prasetyo (Indrie  082145322499),564 - proposal,penerbitan buku permohonan sponsorship thalia franceska prasetyo indrie 082145322499,PROPOSAL
Kesediaan Berpartisipasi dalam Program Corporate Governance Perception Index (CGPI) yang diselenggarakan IICG bersama Majalah SWA,Ketua Dewan Pengurus The Indonesian Institute for Corporate Governance (IICG),567 - proposal,kesediaan berpartisipasi dalam program corporate governance perception index cgpi yang diselenggarakan iicg bersama majalah swa ketua dewan pengurus the indonesian institute for corporate governance iicg,PROPOSAL
Turnament Golf Hari Bhakti TNI AU,a.n Pengurus Induk Koperasi Angkatan Udara  Ketua Umum,568 - proposal,turnament golf hari bhakti tni au an pengurus induk koperasi angkatan udara ketua umum,PROPOSAL
Iklan Kemitraan Bersama/Media Luar Ruang Publikasi dan Sosialisasi Terpilihnya dan Dilantiknya Presiden dan Wakil Presiden RI Masa Bakti 2024-2029,Manager Aksara Grafika Bisnis Media (Info Bisnis),569 - proposal,iklan kemitraan bersamamedia luar ruang publikasi dan sosialisasi terpilihnya dan dilantiknya presiden dan wakil presiden ri masa bakti 20242029 manager aksara grafika bisnis media info bisnis,PROPOSAL
Permohonan Sponsorship/Partisipasi,Ketua Umum Lembaga Perlindungan Konsumen Swadaya Masyarakat LPKSM Saluyu,570 - proposal,permohonan sponsorshippartisipasi ketua umum lembaga perlindungan konsumen swadaya masyarakat lpksm saluyu,PROPOSAL
Permohonan Sponsor Ucapan Selamat Menunaikan Ibadah Haji & Hari Raya Idul Adha 1445 H/2024 M,Pimpinan Wilayah Dewan Masjid Indonesia Provinsi DKI Jakarta,571 - proposal,permohonan sponsor ucapan selamat menunaikan ibadah haji hari raya idul adha 1445 h2024 m pimpinan wilayah dewan masjid indonesia provinsi dki jakarta,PROPOSAL
Penerbitan Buku Percepatan Pembangunan IKN menuju Visi Indonesia 2045,Ketua Pelaksana Percepatan Pembangunan IKN menuju Visi Indonesia 2045,572 - proposal,penerbitan buku percepatan pembangunan ikn menuju visi indonesia 2045 ketua pelaksana percepatan pembangunan ikn menuju visi indonesia 2045,PROPOSAL
Proposal Magang atas nama Michelle Gabriella VP  Fakultas Komunikasi dan Bisnis Telkom University,Michelle Gabriella VP  Fakultas Komunikasi dan Bisnis Telkom University,573 - proposal,proposal magang atas nama michelle gabriella vp fakultas komunikasi dan bisnis telkom university michelle gabriella vp fakultas komunikasi dan bisnis telkom university,PROPOSAL
Perjanjian Kerja Sama antara PT Berbagi Inovasi Teknologi dengan PT Pos Indonesia (Persero) tentang Pengiriman Kiriman Biteship,SVP Retail Business;,574 - SPK dan PKS,perjanjian kerja sama antara pt berbagi inovasi teknologi dengan pt pos indonesia persero tentang pengiriman kiriman biteship svp retail business,SPK DAN PKS
1. Perjanjian Kerja Sama antara PT Setiap Hari Dipakai dengan PT Pos Indonesia (Persero) tentang Pengiriman Kiriman Marketplace 2. Perjanjian Kerahasiaan (Non Disclosure Agreement) antara PT Pos Indonesia (Persero) dengan PT Pos Indonesia (Persero) tentang Pertukaran Data dan/atau Informasi,SVP Retail Business;,575 - SPK dan PKS,1 perjanjian kerja sama antara pt setiap hari dipakai dengan pt pos indonesia persero tentang pengiriman kiriman marketplace 2 perjanjian kerahasiaan non disclosure agreement antara pt pos indonesia persero dengan pt pos indonesia persero tentang pertukaran data danatau informasi svp retail business,SPK DAN PKS
Adendum Perjanjian Kerja Sama atas Perjanjian Kerja Sama Nomor : PKS 192/DIRUT/2023 tanggal 1 Agustus 2023 antara PT ASABRI (Persero) dengan PT Pos Indonesia (Persero) tentang Pembayaran Manfaat Asuransi Sosial dan Pengelolaan Data Penerima Fasilitas Kredit kepada Peserta ASABRI Nomor : PKS 121/DIR-4/0524,Direktur Bisnis Jasa Keuangan;,577 - SPK dan PKS,adendum perjanjian kerja sama atas perjanjian kerja sama nomor pks 192dirut2023 tanggal 1 agustus 2023 antara pt asabri persero dengan pt pos indonesia persero tentang pembayaran manfaat asuransi sosial dan pengelolaan data penerima fasilitas kredit kepada peserta asabri nomor pks 121dir40524 direktur bisnis jasa keuangan,SPK DAN PKS
Perjanjian Kerja Sama antara Pusat Pendidikan  Pelatihan dan Pengembangan Profesi Sekretariat Jenderal Kementerian Sosial dengan PT Pos Indonesia (Persero) tentang Penyaluran Dana Sarana Pendukung Pasca Pelatihan Pemberdayaan Masyarakat melalui Program Pahlawan Ekonomi Nusantara (PENA) tahun 2024,Direktur Bisnis Jasa Keuangan;,578 - SPK dan PKS,perjanjian kerja sama antara pusat pendidikan pelatihan dan pengembangan profesi sekretariat jenderal kementerian sosial dengan pt pos indonesia persero tentang penyaluran dana sarana pendukung pasca pelatihan pemberdayaan masyarakat melalui program pahlawan ekonomi nusantara pena tahun 2024 direktur bisnis jasa keuangan,SPK DAN PKS
Perjanjian Kerja Sama antara Balai Besar Pendidikan dan Pelatihan Kesejahteraan Sosial (BBPPKS) Padang Sekretariat Jenderal Kementerian Sosial dengan PT Pos Indonesia (Persero) tentang Penyaluran Dana Sarana Pendukung Pasca Pelatihan Kegiatan Pelatihan Pemberdayaan Masyarakat melalui Program Pahlawan Ekonomi Nusantara (PENA) Tahun 2024 Nomor : PKS 107/ DIR-4/0424,Direktur Bisnis Jasa Keuangan;,579 - SPK dan PKS,perjanjian kerja sama antara balai besar pendidikan dan pelatihan kesejahteraan sosial bbppks padang sekretariat jenderal kementerian sosial dengan pt pos indonesia persero tentang penyaluran dana sarana pendukung pasca pelatihan kegiatan pelatihan pemberdayaan masyarakat melalui program pahlawan ekonomi nusantara pena tahun 2024 nomor pks 107 dir40424 direktur bisnis jasa keuangan,SPK DAN PKS
Perjanjian Kerja Sama antara Balai Besar Pendidikan dan Pelatihan Kesejahteraan Sosial (BBPPKS) Padang Sekretariat Jenderal Kementerian Sosial dengan PT Pos Indonesia (Persero) tentang Penyaluran Dana Sarana Pendukung Pasca Pelatihan Kegiatan Pelatihan Pemberdayaan Masyarakat melalui Program Pahlawan Ekonomi Nusantara (PENA) Tahun 2024 Nomor : PKS 108/ DIR-4/0424,Direktur Bisnis Jasa Keuangan;,580 - SPK dan PKS,perjanjian kerja sama antara balai besar pendidikan dan pelatihan kesejahteraan sosial bbppks padang sekretariat jenderal kementerian sosial dengan pt pos indonesia persero tentang penyaluran dana sarana pendukung pasca pelatihan kegiatan pelatihan pemberdayaan masyarakat melalui program pahlawan ekonomi nusantara pena tahun 2024 nomor pks 108 dir40424 direktur bisnis jasa keuangan,SPK DAN PKS
Perjanjian Kerja Sama antara PT Administrasi Medika dengan PT Pos Indonesia (Persero) tentang Pengiriman Dokuman dan Barang Nomor : PKS 141/DIRUT/0524,Direktur Utama;,581 - SPK dan PKS,perjanjian kerja sama antara pt administrasi medika dengan pt pos indonesia persero tentang pengiriman dokuman dan barang nomor pks 141dirut0524 direktur utama,SPK DAN PKS
Perjanjian Kerja Sama antara PT Pura Barutama dengan PT Pos Indonesia tentang Joint Marketing (Pemasaran Bersama) Nomor : PKS 140/DIRUT/0524,Direktur Utama;,582 - SPK dan PKS,perjanjian kerja sama antara pt pura barutama dengan pt pos indonesia tentang joint marketing pemasaran bersama nomor pks 140dirut0524 direktur utama,SPK DAN PKS
Perjanjian Kerja Sama antara Balai Besar Pendidikan dan Pelatihan Kesejahteraan Sosial (BBPPKS) Yogyakarta Sekretariat Jenderal Kementerian Sosial dengan PT Pos Indonesia (Persero) tentang Penyaluran Dana Sarana Pendukung Pasca Pelatihan Pemberdayaan Masyarakat melalui Program Pahlawan Ekonomi Nusantara (PENA) Tahun 2024 Nomor : PKS 109/DIR-4/0424,Direktur Bisnis Jasa Keuangan;,583 - SPK dan PKS,perjanjian kerja sama antara balai besar pendidikan dan pelatihan kesejahteraan sosial bbppks yogyakarta sekretariat jenderal kementerian sosial dengan pt pos indonesia persero tentang penyaluran dana sarana pendukung pasca pelatihan pemberdayaan masyarakat melalui program pahlawan ekonomi nusantara pena tahun 2024 nomor pks 109dir40424 direktur bisnis jasa keuangan,SPK DAN PKS
Perjanjian Kerja Sama antara Balai Besar Pendidikan dan Pelatihan Kesejahteraan Sosial (BBPPKS) Yogyakarta Sekretariat Jenderal Kementerian Sosial dengan PT Pos Indonesia (Persero) tentang Penyaluran Dana Sarana Pendukung Pasca Pelatihan Pemberdayaan Masyarakat melalui Program Pahlawan Ekonomi Nusantara (PENA) Tahun 2024 Nomor : PKS 110/DIR-4/0424,Direktur Bisnis Jasa Keuangan;,584 - SPK dan PKS,perjanjian kerja sama antara balai besar pendidikan dan pelatihan kesejahteraan sosial bbppks yogyakarta sekretariat jenderal kementerian sosial dengan pt pos indonesia persero tentang penyaluran dana sarana pendukung pasca pelatihan pemberdayaan masyarakat melalui program pahlawan ekonomi nusantara pena tahun 2024 nomor pks 110dir40424 direktur bisnis jasa keuangan,SPK DAN PKS
Perjanjian Kerja Sama antara Balai Besar Pendidikan dan Pelatihan Kesejahteraan Sosial (BBPPKS) Yogyakarta Sekretariat Jenderal Kementerian Sosial dengan PT Pos Indonesia (Persero) tentang Penyaluran Dana Sarana Pendukung Pasca Pelatihan Pemberdayaan Masyarakat melalui Program Pahlawan Ekonomi Nusantara (PENA) Tahun 2024 Nomor : PKS 111/DIR-4/0424,Direktur Bisnis Jasa Keuangan;,585 - SPK dan PKS,perjanjian kerja sama antara balai besar pendidikan dan pelatihan kesejahteraan sosial bbppks yogyakarta sekretariat jenderal kementerian sosial dengan pt pos indonesia persero tentang penyaluran dana sarana pendukung pasca pelatihan pemberdayaan masyarakat melalui program pahlawan ekonomi nusantara pena tahun 2024 nomor pks 111dir40424 direktur bisnis jasa keuangan,SPK DAN PKS
Permohonan Penerbitan Visa DIRUT,Corsec;,587 - Surat Dinas,permohonan penerbitan visa dirut corsec,SURAT DINAS
Perjanjian Kerja Sama antara PT Pos Indonesia (Persero) dengan Yayasan Pos Keadilan Peduli Ummat Human Initiative tentang Distribusi Dana Bantuan dan Pemanfaatan Layanan Jasa Pos Nomor : PKS 146/DIR-4/0524,Direktur Bisnis Jasa Keuangan;,588 - SPK dan PKS,perjanjian kerja sama antara pt pos indonesia persero dengan yayasan pos keadilan peduli ummat human initiative tentang distribusi dana bantuan dan pemanfaatan layanan jasa pos nomor pks 146dir40524 direktur bisnis jasa keuangan,SPK DAN PKS
Perjanjian Kerja Sama antara PT Berbagi Inovasi Teknologi dengan PT Pos Indonesia (Persero) tentang Pengiriman Kiriman Biteship Nomor : PKS 143/SVP Retail Business/0524,SVP Retail Business;,589 - SPK dan PKS,perjanjian kerja sama antara pt berbagi inovasi teknologi dengan pt pos indonesia persero tentang pengiriman kiriman biteship nomor pks 143svp retail business0524 svp retail business,SPK DAN PKS
1. Perjanjian Kerja Sama antara PT Setiap Hari Dipakai dengan PT Pos Indonesia (Persero) tentang Pengiriman Kiriman Marketplace 2. Perjanjian Kerahasiaan (Non Disclosure Agreement) antara PT Pos Indonesia (Persero) dengan PT Setiap Hari Dipakai tentang Pertukaran Data dan/atau Informasi,SVP Retail Business;,590 - SPK dan PKS,1 perjanjian kerja sama antara pt setiap hari dipakai dengan pt pos indonesia persero tentang pengiriman kiriman marketplace 2 perjanjian kerahasiaan non disclosure agreement antara pt pos indonesia persero dengan pt setiap hari dipakai tentang pertukaran data danatau informasi svp retail business,SPK DAN PKS
SPK/PKS karyadi Div Hukum,corsec;,592 - SPK dan PKS,spkpks karyadi div hukum corsec,SPK DAN PKS
Nota Kesepahaman antara PT Pos Indonesia (Persero) dengan Lembaga National Single Window tentang Kolaborasi Peningkatan Kinerja Logistik Nasional,Direktur Utama;,593 - SPK dan PKS,nota kesepahaman antara pt pos indonesia persero dengan lembaga national single window tentang kolaborasi peningkatan kinerja logistik nasional direktur utama,SPK DAN PKS
Perjanjian Kerja Sama antara PT Kirim Paket Integrasi dengan PT Pos Indonesia (Persero) tentang Pengiriman Marketplace Nomor : PKS 118/SVP Retail Business/0424,SVP Retail Business;,594 - SPK dan PKS,perjanjian kerja sama antara pt kirim paket integrasi dengan pt pos indonesia persero tentang pengiriman marketplace nomor pks 118svp retail business0424 svp retail business,SPK DAN PKS
1. Surat Perintah Kerja (SPK) Nomor : 121/SPBT/0424 2. Perjanjian antara PT Pos Indonesia (Persero) dan PT Prestasi Multi Kreasi tentang Pekerjaan Pengadaan Jasa Konsultan Kajian Desain (Design Study) Implementasi Penyelenggaraan Layanan Logistik di Kawasan Ibu Kota Nusantara (IKN) Nomor : 125/SPBT/0424,SVP Strategic Planning and Business Development;,595 - SPK dan PKS,1 surat perintah kerja spk nomor 121spbt0424 2 perjanjian antara pt pos indonesia persero dan pt prestasi multi kreasi tentang pekerjaan pengadaan jasa konsultan kajian desain design study implementasi penyelenggaraan layanan logistik di kawasan ibu kota nusantara ikn nomor 125spbt0424 svp strategic planning and business development,SPK DAN PKS
Permohonan Izin Penelitian,Nur Azizah,596 - Surat Dinas,permohonan izin penelitian nur azizah,SURAT DINAS
Audiensi/Silaturahmi (Ekspedisi II),Dewan Pengurus Pusat SPPI,597 - Surat Dinas,audiensisilaturahmi ekspedisi ii dewan pengurus pusat sppi,SURAT DINAS
Pelaksanaan Rakernas SPPI ke-2 Tahun 2024,Panitia Pelaksana Rakernas SPPI ke-2 Tahun 2024,598 - Surat Dinas,pelaksanaan rakernas sppi ke2 tahun 2024 panitia pelaksana rakernas sppi ke2 tahun 2024,SURAT DINAS
Undangan Expansive Leadership Program,Advisor PT Mediatama Sinergi Emas (MSE),599 - Surat Dinas,undangan expansive leadership program advisor pt mediatama sinergi emas mse,SURAT DINAS
Invitation to the next meeting of the Telematics Cooperative`s International Mail Services User Group,Director of the Postal Technology Centre  Universal Postal Union (UPU),600 - Surat Dinas,invitation to the next meeting of the telematics cooperatives international mail services user group director of the postal technology centre universal postal union upu,SURAT DINAS
SPK/PKS Karyadi Div Hukum,Corsec;,602 - SPK dan PKS,spkpks karyadi div hukum corsec,SPK DAN PKS
Surat Keputusan Nomor : SK 279/Setper/0524 tentang Tim Pengadaan Setempat Divisi Legal Kantor Pusat PT Pos Indonesia (Persero),Corporate Secretary;,603 - SK,surat keputusan nomor sk 279setper0524 tentang tim pengadaan setempat divisi legal kantor pusat pt pos indonesia persero corporate secretary,SK
Risalah Radir  Selasa 4 Juni 2024,Direksi;,604 - risalah,risalah radir selasa 4 juni 2024 direksi,RISALAH
SPK/PKS Karyadi Hukum,Corsec;,606 - pks,spkpks karyadi hukum corsec,PKS
Perjanjian Kerahasiaan antara PT Indonesia Comnets Plus dengan PT Pos Indonesia (Persero) tentang Pertukaran Data dan Informasi,VP Modern Channel Financial Service;,607 - SPK dan PKS,perjanjian kerahasiaan antara pt indonesia comnets plus dengan pt pos indonesia persero tentang pertukaran data dan informasi vp modern channel financial service,SPK DAN PKS
Perjanjian Kerja Sama tentang Layanan Pengangkutan Kiriman Pos Internasional antara PT Pos Indonesia (Persero) dengan PT Stefany Jaya Sentosa Nomor : PKS 136/SVP IPS/0524,SVP International Post Services;,608 - SPK dan PKS,perjanjian kerja sama tentang layanan pengangkutan kiriman pos internasional antara pt pos indonesia persero dengan pt stefany jaya sentosa nomor pks 136svp ips0524 svp international post services,SPK DAN PKS
Adendum atas Perjanjian Kerja Sama Nomor PKS 99/SVP Retail Business/0522 antara PT Pos Indonesia (Persero) dengan PT Gramedia Asri Media tentang Pemanfaatan Layanan Jasa Pos untuk Kiriman Produk Nomor : PKS 134/SVP Retail Business/0524,SVP Retail Business;,609 - SPK dan PKS,adendum atas perjanjian kerja sama nomor pks 99svp retail business0522 antara pt pos indonesia persero dengan pt gramedia asri media tentang pemanfaatan layanan jasa pos untuk kiriman produk nomor pks 134svp retail business0524 svp retail business,SPK DAN PKS
Perjanjian Kerja Sama antara PT Pos Indonesia (Persero) dengan PT Mitra Sentral terpadu tentang Layanan Penerimaan Pembayaran Multi Biller melalui Sistem Online Payment Point Pos,Direktur Bisnis Jasa Keuangan;,610 - SPK dan PKS,perjanjian kerja sama antara pt pos indonesia persero dengan pt mitra sentral terpadu tentang layanan penerimaan pembayaran multi biller melalui sistem online payment point pos direktur bisnis jasa keuangan,SPK DAN PKS
Perjanjian Kerja Sama antara PT Pos Indonesia (Persero) dengan Sekolah Vokasi Universitas Logistik dan Bisnis Internasional tentang Pengembangan dan Penggunaan Chatbot pada Layanan Pos Internasional Nomor : PKS 126/SVP IPS/0524,SVP International Post Services;,611 - SPK dan PKS,perjanjian kerja sama antara pt pos indonesia persero dengan sekolah vokasi universitas logistik dan bisnis internasional tentang pengembangan dan penggunaan chatbot pada layanan pos internasional nomor pks 126svp ips0524 svp international post services,SPK DAN PKS
Adendum Keempat atas Perjanjian Kerja Sama Nomor : PKS 039/ SVP Retail Business/0322 antara PT Shopee International Indonesia dengan PT Pos Indonesia (Persero) tentang Layanan Pengiriman Barang Nomor : PKS 147/SVP Retail Business/0524,SVP Retail Business;,612 - SPK dan PKS,adendum keempat atas perjanjian kerja sama nomor pks 039 svp retail business0322 antara pt shopee international indonesia dengan pt pos indonesia persero tentang layanan pengiriman barang nomor pks 147svp retail business0524 svp retail business,SPK DAN PKS
Perjanjian Kerja Sama antara PT Pos Indonesia (Persero) dengan Jaksa Agung Muda Bidang Perdata dan Tata Usaha Negara Kejaksaan Republik Indonesia tentang Penanganan Masalah Hukum Bidang Perdata dan Tata Usaha Negara Nomor : PKS 093/ DIRUT/0324,Direktur Utama;,613 - SPK dan PKS,perjanjian kerja sama antara pt pos indonesia persero dengan jaksa agung muda bidang perdata dan tata usaha negara kejaksaan republik indonesia tentang penanganan masalah hukum bidang perdata dan tata usaha negara nomor pks 093 dirut0324 direktur utama,SPK DAN PKS
Perjanjian Kerja Sama antara PT Pos Indonesia (Persero) dengan PT Bank Central Asia Tbk tentang Layanan Weselpos Transfer Tunai,SVP Consumer Business;,616 - SPK dan PKS,perjanjian kerja sama antara pt pos indonesia persero dengan pt bank central asia tbk tentang layanan weselpos transfer tunai svp consumer business,SPK DAN PKS
Keputusan Direksi tentang Posaja UMKM,Direktur Bisnis Kurir dan Logistik;,618 - KD,keputusan direksi tentang posaja umkm direktur bisnis kurir dan logistik,KD
Keputusan Direksi Nomor : KD 019/DIRUT/0424 tentang Pedoman Mapping Kode Rekening Laporan Keuangan Konsolidasi Induk dan Anak Perusahaan,Direktur Utama;,619 - KD,keputusan direksi nomor kd 019dirut0424 tentang pedoman mapping kode rekening laporan keuangan konsolidasi induk dan anak perusahaan direktur utama,KD
PKS Karyadi Div Legal,Corsec;,620 - SPK dan PKS,pks karyadi div legal corsec,SPK DAN PKS
Risalah Radir  Selasa 11 Juni 2024,Direksi;,621 - risalah,risalah radir selasa 11 juni 2024 direksi,RISALAH
Rapat Sinkronisasi Program TJSL Tahun 2024,Kepala Badan Perencanaan Pembangunan  Penelitian dan Pengembangan Pemerintah Kota Bandung,622 - Surat Dinas,rapat sinkronisasi program tjsl tahun 2024 kepala badan perencanaan pembangunan penelitian dan pengembangan pemerintah kota bandung,SURAT DINAS
Perjanjian antara PT Pos Indonesia (Persero) dengan PT Dapensi Dwikarya tentang Pekerjaan Pengadaan Sewa Kendaraan Jabatan Executive Manager di Regional V Surabaya Tahun 2024. PKS 137/ DIR-2/0524,Direktur Human Capital Management;,624 - SPK dan PKS,perjanjian antara pt pos indonesia persero dengan pt dapensi dwikarya tentang pekerjaan pengadaan sewa kendaraan jabatan executive manager di regional v surabaya tahun 2024 pks 137 dir20524 direktur human capital management,SPK DAN PKS
Surat Edaran Nomor SE 012/DIR-2/0524 tentang Penyelenggaraan The Best Performasi Award PT Pos Indonesia (Persero)``,Direktur Human Capital Management;,625 - SE,surat edaran nomor se 012dir20524 tentang penyelenggaraan the best performasi award pt pos indonesia persero direktur human capital management,SE
Surat Keputusan Direksi Nomor : SK 616/DIRUT/0424 tentang Perpanjangan Masa Tugas dan Perubahan Susunan Keanggotaan Komite Penerbitan Instrumen Utang PT Pos Indonesia (Persero),Direktur Utama;,626 - SK,surat keputusan direksi nomor sk 616dirut0424 tentang perpanjangan masa tugas dan perubahan susunan keanggotaan komite penerbitan instrumen utang pt pos indonesia persero direktur utama,SK
sponsor pembuatan Visa Direktur Busdev ke Swiss,Corsec;,628 - Surat Dinas,sponsor pembuatan visa direktur busdev ke swiss corsec,SURAT DINAS
Keputusan Direksi tentang Perubahan Pertama atas Keputusan Direksi PT Pos Indonesia (Persero) Nomor : KD 068/DIRUT/0823 tentang Hari dan Jam Kerja,Direktur Utama;,629 - KD,keputusan direksi tentang perubahan pertama atas keputusan direksi pt pos indonesia persero nomor kd 068dirut0823 tentang hari dan jam kerja direktur utama,KD
Undangan Sosialisasi Anti Korupsi,a.n Direktur Jenderal Anggaran  Sekretaris Direktorat Jenderal Anggaran Kementerian Keuangan RI,631 - Surat Dinas,undangan sosialisasi anti korupsi an direktur jenderal anggaran sekretaris direktorat jenderal anggaran kementerian keuangan ri,SURAT DINAS
Risalah Radir  Selasa 18 Juni 2024,Direksi;,632 - risalah,risalah radir selasa 18 juni 2024 direksi,RISALAH
Surat Sponsor Visa,Corsec;,635 - Surat Dinas,surat sponsor visa corsec,SURAT DINAS
Surat Sponsor Visa,Corsec;,636 - Surat Dinas,surat sponsor visa corsec,SURAT DINAS
Sponsor Visa,Corsec;,637 - Surat Dinas,sponsor visa corsec,SURAT DINAS
Permohonan Wawancara,CEO Investortrust,638 - Surat Dinas,permohonan wawancara ceo investortrust,SURAT DINAS
Persetujuan Permohonan Menjalankan Cuti Sdr. Faizal R. Djoemadi,Komisaris Utama,639 - Surat Dinas,persetujuan permohonan menjalankan cuti sdr faizal r djoemadi komisaris utama,SURAT DINAS
Permintaan Penjelasan,Dewan Pengurus Pusat Serikat Pekerja Pos Indonesia,640 - Surat Dinas,permintaan penjelasan dewan pengurus pusat serikat pekerja pos indonesia,SURAT DINAS
Ucapan Selamat dan Sukses Presiden dan Wakil Presiden,Pengurus Badan Pembina Pensiunan Pegawai (BP-3) Perhubungan,641 - Surat Dinas,ucapan selamat dan sukses presiden dan wakil presiden pengurus badan pembina pensiunan pegawai bp3 perhubungan,SURAT DINAS
Undangan Partisipasi Sukoharjo Expo 2024,Bupati Sukoharjo,642 - Surat Dinas,undangan partisipasi sukoharjo expo 2024 bupati sukoharjo,SURAT DINAS
Undangan Partisipasi Wonosobo Festival UKM Expo 2024,Bupati Wonosobo,643 - Surat Dinas,undangan partisipasi wonosobo festival ukm expo 2024 bupati wonosobo,SURAT DINAS
PKS Karyadi Div Hukum,Corsec;,646 - SPK dan PKS,pks karyadi div hukum corsec,SPK DAN PKS
Nota Kesepahaman antara Kementerian Pemuda dan Olahraga dengan PT Pos Indonesia (Persero) tentang Layanan Jasa Penyelenggaraan Pos di Bidang Kepemudaan dan Keolahragaan,Direktur Bisnis Kurir dan Logistik;,647 - SPK dan PKS,nota kesepahaman antara kementerian pemuda dan olahraga dengan pt pos indonesia persero tentang layanan jasa penyelenggaraan pos di bidang kepemudaan dan keolahragaan direktur bisnis kurir dan logistik,SPK DAN PKS
Perjanjian Kerja Waktu Tertentu antara PT Pos Indonesia (Persero) dengan Felix Heru Wibowo sebagai Tenaga Kerja Profesional Perusahaan Nomor : PKS 088/DIR-3/0324,Direktur Operasi dan Digital Services;,648 - pks,perjanjian kerja waktu tertentu antara pt pos indonesia persero dengan felix heru wibowo sebagai tenaga kerja profesional perusahaan nomor pks 088dir30324 direktur operasi dan digital services,PKS
Permohonan Dukungan Aksi Penyampaian Pendapat di Muka Umum,Dewan Pengurus Pusat SPPI Kuat Bermartabat,649 - Surat Dinas,permohonan dukungan aksi penyampaian pendapat di muka umum dewan pengurus pusat sppi kuat bermartabat,SURAT DINAS
Pemberitahuan Aksi Penyampaian Pendapat di Muka Umum,Dewan Pengurus Pusat SPPI Kuat Bermartabat,650 - Surat Dinas,pemberitahuan aksi penyampaian pendapat di muka umum dewan pengurus pusat sppi kuat bermartabat,SURAT DINAS
Keputusan Direksi Nomor : KD 028/DIRUT/0524 tentang Perubahan Keempat atas Keputusan Direksi PT Pos Indonesia (Persero) Nomor : KD 013/DIRUT/0323 tentang Organisasi dan Tata Kerja,Direktur Utama;,651 - KD,keputusan direksi nomor kd 028dirut0524 tentang perubahan keempat atas keputusan direksi pt pos indonesia persero nomor kd 013dirut0323 tentang organisasi dan tata kerja direktur utama,KD
1. Surat Perintah Kerja (SPK) Nomor : SPK 564/DIR-1/0624 2. Perjanjian antara PT Pos Indonesia (Persero) dengan KAP Hendrawinata Hanny Erwin & Sumargo tentang Pekerjaan Pengadaan Jasa Audit pada PT Pos Indonesia (Persero) untuk Laporan Keuangan Interim untuk Periode yang Berakhir pada Tanggal 30 Juni 2024 Nomor : PKS 168/DIR-1/0624,Direktur Keuangan dan Manajemen Risiko;,652 - pks,1 surat perintah kerja spk nomor spk 564dir10624 2 perjanjian antara pt pos indonesia persero dengan kap hendrawinata hanny erwin sumargo tentang pekerjaan pengadaan jasa audit pada pt pos indonesia persero untuk laporan keuangan interim untuk periode yang berakhir pada tanggal 30 juni 2024 nomor pks 168dir10624 direktur keuangan dan manajemen risiko,PKS
Perjanjian antara PT Pos Indonesia (Persero) dengan Fakultas Ekonomi dan Bisnis Universitas Padjajaran tentang Pekerjaan Pengadaan Jasa Konsultan Pendampingan Implementasi Core Values AKHLAK dan Penguatan Budaya Digital di PT Pos Indonesia (Persero) Nomor : 85/HCPS/0324,SVP Human Capital Policy and Strategy;,653 - SPK dan PKS,perjanjian antara pt pos indonesia persero dengan fakultas ekonomi dan bisnis universitas padjajaran tentang pekerjaan pengadaan jasa konsultan pendampingan implementasi core values akhlak dan penguatan budaya digital di pt pos indonesia persero nomor 85hcps0324 svp human capital policy and strategy,SPK DAN PKS
Perjanjian Kerja Sama antara PT BCA Multi Finance dengan PT Pos Indonesia (Persero) tentang Penerimaan Pembayaran Angsuran Kredit secara Online Nomor : PKS 122/DIR-4/0524,Direktur Bisnis Jasa Keuangan;,654 - SPK dan PKS,perjanjian kerja sama antara pt bca multi finance dengan pt pos indonesia persero tentang penerimaan pembayaran angsuran kredit secara online nomor pks 122dir40524 direktur bisnis jasa keuangan,SPK DAN PKS
SPK/PKS Karyadi Div Hukum,Corsec;,655 - SPK dan PKS,spkpks karyadi div hukum corsec,SPK DAN PKS
1. Perjanjian antara PT Pos Indonesia (Persero) dengan PT Strategi Transforma Infiniti (Patria & Co.) tentang Pengadaan Pekerjaan Jasa Penataan Dashboard Corporate Performance PT Pos Indonesia (Persero) Tahun 2024 Nomor : 198/SPBT/0624 2. Surat Perintah Kerja (SPK) Nomor : 193/SPBT/0624,SVP Strategic Planning and Business Development;,656 - SPK dan PKS,1 perjanjian antara pt pos indonesia persero dengan pt strategi transforma infiniti patria co tentang pengadaan pekerjaan jasa penataan dashboard corporate performance pt pos indonesia persero tahun 2024 nomor 198spbt0624 2 surat perintah kerja spk nomor 193spbt0624 svp strategic planning and business development,SPK DAN PKS
Keputusan Direksi tentang Perubahan Pertama KD 076/DIR-2/1123 tentang Tunjangan Khusus Daerah Terdepan  Terluar  Tertinggal bagi Karyawan/Calon Karyawan dan Tenaga Kontrak di Kantor Layanan Pos Universal,Direktur Human Capital Management;,657 - KD,keputusan direksi tentang perubahan pertama kd 076dir21123 tentang tunjangan khusus daerah terdepan terluar tertinggal bagi karyawancalon karyawan dan tenaga kontrak di kantor layanan pos universal direktur human capital management,KD
Perjanjian Kerahasiaan antara PT Pos Indonesia (Persero) dengan PT Putra Perdana Internasional tentang Pertukaran Data dan/atau Informasi Nomor : NDA 170/HCSBP/0624,SVP Human Capital Services and Business Partner;,658 - SPK dan PKS,perjanjian kerahasiaan antara pt pos indonesia persero dengan pt putra perdana internasional tentang pertukaran data danatau informasi nomor nda 170hcsbp0624 svp human capital services and business partner,SPK DAN PKS
Perjanjian Kerja Sama antara PT Pos Indonesia (Persero) dengan PT Alphanovation Digital Teknindo tentang Pemanfaatan Layanan Aplikasi Point of Sale (Pos) Pawoon melalui Pospay Agen dan Merchant Qrispos serta Cross Selling Penjualan Motor Volta Nomor : PKS 169/SVP Consumer Business/2024,SVP Consumer Business;,659 - SPK dan PKS,perjanjian kerja sama antara pt pos indonesia persero dengan pt alphanovation digital teknindo tentang pemanfaatan layanan aplikasi point of sale pos pawoon melalui pospay agen dan merchant qrispos serta cross selling penjualan motor volta nomor pks 169svp consumer business2024 svp consumer business,SPK DAN PKS
Adendum Perjanjian Kerja Sama Nomor : PKS 012/DIR-4/0124 antara Direktorat Pemberdayaan Kelompok Rentan Direktorat Jenderal Pemberdayaan Sosial Kementerian Sosial dengan PT Pos Indonesia (Persero) tentang Penyaluran Program Sembako Tahun 2024 Nomor : PKS 173/DIR-4/2024,Direktur Bisnis Jasa Keuangan;,661 - SPK dan PKS,adendum perjanjian kerja sama nomor pks 012dir40124 antara direktorat pemberdayaan kelompok rentan direktorat jenderal pemberdayaan sosial kementerian sosial dengan pt pos indonesia persero tentang penyaluran program sembako tahun 2024 nomor pks 173dir42024 direktur bisnis jasa keuangan,SPK DAN PKS
Risalah Radir  Selasa 25 Juni 2024,Direksi;,662 - risalah,risalah radir selasa 25 juni 2024 direksi,RISALAH
Adendum Ketiga atas Perjanjian Kerja Sama Nomor : PKS 139/ DIR-4/0720 antara Koperasi Simpan Pinjam Nusantara dengan PT Pos Indonesia (Persero) tentang Kerja Sama Operasi Pelayanan Jasa Keuangan Bagi Pensiunan Secara Terintegrasi Nomor : PKS 151/DIR-4/0624,Direktur Bisnis Jasa Keuangan;,664 - SPK dan PKS,adendum ketiga atas perjanjian kerja sama nomor pks 139 dir40720 antara koperasi simpan pinjam nusantara dengan pt pos indonesia persero tentang kerja sama operasi pelayanan jasa keuangan bagi pensiunan secara terintegrasi nomor pks 151dir40624 direktur bisnis jasa keuangan,SPK DAN PKS
Permohonan Rekomendasi Penghapusbukuan Aktiva Tetap Sebagian Bangunan Kantor Cabang Utama (KCU) Balikpapan 76100,Direktur utama;,665 - Surat Dinas,permohonan rekomendasi penghapusbukuan aktiva tetap sebagian bangunan kantor cabang utama kcu balikpapan 76100 direktur utama,SURAT DINAS
Perjanjian Kerahasiaan antara PT Pos Indonesia (Persero) dengan PT Tata Sarana Makmur tentang Pertukaran Data dan Informasi Nomor : NDA 177/SVP Consumer Business/2024,Pj VP Product Management;,666 - SPK dan PKS,perjanjian kerahasiaan antara pt pos indonesia persero dengan pt tata sarana makmur tentang pertukaran data dan informasi nomor nda 177svp consumer business2024 pj vp product management,SPK DAN PKS
Perjanjian Kerja Sama antara PT Taspen (Persero) dengan PT Pos Indonesia (Persero) tentang Pembayaran tabungan Hari Tua  Pensiun  Jaminan Kecelakaan Kerja dan Jaminan Kematian melalui Rekening Nomor : PKS 174/DIR-4/0624,Direktur Bisnis Jasa Keuangan;,667 - SPK dan PKS,perjanjian kerja sama antara pt taspen persero dengan pt pos indonesia persero tentang pembayaran tabungan hari tua pensiun jaminan kecelakaan kerja dan jaminan kematian melalui rekening nomor pks 174dir40624 direktur bisnis jasa keuangan,SPK DAN PKS
Surat Rekomendasi Herdiantyara,VP Kesekretariatan;,669 - Surat Dinas,surat rekomendasi herdiantyara vp kesekretariatan,SURAT DINAS
Surat sponsor Direktur Bisnis Kurir dan Logistik ke Dubes UK,VP Corcomm;,670 - Surat Dinas,surat sponsor direktur bisnis kurir dan logistik ke dubes uk vp corcomm,SURAT DINAS
Keputusan Direksi tentang Perubahan Kedua atas keputusan Direksi PT Pos Indonesia (Persero) Nomor : KD 010/DIRUT/0223 tentang pemutusan Hubungan Kerja di Lingkungan PT Pos Indonesia (Persero),Direktur Utama;,671 - KD,keputusan direksi tentang perubahan kedua atas keputusan direksi pt pos indonesia persero nomor kd 010dirut0223 tentang pemutusan hubungan kerja di lingkungan pt pos indonesia persero direktur utama,KD
Permohonan Kenaikan Limit Kartu Kredit Corsec,BNI;,672 - Surat Dinas,permohonan kenaikan limit kartu kredit corsec bni,SURAT DINAS
Ralat Undangan Penandatanganan MOU Kemenpora,Corsec;,673 - Surat Dinas,ralat undangan penandatanganan mou kemenpora corsec,SURAT DINAS
Reminer ke-8 Informasi Outstanding Piutang,Direktur PT Antero Bahana Cemerlang,675 - Surat Dinas,reminer ke8 informasi outstanding piutang direktur pt antero bahana cemerlang,SURAT DINAS
Permohonan benchmarking Kepatuhan  Tata Kelola Organisasi  Kehumasan dan TJSL ke PT Pos Indonesia (persero),Direktur Utama Perum DAMRI,676 - Surat Dinas,permohonan benchmarking kepatuhan tata kelola organisasi kehumasan dan tjsl ke pt pos indonesia persero direktur utama perum damri,SURAT DINAS
--,Dewan Pengurus Wilayah 9 SPPI Kuat Bermartabat Kalimantan,677 - Surat Dinas,dewan pengurus wilayah 9 sppi kuat bermartabat kalimantan,SURAT DINAS
Surat permohonan Sponsorship,Direktur PT Azelvi Media Digital,678 - Surat Dinas,surat permohonan sponsorship direktur pt azelvi media digital,SURAT DINAS
"Undangan Zoom Penjurian ""IHCA-Indonesia Human Capital Award-X-2024""",Indonesia Human Capital Award X-2024,679 - Surat Dinas,undangan zoom penjurian ihcaindonesia human capital awardx2024 indonesia human capital award x2024,SURAT DINAS
1. Penawaran Pelatihan Pembekalan Mental dan Kewirausahaan Pegawai sebagai Penghargaan (Reward) menjelang purna bakti. 2. Proposal Penawaran Pelayanan Prima. 3. Penawaran Pelatihan Keprotokolan Negara dan MC,PT Arseta Karya Utama,680 - Surat Dinas,1 penawaran pelatihan pembekalan mental dan kewirausahaan pegawai sebagai penghargaan reward menjelang purna bakti 2 proposal penawaran pelayanan prima 3 penawaran pelatihan keprotokolan negara dan mc pt arseta karya utama,SURAT DINAS
Undangan Menghadiri Talkshow KALISTA pada GIIAS 2024,Presiden Direktur PT Kalista Nusa Armada,681 - Surat Dinas,undangan menghadiri talkshow kalista pada giias 2024 presiden direktur pt kalista nusa armada,SURAT DINAS
Proposal Penawaran Event,PIC Marketing Event,682 - Surat Dinas,proposal penawaran event pic marketing event,SURAT DINAS
Permohonan Sponsorship Jabar Islamic Economic Festival,Pengurus dan Panitia JIEF ke 8 Masyarakat Ekonomi Syariah Jawa Barat (MES-JABAR),683 - Surat Dinas,permohonan sponsorship jabar islamic economic festival pengurus dan panitia jief ke 8 masyarakat ekonomi syariah jawa barat mesjabar,SURAT DINAS
Permintaan Klarifikasi II,Kepala Perwakilan Ombudsman Republik Indonesia Povinsi Jawa Barat,684 - Surat Dinas,permintaan klarifikasi ii kepala perwakilan ombudsman republik indonesia povinsi jawa barat,SURAT DINAS
Proposal Lebaran Yatim Muharram 1446 H,Ketua Dompet Dana Umat (DDU) Daarul Uluum,685 - Surat Dinas,proposal lebaran yatim muharram 1446 h ketua dompet dana umat ddu daarul uluum,SURAT DINAS
Adendum Ketiga Perjanjian Jasa Angkutan Pendistribusian Bantuan Pangan Cadangan Beras Pemerintah Tahun 2024 antara PERUM BULOG dengan PT Pos Indonesia (Persero) Nomor : PKS 001/DIRUT/0124 Nomor Adendum Ketiga : PKS 179/ DIRUT/0624,Direktur Utama;,687 - SPK dan PKS,adendum ketiga perjanjian jasa angkutan pendistribusian bantuan pangan cadangan beras pemerintah tahun 2024 antara perum bulog dengan pt pos indonesia persero nomor pks 001dirut0124 nomor adendum ketiga pks 179 dirut0624 direktur utama,SPK DAN PKS
Adendum Kedua Perjanjian Jasa Angkutan Pendistribusian Bantuan Pangan Cadangan Beras Pemerintah Tahun 2024 antara PERUM BULOG dengan PT Pos Indonesia (Persero) Nomor : PKS 001/ DIRUT/0124 Nomor Adendum Kedua : PKS 176/DIRUT/0624,Direktur Utama;,688 - SPK dan PKS,adendum kedua perjanjian jasa angkutan pendistribusian bantuan pangan cadangan beras pemerintah tahun 2024 antara perum bulog dengan pt pos indonesia persero nomor pks 001 dirut0124 nomor adendum kedua pks 176dirut0624 direktur utama,SPK DAN PKS
Adendum Pertama atas Perjanjian Kerja Sama Nomor : PKS 079/ DIR-4/0424 antara PT Pos Indonesia (Persero) dengan KSPPS Manunggal Makmur tentang Pemotongan Uang Pensiun untuk Angsuran Kredit Pensiun dan Pemeliharaan Data (Flagging) Pegawai Negeri Sipil/Aparatur Sipil Negara/TNI/POLRI dan Pensiunan yang Memperoleh Kredit melalui KSPPS Manunggal Makmur Nomor : PKS 157/SVP Government and Corporate Business/0624,SVP Government and Corporate Business;,689 - SPK dan PKS,adendum pertama atas perjanjian kerja sama nomor pks 079 dir40424 antara pt pos indonesia persero dengan kspps manunggal makmur tentang pemotongan uang pensiun untuk angsuran kredit pensiun dan pemeliharaan data flagging pegawai negeri sipilaparatur sipil negaratnipolri dan pensiunan yang memperoleh kredit melalui kspps manunggal makmur nomor pks 157svp government and corporate business0624 svp government and corporate business,SPK DAN PKS
Adendum Pertama atas Perjanjian Kerja Sama Nomor : PKS 138/ DIR-4/0722 antara PT Pos Indonesia (Persero) dengan BPR Eka Bumi Artha tentang Pemotongan Uang Pensiun untuk Angsuran Kredit Pensiun dan Pemeliharaan Data (Flagging) Pegawai Negeri Sipil/Aparatur Sipil Negara/TNI/POLRI dan Pensiunan yang Memperoleh Kredit melalui BPR Eka Bumi Artha Nomor : PKS 159/SVP Government and Corporate Business/0624,SVP Government and Corporate Busines;,690 - SPK dan PKS,adendum pertama atas perjanjian kerja sama nomor pks 138 dir40722 antara pt pos indonesia persero dengan bpr eka bumi artha tentang pemotongan uang pensiun untuk angsuran kredit pensiun dan pemeliharaan data flagging pegawai negeri sipilaparatur sipil negaratnipolri dan pensiunan yang memperoleh kredit melalui bpr eka bumi artha nomor pks 159svp government and corporate business0624 svp government and corporate busines,SPK DAN PKS
Adendum Pertama atas Perjanjian Kerja Sama Nomor : PKS 155DIR-4/0822 antara PT Pos Indonesia (Persero) dengan Bank BTPN Tbk tentang Pemotongan Uang Pensiun untuk Angsuran Kredit Pensiun dan Pemeliharaan Data (Flagging) Pegawai Negeri Sipil/Aparatur Sipil Negara/TNI/POLRI dan Pensiunan yang Memperoleh Kredit melalui Bank BTPN Tbk Nomor : PKS 152/ DIR-4/0624,Direktur Bisnis Jasa Keuangan;,691 - SPK dan PKS,adendum pertama atas perjanjian kerja sama nomor pks 155dir40822 antara pt pos indonesia persero dengan bank btpn tbk tentang pemotongan uang pensiun untuk angsuran kredit pensiun dan pemeliharaan data flagging pegawai negeri sipilaparatur sipil negaratnipolri dan pensiunan yang memperoleh kredit melalui bank btpn tbk nomor pks 152 dir40624 direktur bisnis jasa keuangan,SPK DAN PKS
Adendum Pertama atas Perjanjian Kerja Sama Nomor : PKS 003DIR-4/0123 antara PT Pos Indonesia (Persero) dengan Koperasi Simpan Pinjam Nasari tentang Pemotongan Uang Pensiun untuk Angsuran Kredit Pensiun dan Pemeliharaan Data (Flagging) Pegawai Negeri Sipil/Aparatur Sipil Negara/TNI/POLRI dan Pensiunan yang Memperoleh Kredit melalui Koperasi Simpan Pinjam Nasari Nomor : PKS 161/SVP Government and Corporate Business/0624,SVP Government and Corporate Business;,692 - SPK dan PKS,adendum pertama atas perjanjian kerja sama nomor pks 003dir40123 antara pt pos indonesia persero dengan koperasi simpan pinjam nasari tentang pemotongan uang pensiun untuk angsuran kredit pensiun dan pemeliharaan data flagging pegawai negeri sipilaparatur sipil negaratnipolri dan pensiunan yang memperoleh kredit melalui koperasi simpan pinjam nasari nomor pks 161svp government and corporate business0624 svp government and corporate business,SPK DAN PKS
Keputusan Direksi Nomor KD 009/DIRUT/0224 tentang Pembayaran Jasa Produksi Tahun 2023,Direktur Utama;,693 - KD,keputusan direksi nomor kd 009dirut0224 tentang pembayaran jasa produksi tahun 2023 direktur utama,KD
Perjanjian antara PT Pos Indonesia (Persero) dengan Perusahaan Perseroan (Persero) PT Telekomunikasi Indonesia Tbk tentang Pekerjaan Pengadaan Manage Service Wifi Internet Tahun 2024 Nomor : 607/Subdit DS/0324,SVP Digital Services;,694 - SPK dan PKS,perjanjian antara pt pos indonesia persero dengan perusahaan perseroan persero pt telekomunikasi indonesia tbk tentang pekerjaan pengadaan manage service wifi internet tahun 2024 nomor 607subdit ds0324 svp digital services,SPK DAN PKS
Nota Kesepahaman antara Kementerian Luar Negeri Republik Indonesia dan PT Pos Indonesia (Persero) tentang Pemanfaatan Layanan Jasa dan Potensi di Bidang Pos dan Logistik Nomor : MOU 162/DIRUT/0624,Direktur Utama;,695 - SPK dan PKS,nota kesepahaman antara kementerian luar negeri republik indonesia dan pt pos indonesia persero tentang pemanfaatan layanan jasa dan potensi di bidang pos dan logistik nomor mou 162dirut0624 direktur utama,SPK DAN PKS
Adendum Pertama atas Perjanjian Kerja Sama Nomor : PKS 345/ SVP Government and Corporate Business/1223 antara PT Pos Indonesia (Persero) dengan Koperasi Jasa Danamitra Utama tentang Pemotongan Uang Pensiun untuk Angsuran Kredit Pensiun dan Pemeliharaan Data (Flagging) Pegawai Negeri Sipil/Aparatur Sipil Negara/TNI/POLRI dan Pensiunan yang Memperoleh Kredit melalui Koperasi Jasa Danamitra Utama Nomor : PKS 155/SVP Government and Corporate Business/0624,SVP Government and Corporate Business;,696 - SPK dan PKS,adendum pertama atas perjanjian kerja sama nomor pks 345 svp government and corporate business1223 antara pt pos indonesia persero dengan koperasi jasa danamitra utama tentang pemotongan uang pensiun untuk angsuran kredit pensiun dan pemeliharaan data flagging pegawai negeri sipilaparatur sipil negaratnipolri dan pensiunan yang memperoleh kredit melalui koperasi jasa danamitra utama nomor pks 155svp government and corporate business0624 svp government and corporate business,SPK DAN PKS
Perjanjian Kerja Sama antara PT Pos Indonesia (Persero) dengan PT Bank Perekonomian Rakyat Modern Express tentang Pemotongan Uang Pensiun untuk Angsuran Kredit Pensiun dan Pemeliharaan Data (Flagging) Pegawai Negeri Sipil/Aparatur Sipil Negara/TNI/POLRI dan Pensiunan yang Memperoleh Kredit melalui PT BPR Modern Express Nomor : PKS 160/SVP Government and Corporate Business/0524,SVP Government and Corporate Business;,697 - SPK dan PKS,perjanjian kerja sama antara pt pos indonesia persero dengan pt bank perekonomian rakyat modern express tentang pemotongan uang pensiun untuk angsuran kredit pensiun dan pemeliharaan data flagging pegawai negeri sipilaparatur sipil negaratnipolri dan pensiunan yang memperoleh kredit melalui pt bpr modern express nomor pks 160svp government and corporate business0524 svp government and corporate business,SPK DAN PKS
Perjanjian Kerja Sama antara PT Taspen (persero) dengan PT Pos Indonesia (persero) tentang Pemeliharaan Data Pegawai Negeri Sipil dan Pensiunan yang Memperoleh Kredit/Pembiayaan pada PT Pos Indonesia (Persero),Direktur Bisnis Jasa Keuangan;,698 - SPK dan PKS,perjanjian kerja sama antara pt taspen persero dengan pt pos indonesia persero tentang pemeliharaan data pegawai negeri sipil dan pensiunan yang memperoleh kreditpembiayaan pada pt pos indonesia persero direktur bisnis jasa keuangan,SPK DAN PKS
Adendum Pertama atas Perjanjian Kerja Sama Nomor : PKS 249/ SVP/1023 antara PT Pos Indonesia (Persero) dengan Pusat Koperasi Pedagang Kecil (Puskopak) tentang Pemotongan Uang Pensiun untuk Angsuran Kredit Pensiun dan Pemeliharaan Data (Flagging) Pegawai Negeri Sipil/Aparatur Sipil Negara/TNI/POLRI dan Pensiunan yang Memperoleh Kredit melalui Koperasi Puskopak Nomor : PKS 158/SVP Government and Corporate Business/0624,SVP Government and Corporate Business;,699 - SPK dan PKS,adendum pertama atas perjanjian kerja sama nomor pks 249 svp1023 antara pt pos indonesia persero dengan pusat koperasi pedagang kecil puskopak tentang pemotongan uang pensiun untuk angsuran kredit pensiun dan pemeliharaan data flagging pegawai negeri sipilaparatur sipil negaratnipolri dan pensiunan yang memperoleh kredit melalui koperasi puskopak nomor pks 158svp government and corporate business0624 svp government and corporate business,SPK DAN PKS
Adendum Pertama atas Perjanjian Kerja Sama Nomor : PKS 248/ SVP/1023 antara PT Pos Indonesia (Persero) dengan Koperasi Jasa Serba Usaha Potra tentang Pemotongan Uang Pensiun untuk Angsuran Kredit Pensiun dan Pemeliharaan Data (Flagging) Pegawai Negeri Sipil/Aparatur Sipil Negara/TNI/POLRI dan Pensiunan yang Memperoleh Kredit melalui Koperasi Jasa Serba Usaha Potra Nomor : PKS 154/SVP Government and Corporate Business/0624,SVP Government and Corporate Business;,700 - SPK dan PKS,adendum pertama atas perjanjian kerja sama nomor pks 248 svp1023 antara pt pos indonesia persero dengan koperasi jasa serba usaha potra tentang pemotongan uang pensiun untuk angsuran kredit pensiun dan pemeliharaan data flagging pegawai negeri sipilaparatur sipil negaratnipolri dan pensiunan yang memperoleh kredit melalui koperasi jasa serba usaha potra nomor pks 154svp government and corporate business0624 svp government and corporate business,SPK DAN PKS
Adendum Pertama atas Perjanjian Kerja Sama Nomor : PKS 344/ SVP Government and Corporate Business/1223 antara PT Pos Indonesia (Persero) dengan Koperasi Simpan Pinjam Mekarsari tentang Pemotongan Uang Pensiun untuk Angsuran Kredit Pensiun dan Pemeliharaan Data (Flagging) Pegawai Negeri Sipil/Aparatur Sipil Negara/TNI/POLRI dan Pensiunan yang Memperoleh Kredit melalui Koperasi Simpan Pinjam Mekarsari Nomor : PKS 156/SVP Government and Corporate Business/0624,SVP Government and Corporate Business;,701 - SPK dan PKS,adendum pertama atas perjanjian kerja sama nomor pks 344 svp government and corporate business1223 antara pt pos indonesia persero dengan koperasi simpan pinjam mekarsari tentang pemotongan uang pensiun untuk angsuran kredit pensiun dan pemeliharaan data flagging pegawai negeri sipilaparatur sipil negaratnipolri dan pensiunan yang memperoleh kredit melalui koperasi simpan pinjam mekarsari nomor pks 156svp government and corporate business0624 svp government and corporate business,SPK DAN PKS
Adendum Perjanjian Kerja Sama Nomor : PKS 021/DIR-4/0124 antara Direktorat Jaminan Sosial Direktorat Jenderal Perlindungan dan Jaminan Sosial Kementerian Sosial dengan PT Pos Indonesia (Persero) tentang Penyaluran Bantuan Sosial Program Keluarga Harapan Tahun 2024 PKS 180/DIR-4/0624,Direktur Bisnis Jasa Keuangan;,702 - SPK dan PKS,adendum perjanjian kerja sama nomor pks 021dir40124 antara direktorat jaminan sosial direktorat jenderal perlindungan dan jaminan sosial kementerian sosial dengan pt pos indonesia persero tentang penyaluran bantuan sosial program keluarga harapan tahun 2024 pks 180dir40624 direktur bisnis jasa keuangan,SPK DAN PKS
Keputusan Direksi tentang Efisiensi melalui Program Rightsizing Tahun 2024,Direktur Utama;,703 - KD,keputusan direksi tentang efisiensi melalui program rightsizing tahun 2024 direktur utama,KD
Perjanjian Kerja Sama antara Palang Merah Indonesia dengan PT Pos Indonesia (Persero) tentang Penyaluran Bantuan Non Tunai melalui Jaringan Weselpos Nomor : PKS 178/DIR-4/2024,Direktur Bisnis Jasa Keuangan;,704 - SPK dan PKS,perjanjian kerja sama antara palang merah indonesia dengan pt pos indonesia persero tentang penyaluran bantuan non tunai melalui jaringan weselpos nomor pks 178dir42024 direktur bisnis jasa keuangan,SPK DAN PKS
Permohonan Kenaikan Limit Kartu Kredit,BNI;,705 - Surat Dinas,permohonan kenaikan limit kartu kredit bni,SURAT DINAS
Risalah Radir  Selasa 2 Juli 2024,Direksi;,706 - risalah,risalah radir selasa 2 juli 2024 direksi,RISALAH
SPK Karyadi Div Hukum,Corsec;,707 - SPK dan PKS,spk karyadi div hukum corsec,SPK DAN PKS
Surat Keputusan Direksi PT Pos Indonesia (Persero) tentang Satuan Tugas Tim Fokus Rightsizing (TFR),Direktur Human Capital Management;,708 - SK,surat keputusan direksi pt pos indonesia persero tentang satuan tugas tim fokus rightsizing tfr direktur human capital management,SK
Permohonan Izin Persetujuan Penghapusbukuan dan Pemindahtanganan dalam bentuk Scrap Aktiva Barang Inventaris Milik PT Pos Indonesia (Persero) Tahun 2024,Direktur Utama;,710 - Surat Dinas,permohonan izin persetujuan penghapusbukuan dan pemindahtanganan dalam bentuk scrap aktiva barang inventaris milik pt pos indonesia persero tahun 2024 direktur utama,SURAT DINAS
Perjanjian Kerja Waktu Tertentu antara PT Pos Indonesia (Persero) dengan Moko Mahadianto sebagai Tenaga Kerja Profesional Perusahaan Nomor : PKS 129/DIR-1/0524,Direktur Keuangan dan Manajemen Risiko;,711 - SPK dan PKS,perjanjian kerja waktu tertentu antara pt pos indonesia persero dengan moko mahadianto sebagai tenaga kerja profesional perusahaan nomor pks 129dir10524 direktur keuangan dan manajemen risiko,SPK DAN PKS
Perjanjian Kerja Waktu Tertentu antara PT Pos Indonesia (Persero) dengan Agung Dwi Handayanto sebagai Tenaga Kerja Profesional Perusahaan Nomor : PKS 130/DIR-1/0524,Direktur Keuangan dan Manajemen Risiko;,712 - SPK dan PKS,perjanjian kerja waktu tertentu antara pt pos indonesia persero dengan agung dwi handayanto sebagai tenaga kerja profesional perusahaan nomor pks 130dir10524 direktur keuangan dan manajemen risiko,SPK DAN PKS
Kelengkapan Dokumen Penghapusbukuan dan Pemindahtanganan Aset Tetap PT Pos Indonesia (Persero),Direktur Utama;,713 - Surat Dinas,kelengkapan dokumen penghapusbukuan dan pemindahtanganan aset tetap pt pos indonesia persero direktur utama,SURAT DINAS
Risalah Radir  Selasa 9 Juli 2024,Direksi;,714 - risalah,risalah radir selasa 9 juli 2024 direksi,RISALAH
Perjanjian Kerahasiaan (non disclosure agreement) antara PT Pos Indonesia (Persero) dengan PT Setiap Hari Dipakai tentang Pertukaran dan/atau Informasi Nomor : NDA 144/SVP Retail Business,SVP Retail Business;,715 - SPK dan PKS,perjanjian kerahasiaan non disclosure agreement antara pt pos indonesia persero dengan pt setiap hari dipakai tentang pertukaran danatau informasi nomor nda 144svp retail business svp retail business,SPK DAN PKS
SPK/PKS Karyadi Div Hukum,Corsec;,716 - SPK dan PKS,spkpks karyadi div hukum corsec,SPK DAN PKS
Permintaan Keterangan dan Data,a.n Direktur Tindak Pidana Umum  Kasubdit I  Badan Reserse Kriminal POLRI,717 - Surat Dinas,permintaan keterangan dan data an direktur tindak pidana umum kasubdit i badan reserse kriminal polri,SURAT DINAS
Undangan Klarifikasi,a.n Direktur Tindak Pidana Ekonomi dan Khusus. Kasubdit I  Badan Reserse Kriminal POLRI,718 - Surat Dinas,undangan klarifikasi an direktur tindak pidana ekonomi dan khusus kasubdit i badan reserse kriminal polri,SURAT DINAS
Permohonan Audiensi,Kepala Badan Pelindungan Pekerja Migran Indonesia,719 - Surat Dinas,permohonan audiensi kepala badan pelindungan pekerja migran indonesia,SURAT DINAS
Kunjungan Kerja Presiden RI,Perum Bulog,720 - Surat Dinas,kunjungan kerja presiden ri perum bulog,SURAT DINAS
"Dukungan Sponsorship ""CEO Talk Alumni 5 PTN Leadership Series""",Kepala Pusat Kajian Kebijakan Publik  Bisnis dan Industri ITS,721 - Surat Dinas,dukungan sponsorship ceo talk alumni 5 ptn leadership series kepala pusat kajian kebijakan publik bisnis dan industri its,SURAT DINAS
Ajuan Hadiah Kaki Palsu pada HUT PT Pos Indonesia ke 278,Head of Strategic Partnership Visi Maha Karya,722 - proposal,ajuan hadiah kaki palsu pada hut pt pos indonesia ke 278 head of strategic partnership visi maha karya,PROPOSAL
Laporan Pelaksanaan Tugas Pengawasan Dewan Komisaris bulan Maret 2024,Komisaris PT Pos Logistik Indonesia,723 - Surat Dinas,laporan pelaksanaan tugas pengawasan dewan komisaris bulan maret 2024 komisaris pt pos logistik indonesia,SURAT DINAS
Rekomendasi Kerjasama Sponsorship,Wakil Rektor Bidang Akademik dan Kemahasiswaan ITS,724 - proposal,rekomendasi kerjasama sponsorship wakil rektor bidang akademik dan kemahasiswaan its,PROPOSAL
Permohonan sebagai Mitra,Kebugaran Lansia Pralansia Kota Bandung (KLPI),725 - proposal,permohonan sebagai mitra kebugaran lansia pralansia kota bandung klpi,PROPOSAL
Surat Keputusan Direksi PT Pos Indonesia (Persero) Nomor : SK 615/DIR-5/0424 tentang Satuan Tugas Pelaksana Kiriman Haji Tahun 2024,Direktur Bisnis Kurir dan Logistik;,727 - SK,surat keputusan direksi pt pos indonesia persero nomor sk 615dir50424 tentang satuan tugas pelaksana kiriman haji tahun 2024 direktur bisnis kurir dan logistik,SK
Perjanjian Kerja Sama antara PT Rintis Sejahtera dengan PT Pos Indonesia (Persero) tentang Fasilitas Layanan Billing Payment dan Pembayaran Online Lainnya (BPPOL) untuk Collecting Agent,Direktur Bisnis Jasa Keuangan;,728 - SPK dan PKS,perjanjian kerja sama antara pt rintis sejahtera dengan pt pos indonesia persero tentang fasilitas layanan billing payment dan pembayaran online lainnya bppol untuk collecting agent direktur bisnis jasa keuangan,SPK DAN PKS
Sponsor UK Direktur Utama,Corsec;,729 - Surat Dinas,sponsor uk direktur utama corsec,SURAT DINAS
Sponsor UK Direktur Keuangan dan Manajemen Risiko,Corsec;,730 - Surat Dinas,sponsor uk direktur keuangan dan manajemen risiko corsec,SURAT DINAS
Keputusan Direksi tentang Tarif Pos Nextday,Direktur Bisnis Kurir dan Logistik;,732 - KD,keputusan direksi tentang tarif pos nextday direktur bisnis kurir dan logistik,KD
Keputusan Direksi tentang Tarif Layanan Paketpos Cepat Internasional,Direktur Bisnis Kurir dan Logistik;,733 - KD,keputusan direksi tentang tarif layanan paketpos cepat internasional direktur bisnis kurir dan logistik,KD
Keputusan Direksi tentang Tarif Layanan ePacket,Direktur Bisnis Kurir dan Logistik;,734 - KD,keputusan direksi tentang tarif layanan epacket direktur bisnis kurir dan logistik,KD
Keputusan Direksi tentang Tarif Layanan Pos Ekspor,Direktur Bisnis Kurir dan Logistik;,735 - KD,keputusan direksi tentang tarif layanan pos ekspor direktur bisnis kurir dan logistik,KD
Keputusan Direksi tentang Tarif Layanan Express Mail Service,Direktur Bisnis Kurir dan Logistik;,736 - KD,keputusan direksi tentang tarif layanan express mail service direktur bisnis kurir dan logistik,KD
Keputusan Direksi tentang Tarif Layanan Registered Internasional,Direktur Bisnis Kurir dan Logistik;,737 - KD,keputusan direksi tentang tarif layanan registered internasional direktur bisnis kurir dan logistik,KD
Keputusan Direksi tentang Perubahan Pertama atas Keputusan Direksi PT Pos Indonesia (Persero) Nomor KD 029/DIR-5/0423 tentang Tarif Pos Kargo,Direktur Bisnis Kurir dan Logistik;,738 - KD,keputusan direksi tentang perubahan pertama atas keputusan direksi pt pos indonesia persero nomor kd 029dir50423 tentang tarif pos kargo direktur bisnis kurir dan logistik,KD
Keputusan Direksi tentang Tarif Pos Sameday,Direktur Bisnis Kurir dan Logistik;,739 - KD,keputusan direksi tentang tarif pos sameday direktur bisnis kurir dan logistik,KD
Keputusan Direksi tentang Tarif Pos Reguler,Direktur Bisnis Kurir dan Logistik;,740 - KD,keputusan direksi tentang tarif pos reguler direktur bisnis kurir dan logistik,KD
Perjanjian Kerja Waktu Tertentu antara PT Pos Indonesia (Persero) dengan Niko Firstsando sebagai Tenaga Kerja Profesional Perusahaan Nomor PKS 172/DIR-5/0624,Direktur Bisnis Kurir dan Logistik;,741 - SPK dan PKS,perjanjian kerja waktu tertentu antara pt pos indonesia persero dengan niko firstsando sebagai tenaga kerja profesional perusahaan nomor pks 172dir50624 direktur bisnis kurir dan logistik,SPK DAN PKS
Perjanjian Kerja Waktu Tertentu antara PT Pos Indonesia (Persero) dengan Witri Yunianti sebagai Tenaga Kerja Profesional Perusahaan Nomor : PKS 171/DIR-5/0624,Direktur Bisnis Kurir dan Logistik;,742 - SPK dan PKS,perjanjian kerja waktu tertentu antara pt pos indonesia persero dengan witri yunianti sebagai tenaga kerja profesional perusahaan nomor pks 171dir50624 direktur bisnis kurir dan logistik,SPK DAN PKS
Surat Keputusan Direksi PT Pos Indonesia (Persero) Nomor SK 785/DIR-1/0524 tentang Tim Pendamping Pengadaan Pengembangan Aplikasi Fraud Detection System Fase II Tahun 2024 PT Pos Indonesia (Persero),Direktur Keuangan dan Manajemen Risiko;,743 - SK,surat keputusan direksi pt pos indonesia persero nomor sk 785dir10524 tentang tim pendamping pengadaan pengembangan aplikasi fraud detection system fase ii tahun 2024 pt pos indonesia persero direktur keuangan dan manajemen risiko,SK
Penerbitan Iklan Kemitraan,Idaroh Aliyyah Jamiyyah Ahlith Thoriqoh Al Mu`tabaroh An Nahdliyyah,744 - Surat Dinas,penerbitan iklan kemitraan idaroh aliyyah jamiyyah ahlith thoriqoh al mutabaroh an nahdliyyah,SURAT DINAS
Perjanjian antara PT Pos Indonesia (Persero) dengan Kantor Notaris dan PPAT Nunung Nurhayati tentang Pekerjaan Pengadaan Jasa untuk Pengurusan Sertifikat Laik Fungsi (SLF) Aset Milik PT Pos Indonesia (Persero) Nomor 093/DIR-1/0524,Direktur Keuangan dan Manajemen Risiko;,745 - SPK dan PKS,perjanjian antara pt pos indonesia persero dengan kantor notaris dan ppat nunung nurhayati tentang pekerjaan pengadaan jasa untuk pengurusan sertifikat laik fungsi slf aset milik pt pos indonesia persero nomor 093dir10524 direktur keuangan dan manajemen risiko,SPK DAN PKS
Adendum Kedua atas Perjanjian Kerja Sama Nomor PKS 219/ DIR-4/1222 antara PT Pos Indonesia (Persero) dengan Koperasi Simpan Pinjam Nusantara tentang Pemotongan Uang Pensiun untuk Angsuran Kredit Pensiun dan Pemelihararan Data (Flagging) Pegawai Negeri Sipil/Aparatur Sipil Negara/TNI/POLRI dan Pensiunan yang Memperoleh Kredit melalui Koperasi Simpan Pinjam Nusantara Nomor : PKS 153/SVP Government dan Corporate Business/0624,SVP Government and Corporate Business;,747 - SPK dan PKS,adendum kedua atas perjanjian kerja sama nomor pks 219 dir41222 antara pt pos indonesia persero dengan koperasi simpan pinjam nusantara tentang pemotongan uang pensiun untuk angsuran kredit pensiun dan pemelihararan data flagging pegawai negeri sipilaparatur sipil negaratnipolri dan pensiunan yang memperoleh kredit melalui koperasi simpan pinjam nusantara nomor pks 153svp government dan corporate business0624 svp government and corporate business,SPK DAN PKS
Penyampaian Notula Sosialisasi Anti Korupsi DJA 19 Juni 2024,Direktur Jenderal Anggaran u.b Sekretaris Direktorat Jenderal Anggaran,748 - Surat Dinas,penyampaian notula sosialisasi anti korupsi dja 19 juni 2024 direktur jenderal anggaran ub sekretaris direktorat jenderal anggaran,SURAT DINAS
Permohonan Partisipasi Pembangunan Mushola Al Ikhlas,Panitia Pembangunan Mushola Al Ikhlas KCU Medan 20000,749 - Surat Dinas,permohonan partisipasi pembangunan mushola al ikhlas panitia pembangunan mushola al ikhlas kcu medan 20000,SURAT DINAS
Proposal Seminar Nasional Sehari Peningkatan Kinerja Logistik di Indonesia : Refleksi  Tantangan dan Peluang Sistem Logistik Nasional,Pusat Studi Logistik dan Pengembangan Wilayah,750 - proposal,proposal seminar nasional sehari peningkatan kinerja logistik di indonesia refleksi tantangan dan peluang sistem logistik nasional pusat studi logistik dan pengembangan wilayah,PROPOSAL
Penawaran Sponsorship Pemutakhiran dan Penerbitan Media E- Book dan Cetak Alumni Universitas Padjajaran : Alumni Directory-IKA UNPAD Networking 2024,Pengurus Pusat Ikatan Alumni Universitas Padjajaran,751 - Surat Dinas,penawaran sponsorship pemutakhiran dan penerbitan media e book dan cetak alumni universitas padjajaran alumni directoryika unpad networking 2024 pengurus pusat ikatan alumni universitas padjajaran,SURAT DINAS
Perjanjian Kerja Sama antara Direktorat Pemberdayaan Komunitas dan Adat Terpencil dan Kewirausahaan Sosial Direktorat Jenderal Pemberdayaan Sosial Kementerian Sosial dengan PT Pos Indonesia (Persero) Nomor PKS 105/DIR-4/0424 tentang Penyaluran Bantuan Sosial Program Pahlawan Ekonomi Nusantara Tahun 2024,Direktur Bisnis Jasa Keuangan;,752 - SPK dan PKS,perjanjian kerja sama antara direktorat pemberdayaan komunitas dan adat terpencil dan kewirausahaan sosial direktorat jenderal pemberdayaan sosial kementerian sosial dengan pt pos indonesia persero nomor pks 105dir40424 tentang penyaluran bantuan sosial program pahlawan ekonomi nusantara tahun 2024 direktur bisnis jasa keuangan,SPK DAN PKS
Hasil Kajian KJPP atas valuasi Posfin sebagai referensi untuk perhitungan nilai saham atas pelaksanaan Debt-to-Equity Swap (DES) PT Pos Finansial Indonesia (POSFIN),Direksi;,753 - risalah,hasil kajian kjpp atas valuasi posfin sebagai referensi untuk perhitungan nilai saham atas pelaksanaan debttoequity swap des pt pos finansial indonesia posfin direksi,RISALAH
penyetoran dana pumk,Corsec;,754 - Surat Dinas,penyetoran dana pumk corsec,SURAT DINAS
Risalah Radir  Selasa 16 Juli 2024,Direksi;,755 - risalah,risalah radir selasa 16 juli 2024 direksi,RISALAH
Surat keputusan Direksi Nomor SK 1499/DIR-2/0724 tentang Hasil Seleksi Akhir Program Rekrutmen Bersama Badan Usaha Milik Negara di PT Pos Indonesia (Persero) Grup tahun 2024,Direktur Human Capital Management;,756 - SK,surat keputusan direksi nomor sk 1499dir20724 tentang hasil seleksi akhir program rekrutmen bersama badan usaha milik negara di pt pos indonesia persero grup tahun 2024 direktur human capital management,SK
1. Perjanjian antara PT Pos Indonesia (Persero) dengan PT Pos Finansial Indonensia tentang Pekerjaan Pengadaan Seat Management Perangkat IT Nasional Tahun 2024 Nomor : PKS 116/ DIR-3/0424 2. SPK Nomor 386/DIR-3/0424,Direktur Operasi dan Digital Services;,757 - SPK dan PKS,1 perjanjian antara pt pos indonesia persero dengan pt pos finansial indonensia tentang pekerjaan pengadaan seat management perangkat it nasional tahun 2024 nomor pks 116 dir30424 2 spk nomor 386dir30424 direktur operasi dan digital services,SPK DAN PKS
Keputusan Direksi tentang Perubahan Pertama atas Keputusan Direksi PT Pos Indonesia (Persero) Nomor KD 090/DIRUT/1223 tentang Pakaian Kerja dan Tanda Pengenal Karyawan,Direktur Utama;,758 - KD,keputusan direksi tentang perubahan pertama atas keputusan direksi pt pos indonesia persero nomor kd 090dirut1223 tentang pakaian kerja dan tanda pengenal karyawan direktur utama,KD
Keputusan Bersama Komisaris dan Direksi tentang Risk Management Charter (Piagam Manajemen Risiko) PT Pos Indonesia (Persero),Direktur Utama dan Komisaris Utama;,759 - KD,keputusan bersama komisaris dan direksi tentang risk management charter piagam manajemen risiko pt pos indonesia persero direktur utama dan komisaris utama,KD
Penyampaian Laporan Keuangan PT Pos Indonesia (Persero) periode 30 Juni 2024,Direktur Keuangan dan MR;Direktur Utama;,761 - Surat Dinas,penyampaian laporan keuangan pt pos indonesia persero periode 30 juni 2024 direktur keuangan dan mrdirektur utama,SURAT DINAS
Surat Keputusan Direksi Nomor : SK 894/DIRUT/0524 tentang Perpanjangan Masa Tugas dan Perubahan Susunan Kenggotaan Tim Pelaksana Penyaluran Bantuan Sosial Kementerian Sosial Republik Indonesia Tahun 2024,Direktur Utama;,762 - SK,surat keputusan direksi nomor sk 894dirut0524 tentang perpanjangan masa tugas dan perubahan susunan kenggotaan tim pelaksana penyaluran bantuan sosial kementerian sosial republik indonesia tahun 2024 direktur utama,SK
1. SPK Pengadaan Pekerjaan Jasa Audit pada PT Pos Indonesia (Persero) untuk Laporan Keuangan Interim untuk Periode yang berakhir pada tanggal 30 Juni 2024. Nomor : SPK 717/DIR-1/0724 2. Perjanjian antara PT Pos Indonesia (Persero) dengan KAP Paul Hadiwinata  Hidajat  Arsono  Retno  Palilingan & Rekan tentang Pekerjaan Pengadaan Pekerjaan Jasa Audit pada PT Pos Indonesia (Persero) untuk Laporan Keuangan Interim untuk Periode yang berakhir pada tanggal 30 Juni 2024 Nomor : PKS 196/DIR-1/0724,Direktur Keuangan dan Manajemen Risiko;,763 - SPK dan PKS,1 spk pengadaan pekerjaan jasa audit pada pt pos indonesia persero untuk laporan keuangan interim untuk periode yang berakhir pada tanggal 30 juni 2024 nomor spk 717dir10724 2 perjanjian antara pt pos indonesia persero dengan kap paul hadiwinata hidajat arsono retno palilingan rekan tentang pekerjaan pengadaan pekerjaan jasa audit pada pt pos indonesia persero untuk laporan keuangan interim untuk periode yang berakhir pada tanggal 30 juni 2024 nomor pks 196dir10724 direktur keuangan dan manajemen risiko,SPK DAN PKS
Risalah Radir  Selasa 23 Juli 2024,Direksi;,765 - risalah,risalah radir selasa 23 juli 2024 direksi,RISALAH
Laporan Penyelenggaraan Layanan Pos Universal (LPU) Triwulan II Tahun 2024,Direktur Business Development dan Portofolio Management;,766 - laporan,laporan penyelenggaraan layanan pos universal lpu triwulan ii tahun 2024 direktur business development dan portofolio management,LAPORAN
Risalah Ratas perihal pembahasan perubahan klausul PKS dengan PT Bina Karya (Persero),Direksi;,769 - risalah,risalah ratas perihal pembahasan perubahan klausul pks dengan pt bina karya persero direksi,RISALAH
Rekomendasi Rakernas SPPI Ke-2 Tahun 2024,Dewan Pengurus Pusat SPPI,771 - Surat Dinas,rekomendasi rakernas sppi ke2 tahun 2024 dewan pengurus pusat sppi,SURAT DINAS
International Contract Drafting,Direktur Indonesia Training Institute and Consulting Services (intrinsics),772 - Surat Dinas,international contract drafting direktur indonesia training institute and consulting services intrinsics,SURAT DINAS
Election to the International Mail Services User Group Management Committee,Direktor of the Postal Technology Centre UPU,773 - Surat Dinas,election to the international mail services user group management committee direktor of the postal technology centre upu,SURAT DINAS
Permohonan Courtesy Meeting Western Union bersama Direktur Utama PT Pos Indonesia,Direktur PT Western Union Indonesia,774 - Surat Dinas,permohonan courtesy meeting western union bersama direktur utama pt pos indonesia direktur pt western union indonesia,SURAT DINAS
Penyampaian Pengantar (Endorsement) atas Buku Thriving on Turbulence,Made Kartikajaya  Deputi Intelijen Ekonomi BIN  Komisaris PosIND,775 - Surat Dinas,penyampaian pengantar endorsement atas buku thriving on turbulence made kartikajaya deputi intelijen ekonomi bin komisaris posind,SURAT DINAS
Undangan Berpartisipasi dalam Kegiatan Run to Care,FDC Director - Ad Interim SOS Children`s Villages Indonesia,776 - Surat Dinas,undangan berpartisipasi dalam kegiatan run to care fdc director ad interim sos childrens villages indonesia,SURAT DINAS
Undangan Kegiatan Liaison : Perolehan Informasi Data dan Kondisi Dunia Usaha,Kantor Perwakilan Bank Indonesia Provinsi Jawa Barat,777 - Surat Dinas,undangan kegiatan liaison perolehan informasi data dan kondisi dunia usaha kantor perwakilan bank indonesia provinsi jawa barat,SURAT DINAS
Penawaran Kerjasama Sponsorship OCEANO 2024,Ketua Himpunan Mahasiswa Teknik Kelautan FTK ITS  Proiejct Officer OCEANO 2024,778 - Surat Dinas,penawaran kerjasama sponsorship oceano 2024 ketua himpunan mahasiswa teknik kelautan ftk its proiejct officer oceano 2024,SURAT DINAS
Penolakan KD 16/2023 dan KD 82/2023,Dewan Pengurus Cabang SPPI KCU Purwokerto,779 - Surat Dinas,penolakan kd 162023 dan kd 822023 dewan pengurus cabang sppi kcu purwokerto,SURAT DINAS
Surat Kerjasama Merchant Pospay dan Permohonan Pembukaan Gerai Stand Booth Sahabat Yatim di PT Pos Indonesia (Persero),Direktur Penghimpunan Sahabat Yatim,780 - Surat Dinas,surat kerjasama merchant pospay dan permohonan pembukaan gerai stand booth sahabat yatim di pt pos indonesia persero direktur penghimpunan sahabat yatim,SURAT DINAS
Tagihan Utang Keterlanjuran Bayar Gaji Pensiun Duda Menikah Kembali a.n Bapak Suyanto dan Bapak Gunadi,Branch Manajer Surakarta PT Taspen (Persero),781 - Surat Dinas,tagihan utang keterlanjuran bayar gaji pensiun duda menikah kembali an bapak suyanto dan bapak gunadi branch manajer surakarta pt taspen persero,SURAT DINAS
Kelengkapan Dokumen Pendukung Proses Pengadaan Tanah Bagi Pembangunan untuk Kepentingan Umum dalam rangka Pembangunan Underpass Joglo,Kepala Balai Besar Pelaksanaan Jalan Nasional Jawa Tengah - DI Yogyakarta,782 - Surat Dinas,kelengkapan dokumen pendukung proses pengadaan tanah bagi pembangunan untuk kepentingan umum dalam rangka pembangunan underpass joglo kepala balai besar pelaksanaan jalan nasional jawa tengah di yogyakarta,SURAT DINAS
Ucapan Selamat HUT Ke-57 Indosat Ooredoo Hutchison,Direktur Utama Koperasi Pegawai PT Indosat (kopindosat),783 - Surat Dinas,ucapan selamat hut ke57 indosat ooredoo hutchison direktur utama koperasi pegawai pt indosat kopindosat,SURAT DINAS
Perjanjian Kerja Sama antara PT Pos Indonesia (Persero) dengan Perusahaan Perseroan (Persero) PT Telekomunikasi Indonesia Tbk tentang Penyediaan Layanan Kurir dan Layanan Logistik untuk Sistem Pengadaan secara Elektronik dan Sistem Pendukungnya Nomor : PKS 1998/Enterprise Business/0724,SVP Enterprise Business;,784 - SPK dan PKS,perjanjian kerja sama antara pt pos indonesia persero dengan perusahaan perseroan persero pt telekomunikasi indonesia tbk tentang penyediaan layanan kurir dan layanan logistik untuk sistem pengadaan secara elektronik dan sistem pendukungnya nomor pks 1998enterprise business0724 svp enterprise business,SPK DAN PKS
Risalah ratas  selasa 29 Juli 2024,Direksi;,786 - risalah,risalah ratas selasa 29 juli 2024 direksi,RISALAH
Risalah Radir  Selasa 30 Juli 2024,Direksi;,787 - risalah,risalah radir selasa 30 juli 2024 direksi,RISALAH
Perjanjian antara PT Pos Indonesia (Persero) dengan PT Mahir Academy Indonesia tentang Pekerjaan Pengadaan Jasa Konsultan Pendamping Komite Environmental Social and Governance di Lingkungan PT Pos Indonesia (Persero) Tahun 2024 Nomor : 241/ SPBT/0724,SVP Strategic Planning and Business Development;,788 - SPK dan PKS,perjanjian antara pt pos indonesia persero dengan pt mahir academy indonesia tentang pekerjaan pengadaan jasa konsultan pendamping komite environmental social and governance di lingkungan pt pos indonesia persero tahun 2024 nomor 241 spbt0724 svp strategic planning and business development,SPK DAN PKS
Surat Perkenalan mengenai URUN-RI dan Presentasi mengenai Investasi Syariah,Direktur Utama PT Urun Bangun Negeri,790 - Surat Dinas,surat perkenalan mengenai urunri dan presentasi mengenai investasi syariah direktur utama pt urun bangun negeri,SURAT DINAS
Penyampaian Salinan Keputusan Menteri BUMN Nomor SK-176/ MBU/07/2024 tanggal 16 Juli 2024,Asisten Deputi Bidang Hukum Korporasi Kementerian BUMN RI,791 - Surat Dinas,penyampaian salinan keputusan menteri bumn nomor sk176 mbu072024 tanggal 16 juli 2024 asisten deputi bidang hukum korporasi kementerian bumn ri,SURAT DINAS
SPK karjadi div hukum,Corsec;,792 - SPK dan PKS,spk karjadi div hukum corsec,SPK DAN PKS
Nota Kesepahaman antara PT Pos Indonesia (Persero) dengan PT Mega Kreasi Indotama tentang Pemanfaatan Layanan Jasa dan Potensi Masing-Masing Pihak,Direktur Bisnis Jasa Keuangan;,793 - SPK dan PKS,nota kesepahaman antara pt pos indonesia persero dengan pt mega kreasi indotama tentang pemanfaatan layanan jasa dan potensi masingmasing pihak direktur bisnis jasa keuangan,SPK DAN PKS
Surat Keputusan Direksi Nomor SK 1046/DIRUT/0624 tentang Satuan Tugas Implementasi Percepatan Peningkatan Sinergi dan Integrasi Logistik Ekosistem Badan Usaha Milik Negara tahun 2024,Direktur Utama;,794 - SK,surat keputusan direksi nomor sk 1046dirut0624 tentang satuan tugas implementasi percepatan peningkatan sinergi dan integrasi logistik ekosistem badan usaha milik negara tahun 2024 direktur utama,SK
Surat Keputusan Direksi Nomor SK 1597/DIR-2/0724 tentang Hasil Seleksi Akhir Rekrutmen Karyawan PT Pos Indonesia (Persero) melalui Program Ikatan Dinas dan Pemberian Beasiswa untuk Mahasiswa Kelas Khusus Program Studi Diploma III Logistik ULBI Tahun 2024,Direktur Human Capital Management;,795 - SK,surat keputusan direksi nomor sk 1597dir20724 tentang hasil seleksi akhir rekrutmen karyawan pt pos indonesia persero melalui program ikatan dinas dan pemberian beasiswa untuk mahasiswa kelas khusus program studi diploma iii logistik ulbi tahun 2024 direktur human capital management,SK
Pengajuan Proposal Kerjasama Kegiatan dan Permohonan Audiensi,Project Officer MANIFEST 2024  Departemen Manajemen Bisnis ITS,796 - Surat Dinas,pengajuan proposal kerjasama kegiatan dan permohonan audiensi project officer manifest 2024 departemen manajemen bisnis its,SURAT DINAS
Surat Pengantar Sponsorship,Pengurus Ikatan Alumni ITS Manyar,797 - Surat Dinas,surat pengantar sponsorship pengurus ikatan alumni its manyar,SURAT DINAS
Surat Permohonan Bantuan,Panitia Pelaksana Musyawarah Nasional Ke II Gerakan Tani Syarikat Islam (GERTASI),798 - Surat Dinas,surat permohonan bantuan panitia pelaksana musyawarah nasional ke ii gerakan tani syarikat islam gertasi,SURAT DINAS
PKS karyadi div hukum,Corsec;,800 - SPK dan PKS,pks karyadi div hukum corsec,SPK DAN PKS
Keputusan Direksi tentang Layanan Kemitraan Pospay secara Host to Host,Direktur Bisnis Jasa Keuangan;,801 - KD,keputusan direksi tentang layanan kemitraan pospay secara host to host direktur bisnis jasa keuangan,KD
Ajuan Kedua : Permohonan Dukungan Pembinaan berupa Persetujuan Pemakaian Ijin Sewa beberapa Outlet/Kios PT Pos Indonesia Kantor Pos Indonesia - Kota Sukabumi yang berada disisi Gerbang Pintu Keluar sebagai Sarana Pemasaran Hasil Olahan Para Pelaku UMKM Peternakan Pertanian dan Perikanan dalam Bentuk Pasrtisipasi Bantuan Aktif Pembinaan PT Pos Indonesia,Ketua Pojok UMKM & Kuliner PosAs 28 ASNAYA 28 DPC Kota Sukabumi,802 - Surat Dinas,ajuan kedua permohonan dukungan pembinaan berupa persetujuan pemakaian ijin sewa beberapa outletkios pt pos indonesia kantor pos indonesia kota sukabumi yang berada disisi gerbang pintu keluar sebagai sarana pemasaran hasil olahan para pelaku umkm peternakan pertanian dan perikanan dalam bentuk pasrtisipasi bantuan aktif pembinaan pt pos indonesia ketua pojok umkm kuliner posas 28 asnaya 28 dpc kota sukabumi,SURAT DINAS
Permohonan Makan Anak-Anak,Ketua Yayasan Bina Sosial,803 - Surat Dinas,permohonan makan anakanak ketua yayasan bina sosial,SURAT DINAS
Memperingati Hari Kemerdekaan RI serta Santunan Pendidikan Pembagian Sembako,Ketua Yayasan As-Salam Ulil Amri,804 - Surat Dinas,memperingati hari kemerdekaan ri serta santunan pendidikan pembagian sembako ketua yayasan assalam ulil amri,SURAT DINAS
Penawaran Pelatihan Master of Ceremony (MC) dan Pelatihan Excellence Public Relations Management,Mitra Training Indonesia (MTI),805 - Surat Dinas,penawaran pelatihan master of ceremony mc dan pelatihan excellence public relations management mitra training indonesia mti,SURAT DINAS
Perjanjian Kerahasiaan Hystra dengan PT Pos Indonesia (Persero) tentang Pertukaran Data dan/atau Informasi,SVP Financial Service;,806 - SPK dan PKS,perjanjian kerahasiaan hystra dengan pt pos indonesia persero tentang pertukaran data danatau informasi svp financial service,SPK DAN PKS
Permohonan Data Kode Pos,SVP Data & Decision Management Bank Syariah Indonesia (Hestuning Nur Listiani-081287634354),807 - Surat Dinas,permohonan data kode pos svp data decision management bank syariah indonesia hestuning nur listiani081287634354,SURAT DINAS
International Mail Services User Group - Report of the meeting of 20 June 2024,Director of the Postal Technology Centre UPU,808 - Surat Dinas,international mail services user group report of the meeting of 20 june 2024 director of the postal technology centre upu,SURAT DINAS
Result of the election to the Advanced Electronic Services User Group Management Committee,Director of the Postal Technology Centre UPU,809 - Surat Dinas,result of the election to the advanced electronic services user group management committee director of the postal technology centre upu,SURAT DINAS
Election to the Advanced Electronic Services User Group Management Committee,for the Director of the Postal Technology Centre UPU,810 - Surat Dinas,election to the advanced electronic services user group management committee for the director of the postal technology centre upu,SURAT DINAS
KD,KD pa AAN;,812 - KD,kd kd pa aan,KD
Adendum Ketiga Perjanjian Kerja Sama tentang Layanan Transfer Uang antara PT Pos Indonesia (Persero) dengan Mastercard Transaction Service (US) LLC Nomor : PKS 218/SVP Consumer Business/0724,SVP Consumer Business;,813 - SPK dan PKS,adendum ketiga perjanjian kerja sama tentang layanan transfer uang antara pt pos indonesia persero dengan mastercard transaction service us llc nomor pks 218svp consumer business0724 svp consumer business,SPK DAN PKS
Proposal Revival Mahasiswa Program Studi D3 & D4 Manajemen Bisnis Universitas Logistik dan Bisnis Internasional,Himpunan Mahasiswa Manajemen Bisnis ULBI (Ginka-085824850527),814 - proposal,proposal revival mahasiswa program studi d3 d4 manajemen bisnis universitas logistik dan bisnis internasional himpunan mahasiswa manajemen bisnis ulbi ginka085824850527,PROPOSAL
surat keterangan,Moh Imron Sanrowi,815 - surat pribadi,surat keterangan moh imron sanrowi,SURAT PRIBADI
Indonesia International Rice Conference (IIRC) 2024,Indonesia International Rice Conference,816 - Surat Dinas,indonesia international rice conference iirc 2024 indonesia international rice conference,SURAT DINAS
Pelatihan Hukum Ketenagakerjaan dan Penyelesaian Hubungan Industrial,Direktur Eksekutif Pusat Studi Kebijakan Nasional,817 - Surat Dinas,pelatihan hukum ketenagakerjaan dan penyelesaian hubungan industrial direktur eksekutif pusat studi kebijakan nasional,SURAT DINAS
Pelatihan Export Import Incoterm,Direktur Eksekutif Pusat Studi Kebijakan Nasional,818 - Surat Dinas,pelatihan export import incoterm direktur eksekutif pusat studi kebijakan nasional,SURAT DINAS
"Memorandum of Understanding between Vietnam Post  Thailand Post and Pos Indonesia and Special Advisors Paytech JSC Kota Capital Advisors for the Purpose of collaboration to form the new initiative ""Regional ASEAN Post Alliance""",Direktur Keuangan dan Manajemen Risiko;,819 - SPK dan PKS,memorandum of understanding between vietnam post thailand post and pos indonesia and special advisors paytech jsc kota capital advisors for the purpose of collaboration to form the new initiative regional asean post alliance direktur keuangan dan manajemen risiko,SPK DAN PKS
SPK karyadi Legal,Corsec;,821 - SPK dan PKS,spk karyadi legal corsec,SPK DAN PKS
PKS karyadi Legal,Corsec;,822 - SPK dan PKS,pks karyadi legal corsec,SPK DAN PKS
Perjanjian Kerahasiaan antara PT Sucofindo dengan PT Pos Indonesia (Persero) tentang Pertukaran Data dan Informasi Nomor : 258/SPBT/0724,SVP Strategic Planning and Business Development;,823 - SPK dan PKS,perjanjian kerahasiaan antara pt sucofindo dengan pt pos indonesia persero tentang pertukaran data dan informasi nomor 258spbt0724 svp strategic planning and business development,SPK DAN PKS
surat sponsor ke Jepang an. M. Luthfi,Corsec;,824 - Surat Dinas,surat sponsor ke jepang an m luthfi corsec,SURAT DINAS
Perjanjian Penyelesaian dan Pelepasan PT Chevron Pacific Indonesia dan PT Pos Indonesia (Persero) Nomor : PKS 228/ DIR-5/0584,Direktur Bisnis Kurir dan Logistik;,825 - SPK dan PKS,perjanjian penyelesaian dan pelepasan pt chevron pacific indonesia dan pt pos indonesia persero nomor pks 228 dir50584 direktur bisnis kurir dan logistik,SPK DAN PKS
Risalah Radir  Selasa 6 Agustus 2024,Direksi;,826 - risalah,risalah radir selasa 6 agustus 2024 direksi,RISALAH
Perjanjian Kerja Sama antara PT Pos Indonesia (Persero) dengan PT Jalan Jalan Nusantara tentang Pelayanan Perjalanan Dinas Karyawan/Karyawati PT Pos Indonesia (Persero) Nomor : PKS 191/DIR-2/0724,Direktur Human Capital Management;,828 - SPK dan PKS,perjanjian kerja sama antara pt pos indonesia persero dengan pt jalan jalan nusantara tentang pelayanan perjalanan dinas karyawankaryawati pt pos indonesia persero nomor pks 191dir20724 direktur human capital management,SPK DAN PKS
1. Perjanjian antara PT Pos Indonesia (Persero) dengan PT RSM Indonesia Konsultan tentang Pekerjaan Pengadaan Jasa Konsultan Internal Control Over Financial Reporting (ICOFR) di PT Pos Indonesia (Persero) Nomor : 02/FOBP/2024 2. SPK nomor 01/ FOBP/0424,SVP Financial Operation and Business Partner;,829 - SPK dan PKS,1 perjanjian antara pt pos indonesia persero dengan pt rsm indonesia konsultan tentang pekerjaan pengadaan jasa konsultan internal control over financial reporting icofr di pt pos indonesia persero nomor 02fobp2024 2 spk nomor 01 fobp0424 svp financial operation and business partner,SPK DAN PKS
Perjanjian Kerahasiaan antara PT Pos Indonesia (Persero) dengan PT Bank Pembangunan Daerah Lampung tentang Pertukaran Data dan Informasi,Direktur Business Development and Portfolio Management;,830 - SPK dan PKS,perjanjian kerahasiaan antara pt pos indonesia persero dengan pt bank pembangunan daerah lampung tentang pertukaran data dan informasi direktur business development and portfolio management,SPK DAN PKS
Perjanjian Kerja Jasa Transporter untuk Distribusi Bantuan Pangan Program Stunting Pemerintah Tahun 2024 antara PT Rajawali Nusantara Indonesia (Persero) dan PT Pos Indonesia (Persero) nomor : PKS 231/DIRUT/0824,Direktur Utama;,831 - SPK dan PKS,perjanjian kerja jasa transporter untuk distribusi bantuan pangan program stunting pemerintah tahun 2024 antara pt rajawali nusantara indonesia persero dan pt pos indonesia persero nomor pks 231dirut0824 direktur utama,SPK DAN PKS
SPK/PKS Karyadi div hukum,Corsec;,833 - SPK dan PKS,spkpks karyadi div hukum corsec,SPK DAN PKS
SPK/PKS Karyadi div hukum,Corsec;,834 - SPK dan PKS,spkpks karyadi div hukum corsec,SPK DAN PKS
Estimasi Pembayaran Kewajiban Bunga Periode Juli 2024,Department Head PT Bank KB Bukopin  Tbk,835 - Surat Dinas,estimasi pembayaran kewajiban bunga periode juli 2024 department head pt bank kb bukopin tbk,SURAT DINAS
Undangan Rapat Koordinasi Fasilitasi Kantong Parkir Kegiatan West Java Festival 2024,Kepala Dinas Pariwisata dan Kebudayaan Provinsi Jawa Barat,836 - Surat Dinas,undangan rapat koordinasi fasilitasi kantong parkir kegiatan west java festival 2024 kepala dinas pariwisata dan kebudayaan provinsi jawa barat,SURAT DINAS
Himbauan Partisipasi HUT Kota Bandung ke 214,Ketua Konsorsium Bandung Bermartabat,837 - Surat Dinas,himbauan partisipasi hut kota bandung ke 214 ketua konsorsium bandung bermartabat,SURAT DINAS
Permohonan Fasilitasi Kantong Parkir,Kepala Dinas Pariwisata dan Kebudayaan Provinsi Jawa Barat,838 - Surat Dinas,permohonan fasilitasi kantong parkir kepala dinas pariwisata dan kebudayaan provinsi jawa barat,SURAT DINAS
Permohonan Izin Kegiatan,Director Manager CV Ruang dan Konsep,839 - Surat Dinas,permohonan izin kegiatan director manager cv ruang dan konsep,SURAT DINAS
Permohonan Bantuan Donasi Penyelenggaraan Rakerwil ke-1 DPWKH SPPI Kuat Bermartabat,Panitia Rapat Kerja Wilayah ke-1 DPW Khusus Kantor Pusat Bandung SPPI,840 - Surat Dinas,permohonan bantuan donasi penyelenggaraan rakerwil ke1 dpwkh sppi kuat bermartabat panitia rapat kerja wilayah ke1 dpw khusus kantor pusat bandung sppi,SURAT DINAS
Pernyataan Keberatan,Zam Zam  Jl. Asahan I No. 237 Kel. Sialang Sako  Palembang,841 - Surat Dinas,pernyataan keberatan zam zam jl asahan i no 237 kel sialang sako palembang,SURAT DINAS
Pernyataan Keberatan,Nurwahyu Widayanto  Lr. Sri Gemilang  Palembang,842 - Surat Dinas,pernyataan keberatan nurwahyu widayanto lr sri gemilang palembang,SURAT DINAS
Pernyataan Keberatan,Supriyadi  Lr. Manunggal No. 2274  Palembang,843 - Surat Dinas,pernyataan keberatan supriyadi lr manunggal no 2274 palembang,SURAT DINAS
Pernyataan Keberatan,Tatang Suparna  Jl. Mayor Ruslan Lr. Bersama No. 24  Palembang,844 - Surat Dinas,pernyataan keberatan tatang suparna jl mayor ruslan lr bersama no 24 palembang,SURAT DINAS
Pernyataan Keberatan,Suwarno  Lorong Masjid No. 309  Palembang,845 - Surat Dinas,pernyataan keberatan suwarno lorong masjid no 309 palembang,SURAT DINAS
Pernyataan Keberatan,Hellya  Jl. Demang Lebar Daun Lrg Lebak Pakis No. 1782  Palembang,846 - Surat Dinas,pernyataan keberatan hellya jl demang lebar daun lrg lebak pakis no 1782 palembang,SURAT DINAS
Pengajuan Kerja Sama Sponsorship,Putri Agustin Florian - Universitas Lampung (089523811877),847 - Surat Dinas,pengajuan kerja sama sponsorship putri agustin florian universitas lampung 089523811877,SURAT DINAS
Adendum Pertama atas Perjanjian Kerja Sama antara PT FM Digital Solution dengan PT Pos Indonesia (Persero),Direktur Bisnis Jasa Keuangan;,849 - SPK dan PKS,adendum pertama atas perjanjian kerja sama antara pt fm digital solution dengan pt pos indonesia persero direktur bisnis jasa keuangan,SPK DAN PKS
SPPD Melany KCU Surabaya-MC RAPIM,VP Corcomm;,850 - Surat Dinas,sppd melany kcu surabayamc rapim vp corcomm,SURAT DINAS
Perjanjian Kerja Sama antara PT Pos Indonesia (Persero) dengan PT Nutra Hasiat Internasional tentang Pengiriman Surat  Dokumen dan Barang,EVP Regional IV Semarang;,851 - SPK dan PKS,perjanjian kerja sama antara pt pos indonesia persero dengan pt nutra hasiat internasional tentang pengiriman surat dokumen dan barang evp regional iv semarang,SPK DAN PKS
Perjanjian Kerja Sama antara PT Rintis Sejahtera dengan PT Pos Indonesia (Persero) tentang Fasilitas Layanan Billing Payment dan Pembayaran Online Lainnya (BPPOL) untuk Collecting Agent Nomor : PKS198/DIR-4/0724,Direktur Bisnis Jasa Keuangan;,852 - SPK dan PKS,perjanjian kerja sama antara pt rintis sejahtera dengan pt pos indonesia persero tentang fasilitas layanan billing payment dan pembayaran online lainnya bppol untuk collecting agent nomor pks198dir40724 direktur bisnis jasa keuangan,SPK DAN PKS
Perjanjian Kerja Sama antara PT Pos Indonesia (Persero) dengan Perusahaan Perseroan (Persero) PT Telekomunikasi Indonesia Tbk tentang Penyediaan Layanan Kurir dan Layanan Logistik untuk Sistem Pengadaan secara Elektronik dan Sistem Pendukungnya Nomor : PKS 2307/Enterprise Business/0824,EVP Enterprise Business;,853 - SPK dan PKS,perjanjian kerja sama antara pt pos indonesia persero dengan perusahaan perseroan persero pt telekomunikasi indonesia tbk tentang penyediaan layanan kurir dan layanan logistik untuk sistem pengadaan secara elektronik dan sistem pendukungnya nomor pks 2307enterprise business0824 evp enterprise business,SPK DAN PKS
Perjanjian Kerja Sama antara PT Pos Indonesia (Persero) dengan Badan Pengelola Tabungan Perumahan Rakyat (BP TAPERA) tentang Pembayaran pengembalian Tabungan Perumahan Rakyat,Direktur Bisnis Jasa Keuangan;,854 - SPK dan PKS,perjanjian kerja sama antara pt pos indonesia persero dengan badan pengelola tabungan perumahan rakyat bp tapera tentang pembayaran pengembalian tabungan perumahan rakyat direktur bisnis jasa keuangan,SPK DAN PKS
Perjanjian Kerja Waktu Tertentu antara PT Pos Indonesia (Persero) dengan Joshua Alfred Hasudungan sebagai Tenaga Kerja Profesional Perusahaan Nomor : PKS 103/DIR-5/0424,Direktur Bisnis Kurir dan Logistik;,855 - SPK dan PKS,perjanjian kerja waktu tertentu antara pt pos indonesia persero dengan joshua alfred hasudungan sebagai tenaga kerja profesional perusahaan nomor pks 103dir50424 direktur bisnis kurir dan logistik,SPK DAN PKS
Perjanjian Kerahasiaan antara PT Pos Indonesia (Persero) dengan PT Madame Express Remitindo tentang Pertukaran Data dan Informasi Nomor : NDA 119/SVP Consumer Business/0724,SVP Consumer Business;,856 - SPK dan PKS,perjanjian kerahasiaan antara pt pos indonesia persero dengan pt madame express remitindo tentang pertukaran data dan informasi nomor nda 119svp consumer business0724 svp consumer business,SPK DAN PKS
Perjanjian Kerahasiaan antara PT Bank Negara Indonesia dengan PT Pos Indonesia (Persero) tentang Pertukaran Data dan Informasi Nomor : NDA 215/SVP Consumer Business/0724,SVP Consumer Business;,857 - SPK dan PKS,perjanjian kerahasiaan antara pt bank negara indonesia dengan pt pos indonesia persero tentang pertukaran data dan informasi nomor nda 215svp consumer business0724 svp consumer business,SPK DAN PKS
Surat Keputusan Direksi Nomor SK 1367/DIRUT/0724 tentang Perpanjangan Masa Tugas dan Perubahan Susunan Tim Koordinasi Penyelenggaraan Layanan Pos Universal Tahun Anggaran 2024,Direktur Utama;,858 - SK,surat keputusan direksi nomor sk 1367dirut0724 tentang perpanjangan masa tugas dan perubahan susunan tim koordinasi penyelenggaraan layanan pos universal tahun anggaran 2024 direktur utama,SK
Surat Keputusan Direksi Nomor SK 217/DIR-1/0124 tentang Perpanjangan dan Perubahan Susunan Tim Pendampingan Pemeriksaan Lapangan Bidang Perpajakan Tahun Pajak 2022 di PT Pos Indonesia (Persero),Direktur Keuangan dan Manajemen Risiko;,859 - SK,surat keputusan direksi nomor sk 217dir10124 tentang perpanjangan dan perubahan susunan tim pendampingan pemeriksaan lapangan bidang perpajakan tahun pajak 2022 di pt pos indonesia persero direktur keuangan dan manajemen risiko,SK
Surat Keputusan Direksi Nomor SK 2229/DIR-1/1023 tentang Tim Pendampingan Pemeriksaan Lapangan Bidang Perpajakan Tahun 2022 di PT Pos Indonesia (Persero),Direktur Keuangan dan Manajemen Risiko;,860 - SK,surat keputusan direksi nomor sk 2229dir11023 tentang tim pendampingan pemeriksaan lapangan bidang perpajakan tahun 2022 di pt pos indonesia persero direktur keuangan dan manajemen risiko,SK
Surat Keputusan Direksi Nomor : SK 1059/DIR-1/0624 tentang Tim Counterpart Penilaian Risk Maturity Index tahun 2023 di PT Pos Indonesia (Persero),Direktur Keuangan dan Manajemen Risiko;,861 - SK,surat keputusan direksi nomor sk 1059dir10624 tentang tim counterpart penilaian risk maturity index tahun 2023 di pt pos indonesia persero direktur keuangan dan manajemen risiko,SK
Perjanjian Kerja Sama antara PT Pos Indonesia (Persero) dengan Koperasi Jasa nasional Sinergi Indonesia tentang Penyelesaian Pemotongan Uang Pensiun untuk Angsuran Kredit Pensiun Nomor : PKS 232/Government and Corporate Business/0724,EVP Government and Corporate Business;,862 - SPK dan PKS,perjanjian kerja sama antara pt pos indonesia persero dengan koperasi jasa nasional sinergi indonesia tentang penyelesaian pemotongan uang pensiun untuk angsuran kredit pensiun nomor pks 232government and corporate business0724 evp government and corporate business,SPK DAN PKS
Perjanjian Kerja Sama antara PT Pos Indonesia (Persero) dengan Koperasi Jasa Serba Usaha POSTRA tentang Referensi untuk Pembiayaan Kredit Pensiun Nomor : PKS 181/SVP Government and Corporate Business/0624,SVP Government and Corporate Business;,863 - SPK dan PKS,perjanjian kerja sama antara pt pos indonesia persero dengan koperasi jasa serba usaha postra tentang referensi untuk pembiayaan kredit pensiun nomor pks 181svp government and corporate business0624 svp government and corporate business,SPK DAN PKS
Nota Kesepahaman antara Universitas Bina Nusantara dan PT Pos Indonesia (Persero) dalam Bidang Tridharma Perguruan Tinggi dan Pengembangan SDM Nomor : MOU 239/Corcomm/0824,Corsec;,864 - SPK dan PKS,nota kesepahaman antara universitas bina nusantara dan pt pos indonesia persero dalam bidang tridharma perguruan tinggi dan pengembangan sdm nomor mou 239corcomm0824 corsec,SPK DAN PKS
Permohonan Sponsorship Kegiatan HUT Kemerdekaan RI ke-79,Plt Rektor ULBI,866 - Surat Dinas,permohonan sponsorship kegiatan hut kemerdekaan ri ke79 plt rektor ulbi,SURAT DINAS
Permintaan Bantuan Menghadirkan Saksi,Kepala Kepolisian Resor Teluk Bintuni,867 - Surat Dinas,permintaan bantuan menghadirkan saksi kepala kepolisian resor teluk bintuni,SURAT DINAS
Undangan Mengikuti Kompetisi The Asset Manager 2024,Direktur Utama Lembaga Manajemen Aset Negara,869 - Surat Dinas,undangan mengikuti kompetisi the asset manager 2024 direktur utama lembaga manajemen aset negara,SURAT DINAS
Corporate Image Award 2024,Corporate Image (IMAC) Committee,870 - Surat Dinas,corporate image award 2024 corporate image imac committee,SURAT DINAS
Permohonan Partisipasi Kompetisi Jurnalis Kebangsaan Mahasiswa 2024,Ketua Tim Pelaksana Jurnalis Kebangsaan,871 - Surat Dinas,permohonan partisipasi kompetisi jurnalis kebangsaan mahasiswa 2024 ketua tim pelaksana jurnalis kebangsaan,SURAT DINAS
Permohonan Sponsorship,Pusbisindo Cabang Jawa Barat,872 - Surat Dinas,permohonan sponsorship pusbisindo cabang jawa barat,SURAT DINAS
Surat Penawaran untuk Perusahaan,Kepala Sekolah SMA Talenta,873 - Surat Dinas,surat penawaran untuk perusahaan kepala sekolah sma talenta,SURAT DINAS
Sponsorship Hari Santri Nasional 2024,Ketua Forum Pondok Pesantren FPP Jawa Barat,874 - Surat Dinas,sponsorship hari santri nasional 2024 ketua forum pondok pesantren fpp jawa barat,SURAT DINAS
Undangan Partisipasi Hari UMKM Nasional Tahun 2024,Gubernur Sumatera Selatan,875 - Surat Dinas,undangan partisipasi hari umkm nasional tahun 2024 gubernur sumatera selatan,SURAT DINAS
Permohonan Pengisian Kuesioner Corporate Governance Perception Index (CGPI) 2023 PT Taspen (Persero),Direktur Kepatuhan dan Manajemen Risiko PT Taspen (Persero),876 - Surat Dinas,permohonan pengisian kuesioner corporate governance perception index cgpi 2023 pt taspen persero direktur kepatuhan dan manajemen risiko pt taspen persero,SURAT DINAS
Penawaran Pelatihan Moderator & Master of Ceremony (MC),Mitra Training Indonesia (MTI),877 - Surat Dinas,penawaran pelatihan moderator master of ceremony mc mitra training indonesia mti,SURAT DINAS
Penawaran Mengikuti Pelatihan Manajemen Penanganan Perkara Perdata dan Tata Usaha Negara,Mitra Training Indonesia (MTI),878 - Surat Dinas,penawaran mengikuti pelatihan manajemen penanganan perkara perdata dan tata usaha negara mitra training indonesia mti,SURAT DINAS
Proposal Penawaran Pelatihan Layanan Advokasi Hukum,Mitra Training Indonesia (MTI),879 - Surat Dinas,proposal penawaran pelatihan layanan advokasi hukum mitra training indonesia mti,SURAT DINAS
Permohonan Orasi Ilmiah pada Wisuda AAMAI XXXI,Asosiasi Ahli Manajemen Asuransi Indonesia,880 - Surat Dinas,permohonan orasi ilmiah pada wisuda aamai xxxi asosiasi ahli manajemen asuransi indonesia,SURAT DINAS
SPK dengan PT Telkom. nomor : SPK 859/DIR-3/0824,Direktur Operasi dan Digital Services;,882 - SPK dan PKS,spk dengan pt telkom nomor spk 859dir30824 direktur operasi dan digital services,SPK DAN PKS
Adendum Pertama atas Perjanjian Kerja Sama nomor : PKS 186/ DIR-4/0821 antara PT Sarana Yukti Bandhana dengan PT Pos Indonesia (Persero) tentang Penyediaan Layanan Top Up Uang Elektronik di Kantor Pos dan/atau Agen Pos Nomor : PKS 236/ DIR-4/0824,Direktur Bisnis Jasa Keuangan;,883 - SPK dan PKS,adendum pertama atas perjanjian kerja sama nomor pks 186 dir40821 antara pt sarana yukti bandhana dengan pt pos indonesia persero tentang penyediaan layanan top up uang elektronik di kantor pos danatau agen pos nomor pks 236 dir40824 direktur bisnis jasa keuangan,SPK DAN PKS
Perjanjian Kerja Waktu Tertentu antara PT Pos Indonesia (Persero) dengan Shatria Putra Dhartia sebagai Tenaga Kerja Profesional Perusahaan Nomor : PKS 207/DIR-5/0724,Direktur Bisnis Kurir dan Logistik;,884 - SPK dan PKS,perjanjian kerja waktu tertentu antara pt pos indonesia persero dengan shatria putra dhartia sebagai tenaga kerja profesional perusahaan nomor pks 207dir50724 direktur bisnis kurir dan logistik,SPK DAN PKS
sponsorship acara 278 Pos Indonesia,Mitra;,886 - Surat Dinas,sponsorship acara 278 pos indonesia mitra,SURAT DINAS
1. Berita Acara Kesepakatan tentang Perjanjian Kerja Sama antara PT Pos Indonesia (Persero) dengan PT Bank MNC Internasional Tbk tentang Layanan Cash In dan Cash Out Motionbank melalui Kantor Pos secara Host to Host Nomor : BAK 951/DIR-4/0923 2. Perjanjian Kerja Sama antara PT Pos Indonesia (Persero) dengan PT Bank MNC Internasional Tbk tentang Layanan Cash In dan Cash Out Motionbank melalui Kantor Pos secara Host to Host Nomor : PKS 241/DIR-4/0824,Direktur Bisnis Jasa Keuangan;,887 - SPK dan PKS,1 berita acara kesepakatan tentang perjanjian kerja sama antara pt pos indonesia persero dengan pt bank mnc internasional tbk tentang layanan cash in dan cash out motionbank melalui kantor pos secara host to host nomor bak 951dir40923 2 perjanjian kerja sama antara pt pos indonesia persero dengan pt bank mnc internasional tbk tentang layanan cash in dan cash out motionbank melalui kantor pos secara host to host nomor pks 241dir40824 direktur bisnis jasa keuangan,SPK DAN PKS
Risalah Radir  Selasa 20 Agustus 2024,Corsec;,888 - risalah,risalah radir selasa 20 agustus 2024 corsec,RISALAH
Perjanjian antara PT Pos Indonesia (Persero) dengan PT Synergi Lestari Pratama tentang Pekerjaan Pengadaan Network Performance Monitoring (NPM),SVP Digital Services;,890 - SPK dan PKS,perjanjian antara pt pos indonesia persero dengan pt synergi lestari pratama tentang pekerjaan pengadaan network performance monitoring npm svp digital services,SPK DAN PKS
Keputusan Direksi PT Pos Indonesia (Persero) tentang Biaya Layanan Tambahan Kiriman Internasional,Direktur Operasi dan Digital Services;,891 - KD,keputusan direksi pt pos indonesia persero tentang biaya layanan tambahan kiriman internasional direktur operasi dan digital services,KD
Perjanjian antara PT Pos Indonesia (Persero) dan PT Sucofindo tentang Pekerjaan Pengadaan Jasa Konsultan Due Diligence dan Kelayakan Rencana Investasi Perusaahaan Nomor : 256/ SPBT/0724,SVP Strategic Planning and Business Development;,892 - SPK dan PKS,perjanjian antara pt pos indonesia persero dan pt sucofindo tentang pekerjaan pengadaan jasa konsultan due diligence dan kelayakan rencana investasi perusaahaan nomor 256 spbt0724 svp strategic planning and business development,SPK DAN PKS
Keputusan Direksi Nomor : KD 042/DIR-5/0724 tentang Tata Kelola Account Manager,Direktur Bisnis Kurir dan Logistik;,893 - KD,keputusan direksi nomor kd 042dir50724 tentang tata kelola account manager direktur bisnis kurir dan logistik,KD
Surat Keputusan Direksi Nomor SK 1615/DIRUT/0824 tentang Susunan Keanggotaan Tim Pelaksana Tugas Nasional dan Regional Pendistribusian Bantuan Pangan Cadangan Beras Pemerintah Alokasi Agustus  Oktober  Desember 2024,Direktur Utama;,894 - SK,surat keputusan direksi nomor sk 1615dirut0824 tentang susunan keanggotaan tim pelaksana tugas nasional dan regional pendistribusian bantuan pangan cadangan beras pemerintah alokasi agustus oktober desember 2024 direktur utama,SK
Nota Kesepahaman antara PT Pos Indonesia (Persero) dengan PT Bhumi Visatanda Indonesia tentang Pemanfaatan Layanan Jasa dan Potensi Masing-Masing Pihak,Corsec;,896 - SPK dan PKS,nota kesepahaman antara pt pos indonesia persero dengan pt bhumi visatanda indonesia tentang pemanfaatan layanan jasa dan potensi masingmasing pihak corsec,SPK DAN PKS
Adendum atas Perjanjian Kerja Sama Nomor : PKS 103/ DIR-4/0522 antara PT Airpay International Indonesia dan PT Pos Indonesia (Persero) tentang Layanan Shopeepay Nomor : PKS245/ DIR-4/0824,Direktur Bisnis Jasa Keuangan;,897 - SPK dan PKS,adendum atas perjanjian kerja sama nomor pks 103 dir40522 antara pt airpay international indonesia dan pt pos indonesia persero tentang layanan shopeepay nomor pks245 dir40824 direktur bisnis jasa keuangan,SPK DAN PKS
Perjanjian Jasa Angkutan Pendistribusian Bantuan Pangan Cadangan Beras Pemerintah Tahun 2024 antara PERUM BULOG dengan PT Pos Indonesia (Persero) Nomor : PKS 209/DIRUT/0724,Direktur Utama;,898 - SPK dan PKS,perjanjian jasa angkutan pendistribusian bantuan pangan cadangan beras pemerintah tahun 2024 antara perum bulog dengan pt pos indonesia persero nomor pks 209dirut0724 direktur utama,SPK DAN PKS
Adendum Perjanjian Jasa Angkutan Pendistribusian Bantuan Pangan Cadangan Beras Pemerintah Tahun 2024 antara PERUM BULOG dengan PT Pos Indonesia (Persero) Nomor : PKS 214/ DIRUT/0724,Direktur Utama;,899 - SPK dan PKS,adendum perjanjian jasa angkutan pendistribusian bantuan pangan cadangan beras pemerintah tahun 2024 antara perum bulog dengan pt pos indonesia persero nomor pks 214 dirut0724 direktur utama,SPK DAN PKS
Surat Keputusan Nomor SK 1303/DIRUT/0624 tentang Perubahan Kedua atas Surat Keputusan PT Pos Indonesia (Persero) nomor : SK 882/DIRUT/0524 tentang Ubahan Surat Keputusan Pos Indonesia Nomor SK 701/DIRUT/0424 tentang Penugasan Khusus Proyek Penanganan Piutang di Lingkungan PT Pos Indonesia (Persero),Direktur Utama;,900 - SK,surat keputusan nomor sk 1303dirut0624 tentang perubahan kedua atas surat keputusan pt pos indonesia persero nomor sk 882dirut0524 tentang ubahan surat keputusan pos indonesia nomor sk 701dirut0424 tentang penugasan khusus proyek penanganan piutang di lingkungan pt pos indonesia persero direktur utama,SK
Adendum Keenam atas Perjanjian Kerja Sama Nomor : PKS 199/ DIR-5/0918 antara PT Tokopedia dengan PT Pos Indonesia (Persero) dengan PT Pos Indonesia tentang Layanan Pengiriman Barang Nomor : PKS 164/Retail Business/0624,SVP Retail Business;,901 - SPK dan PKS,adendum keenam atas perjanjian kerja sama nomor pks 199 dir50918 antara pt tokopedia dengan pt pos indonesia persero dengan pt pos indonesia tentang layanan pengiriman barang nomor pks 164retail business0624 svp retail business,SPK DAN PKS
Keputusan Direksi Nomor KD 038/DIRUT/0724 tentang Kebijakan Penetapan Koefisien Atribusi Biaya untuk Perhitungan Layanan Transaksi Keuangan pada Layanan Pos Universal,Direktur Utama;,902 - KD,keputusan direksi nomor kd 038dirut0724 tentang kebijakan penetapan koefisien atribusi biaya untuk perhitungan layanan transaksi keuangan pada layanan pos universal direktur utama,KD
Perjanjian Kerja Waktu Tertentu antara PT Pos Indonesia (Persero) dengan Dudya Dermawan sebagai Tenaga Kerja Profesional Perusahaan Nomor : PKS 204/DIR-4/0724,Direktur Bisnis Jasa Keuangan;,903 - SPK dan PKS,perjanjian kerja waktu tertentu antara pt pos indonesia persero dengan dudya dermawan sebagai tenaga kerja profesional perusahaan nomor pks 204dir40724 direktur bisnis jasa keuangan,SPK DAN PKS
Perjanjian antara PT Pos Indonesia (Persero) dengan PT Ihsan Solusi Informatika tentang Pekerjaan Pengadaan Pengembangan Module QRIS Customer Presented Mode  QRIS Cross Order Nomor : PKS 186/Digital Services/0724,SVP Digital Services;,904 - SPK dan PKS,perjanjian antara pt pos indonesia persero dengan pt ihsan solusi informatika tentang pekerjaan pengadaan pengembangan module qris customer presented mode qris cross order nomor pks 186digital services0724 svp digital services,SPK DAN PKS
Risalah Radir  Selasa 27 Agustus 2024,Direksi;,905 - risalah,risalah radir selasa 27 agustus 2024 direksi,RISALAH
Surat Penunjukan,Keuangan;,907 - Surat Dinas,surat penunjukan keuangan,SURAT DINAS
Penghapusbukuan Bangunan eks KCP Surabaya Kenjeran,Direktur Keuangan dan MR dan Direktur Utama;,909 - Surat Dinas,penghapusbukuan bangunan eks kcp surabaya kenjeran direktur keuangan dan mr dan direktur utama,SURAT DINAS
Penghapusbukuan Bangunan eks KCP Surabayaperak,Direktur Keuangan dan MR dan Direktur Utama;,910 - Surat Dinas,penghapusbukuan bangunan eks kcp surabayaperak direktur keuangan dan mr dan direktur utama,SURAT DINAS
Perjanjian Kerja Sama antara PT Pos Indonesia (Persero) dengan PT Bank Jabar Banten Syariah tentang Penyelesaian Pemotongan Uang Pensiun untuk Angsuran Pembiayaan Pensiun Nomor : PKS 230/Government and Corporate Business/0824,EVP Government and Corporate Business;,911 - SPK dan PKS,perjanjian kerja sama antara pt pos indonesia persero dengan pt bank jabar banten syariah tentang penyelesaian pemotongan uang pensiun untuk angsuran pembiayaan pensiun nomor pks 230government and corporate business0824 evp government and corporate business,SPK DAN PKS
Surat Keputusan Direksi tentang Susunan Keanggotaan Tim Pelaksana Penyaluran Bantuan Sosial Kementerian Sosial Republik Indonesia Tahun 2024,Direktur Utama;,912 - SK,surat keputusan direksi tentang susunan keanggotaan tim pelaksana penyaluran bantuan sosial kementerian sosial republik indonesia tahun 2024 direktur utama,SK
Persetujuan Pembayaran Uang Apresiasi Panitia dan Petugas Upacara Dalam Memperingati Hari Lahir Pancasila Tahun 2024,VP Manajemen Keuangan;,913 - Surat Dinas,persetujuan pembayaran uang apresiasi panitia dan petugas upacara dalam memperingati hari lahir pancasila tahun 2024 vp manajemen keuangan,SURAT DINAS
Persetujuan Pembayaran Uang Apresiasi Panitia dan Petugas Upacara Dalam Memperingati Hari Kartini Tahun 2024,VP Manajemen Keuangan;,914 - Surat Dinas,persetujuan pembayaran uang apresiasi panitia dan petugas upacara dalam memperingati hari kartini tahun 2024 vp manajemen keuangan,SURAT DINAS
Persetujuan Pembayaran Uang Apresiasi Panitia dan Petugas Upacara Dalam Memperingati Hari Kebangkitan Nasional ke-116 Tahun 2024,VP Manajemen Keuangan;,915 - Surat Dinas,persetujuan pembayaran uang apresiasi panitia dan petugas upacara dalam memperingati hari kebangkitan nasional ke116 tahun 2024 vp manajemen keuangan,SURAT DINAS
Persetujuan Pembayaran Uang Apresiasi Panitia dan Petugas Upacara Dalam Memperingati Hari Kemerdekaan Republik Indonesia Tahun 2024,VP Manajemen Keuangan;,916 - Surat Dinas,persetujuan pembayaran uang apresiasi panitia dan petugas upacara dalam memperingati hari kemerdekaan republik indonesia tahun 2024 vp manajemen keuangan,SURAT DINAS
Perjanjian Kerja Waktu Tertentu antara PT Pos Indonesia (Persero) dengan Endang Wahyudin sebagai Tenaga Kerja Profesional Perusahaan Nomor : PKS 225/DIR-1/0824,Direktur Keuangan dan Manajemen Risiko;,918 - pks,perjanjian kerja waktu tertentu antara pt pos indonesia persero dengan endang wahyudin sebagai tenaga kerja profesional perusahaan nomor pks 225dir10824 direktur keuangan dan manajemen risiko,PKS
Pengantar Proposal Bantuan Operasional Rumah Asuh Bina Bunaya,Ketua YPS Al Huda Kreatif,919 - proposal,pengantar proposal bantuan operasional rumah asuh bina bunaya ketua yps al huda kreatif,PROPOSAL
Uluran Kasih Natal,Panitia Natal bersama Umat pedalaman Gpsk Kasih Karunia,920 - Surat Dinas,uluran kasih natal panitia natal bersama umat pedalaman gpsk kasih karunia,SURAT DINAS
Undangan Diskusi,Kepala Departemen Pengaturan dan Pengembangan Pasar Modal OJK,921 - Surat Dinas,undangan diskusi kepala departemen pengaturan dan pengembangan pasar modal ojk,SURAT DINAS
Mosi Tidak Percaya Kepemimpinan EGM KCU Padang 25000 a.n Sdr Tiarsa Wahyudin AS,DPC SPPI Padang,922 - Surat Dinas,mosi tidak percaya kepemimpinan egm kcu padang 25000 an sdr tiarsa wahyudin as dpc sppi padang,SURAT DINAS
Pelaksanaan Survei Penilaian Integritas Direktorat Jenderal Anggaran Tahun 2024,a.n Direktur Jenderal Anggaran Sekretaris Direktorat Jenderal Anggaran,923 - Surat Dinas,pelaksanaan survei penilaian integritas direktorat jenderal anggaran tahun 2024 an direktur jenderal anggaran sekretaris direktorat jenderal anggaran,SURAT DINAS
Advanced Electronic Services User Group-Election of the Chair,Director of the Postal Technology Centre and Secretary of the AESUG UPU,924 - Surat Dinas,advanced electronic services user groupelection of the chair director of the postal technology centre and secretary of the aesug upu,SURAT DINAS
Perjanjian Kerja Waktu Tertentu antara PT Pos Indonesia (Persero) dengan Yaser Caesar Zidan sebagai Tenaga Kerja Profesional Perusahaan Nomor : PKS 206/DIR-5/0924,Direktur Bisnis Kurir dan Logistik;,926 - SPK dan PKS,perjanjian kerja waktu tertentu antara pt pos indonesia persero dengan yaser caesar zidan sebagai tenaga kerja profesional perusahaan nomor pks 206dir50924 direktur bisnis kurir dan logistik,SPK DAN PKS
Perjanjian Kerja Waktu Tertentu antara PT Pos Indonesia (Persero) dengan Wahyu Hamdani sebagai Tenaga Kerja Profesional Perusahaan Nomor : PKS 205/DIR-6/0924,Direktur Business Development and Portofolio Management;,927 - SPK dan PKS,perjanjian kerja waktu tertentu antara pt pos indonesia persero dengan wahyu hamdani sebagai tenaga kerja profesional perusahaan nomor pks 205dir60924 direktur business development and portofolio management,SPK DAN PKS
Perjanjian Kerahasiaan antara PT Pos Indonesia (Persero) dengan PT Mitra Kasih Perkasa tentang Pertukaran Data dan Informasi Nomor : NDA 249/SVP Consumer Business/0924,SVP Consumer Business;,928 - SPK dan PKS,perjanjian kerahasiaan antara pt pos indonesia persero dengan pt mitra kasih perkasa tentang pertukaran data dan informasi nomor nda 249svp consumer business0924 svp consumer business,SPK DAN PKS
Perjanjian Kerja Sama antara PT Pos Indonesia (Persero) dengan PT Wahana Transformasi Digital Indonesia tentang Pemanfaatan Giropos dan Kemitraan Pospay secara Host to Host,SVP Consumer Business;,930 - SPK dan PKS,perjanjian kerja sama antara pt pos indonesia persero dengan pt wahana transformasi digital indonesia tentang pemanfaatan giropos dan kemitraan pospay secara host to host svp consumer business,SPK DAN PKS
Proposal Labschool Cup 2024,SMA Labschool UPI Present,931 - proposal,proposal labschool cup 2024 sma labschool upi present,PROPOSAL
Undangan Edukasi Coretax,Kepala Kantor Pelayanan Pajak Wajib Pajak Besar Empat  Kementerian Keuangan,932 - Surat Dinas,undangan edukasi coretax kepala kantor pelayanan pajak wajib pajak besar empat kementerian keuangan,SURAT DINAS
Estimasi Pembayaran Kewajiban Bunga Periode Agustus 2024,Corporate Lending Department Bank KB Bukopin,933 - Surat Dinas,estimasi pembayaran kewajiban bunga periode agustus 2024 corporate lending department bank kb bukopin,SURAT DINAS
Permohonan Kerja Sama Sponsorship,Pengurus Karang Taruna Kota Surabaya,935 - proposal,permohonan kerja sama sponsorship pengurus karang taruna kota surabaya,PROPOSAL
Business Case UMKM Center,Dirbiskurlog dan Dirkeug MR;,936 - Surat Dinas,business case umkm center dirbiskurlog dan dirkeug mr,SURAT DINAS
Adendum Kedua atas Perjanjian Kerja Sama antara PT Pos Indonesia (Persero) dengan PT BRI (Persero) Tbk tentang Sinergi Pemanfaatan Aplikasi BRIMO untuk Transaksi Jasa Layanan Pengiriman,SVP Retail Business;,937 - SPK dan PKS,adendum kedua atas perjanjian kerja sama antara pt pos indonesia persero dengan pt bri persero tbk tentang sinergi pemanfaatan aplikasi brimo untuk transaksi jasa layanan pengiriman svp retail business,SPK DAN PKS
Surat Keputusan Direksi Nomor SK 1907/DIRUT/0924 tentang Satuan Tugas Pelaksana dan Pengembangan Usaha Mikro Kecil dan Menengah (UMKM) Center Tahun 2024,Direktur Utama;,938 - SK,surat keputusan direksi nomor sk 1907dirut0924 tentang satuan tugas pelaksana dan pengembangan usaha mikro kecil dan menengah umkm center tahun 2024 direktur utama,SK
SPK/PKS Div legal (karyadi),Corsec;,941 - SPK dan PKS,spkpks div legal karyadi corsec,SPK DAN PKS
SPK/PKS Div legal (karyadi),Corsec;,942 - SPK dan PKS,spkpks div legal karyadi corsec,SPK DAN PKS
End User License Agreement (EULA) Aplikasi PosAja UMKM,SVP Retail Business;,943 - Surat Dinas,end user license agreement eula aplikasi posaja umkm svp retail business,SURAT DINAS
Perjanjian Kerja Sama antara Dana Pensiun Pertamina dengan PT Pos Indonesia (Persero) tentang Pemutakhiran Data  Pemanfaatan Layanan Jasa Pos dan Jasa Penyaluran Dana,Direktur Bisnis Jasa Keuangan;,944 - SPK dan PKS,perjanjian kerja sama antara dana pensiun pertamina dengan pt pos indonesia persero tentang pemutakhiran data pemanfaatan layanan jasa pos dan jasa penyaluran dana direktur bisnis jasa keuangan,SPK DAN PKS
Risalah Radir  Selasa 10 September 2024,Direksi;,946 - risalah,risalah radir selasa 10 september 2024 direksi,RISALAH
Perjanjian Kerahasiaan antara PT Indosat Tbk dengan PT Pos Indonesia (Persero),SVP Consumer Business;,948 - SPK dan PKS,perjanjian kerahasiaan antara pt indosat tbk dengan pt pos indonesia persero svp consumer business,SPK DAN PKS
Perjanjian Kerahasiaan antara PT Indonesia Comnets Plus dengan PT Pos Indonesia (Persero),EVP Government and Corporate Business;,949 - SPK dan PKS,perjanjian kerahasiaan antara pt indonesia comnets plus dengan pt pos indonesia persero evp government and corporate business,SPK DAN PKS
Perjanjian Kerja Sama antara PT Pos Indonesia (Persero) dengan PT Remid Karya Indonesia tentang Penerimaan Pembayaran Multi Biller melalui Sistem Online Payment Point Pos Nomor : PKS 240/ DIR-4/0824,SVP Givernment and Corporate Business;,950 - SPK dan PKS,perjanjian kerja sama antara pt pos indonesia persero dengan pt remid karya indonesia tentang penerimaan pembayaran multi biller melalui sistem online payment point pos nomor pks 240 dir40824 svp givernment and corporate business,SPK DAN PKS
1. Perjanjian antara PT Pos Indonesia (Persero) dengan PT RAP Asia Consulting tentang Pekerjaan Pengadaan Jasa Penilaian Tingkat Kematangan Risiko (Risk Maturity Index) 2024 Nomor : PKS 220/Risk Management and Financial Policy/0724 2. Surat Perintah Kerja (SPK) Pengadaan Jasa Penilaian Tingkat Kematangan Risiko (RMI) 2024,SVP Risk Management and Financial Policy;,951 - SPK dan PKS,1 perjanjian antara pt pos indonesia persero dengan pt rap asia consulting tentang pekerjaan pengadaan jasa penilaian tingkat kematangan risiko risk maturity index 2024 nomor pks 220risk management and financial policy0724 2 surat perintah kerja spk pengadaan jasa penilaian tingkat kematangan risiko rmi 2024 svp risk management and financial policy,SPK DAN PKS
Keputusan Direksi tentang Perubahan Kedua atas Keputusan Direksi PT Pos Indonesia (Persero) Nomor KD 047/DIRUT/0523 tentang Sistem Operasi Kurir,Direktur Utama;,952 - KD,keputusan direksi tentang perubahan kedua atas keputusan direksi pt pos indonesia persero nomor kd 047dirut0523 tentang sistem operasi kurir direktur utama,KD
Keputusan Direksi tentang Perubahan Pertama atas Keputusan Direksi PT Pos Indonesia (Persero) Nomor KD 025/DIR-5/0524 tentang Lini Produk Jasa Kurir Ritel Domestik dan Internasional,Direktur Bisnis Kurir dan Logistik;,953 - KD,keputusan direksi tentang perubahan pertama atas keputusan direksi pt pos indonesia persero nomor kd 025dir50524 tentang lini produk jasa kurir ritel domestik dan internasional direktur bisnis kurir dan logistik,KD
Keputusan Direksi tentang Implementasi Teknologi Robotic dan Radio Frequency Identification (RFID) Digitalisasi dan Otomasi Operasi Kurir dan Logistik,Direktur Operasi dan Digital Services;,954 - KD,keputusan direksi tentang implementasi teknologi robotic dan radio frequency identification rfid digitalisasi dan otomasi operasi kurir dan logistik direktur operasi dan digital services,KD
Perjanjian Kerja Sama antara PT Treetan Nusantara Network dengan PT Pos Indonesia (Persero) tentang Pengiriman Barang Perlengkapan Umroh dan Wisata Halal serta Oleh-Oleh Nomor : PKS 266/Enterprise Business/2024,EVP Enterprise Business;,955 - SPK dan PKS,perjanjian kerja sama antara pt treetan nusantara network dengan pt pos indonesia persero tentang pengiriman barang perlengkapan umroh dan wisata halal serta oleholeh nomor pks 266enterprise business2024 evp enterprise business,SPK DAN PKS
Penyampaian Hasil Evaluasi Pengayaan Watchlist pada Aplikasi Sistem Informasi Terduga Pendanaan Terorisme (SIPENDAR),Plt Direktur Pelaporan  Pusat Pelaporan dan Analisis Transaksi Keuangan,957 - Surat Dinas,penyampaian hasil evaluasi pengayaan watchlist pada aplikasi sistem informasi terduga pendanaan terorisme sipendar plt direktur pelaporan pusat pelaporan dan analisis transaksi keuangan,SURAT DINAS
Pemberitahuan penarikan mobil sewa kendaraan bermotor roda 4 sebanyak 8 unit karena habis masa sewa,Koperasi Usaha Bersama Kantor Regionalpos 9 Banjarbaru,958 - Surat Dinas,pemberitahuan penarikan mobil sewa kendaraan bermotor roda 4 sebanyak 8 unit karena habis masa sewa koperasi usaha bersama kantor regionalpos 9 banjarbaru,SURAT DINAS
proposal Maha Tour,Marketing Executive Maha Tour,959 - proposal,proposal maha tour marketing executive maha tour,PROPOSAL
Surat Keputusan Dewan Pengurus Pusat Serikat Pekerja Pos Indonesia Nomor : 09/C3/DPP SPPI/VI/2024 tentang Reshiffle Susunan Pengurus Pusat SPPI Periode Tahun 2021 - 2026,DPP SPPI,960 - SK,surat keputusan dewan pengurus pusat serikat pekerja pos indonesia nomor 09c3dpp sppivi2024 tentang reshiffle susunan pengurus pusat sppi periode tahun 2021 2026 dpp sppi,SK
Ucapan Terima Kasih,Kepala Badan Pengawas Obat dan Makanan Republik Indonesia,961 - Surat Dinas,ucapan terima kasih kepala badan pengawas obat dan makanan republik indonesia,SURAT DINAS
Proposal Kegiatan Charity Action 12,Himpunan Mahasiswa Administrasi Bisnis Telkom University,962 - proposal,proposal kegiatan charity action 12 himpunan mahasiswa administrasi bisnis telkom university,PROPOSAL
Risalah Ratas tgl 17 Sept 2024 perihal : usulan pembayaran dana talangan KSO Proyek IKN,Direksi;,964 - risalah,risalah ratas tgl 17 sept 2024 perihal usulan pembayaran dana talangan kso proyek ikn direksi,RISALAH
Risalah Radir  Selasa 17 September 2024,Direksi;,965 - risalah,risalah radir selasa 17 september 2024 direksi,RISALAH
Perjanjian antara PT Pos Indonesia (Persero) dengan PT Semolis Teknologi Indonesia tentang Pekerjaan Pengadaan Sepeda Motor Listrik di PT Pos Indonesia (Persero) Nomor : PKS 242/ DIR-2/0824,Direktur Human Capital Management;,966 - SPK dan PKS,perjanjian antara pt pos indonesia persero dengan pt semolis teknologi indonesia tentang pekerjaan pengadaan sepeda motor listrik di pt pos indonesia persero nomor pks 242 dir20824 direktur human capital management,SPK DAN PKS
Surat pernyataan kebenaran Data,Direktur Human Capital Management;,967 - Surat Dinas,surat pernyataan kebenaran data direktur human capital management,SURAT DINAS
Perjanjian Kerahasiaan antara PT Pos Indonesia (Persero) dengan PT Pos Logistik Indonesia tentang Pertukaran Data dan/atau Informasi Nomor : NDA 269/SVP Retail Business/0924,SVP Retail Business;,968 - SPK dan PKS,perjanjian kerahasiaan antara pt pos indonesia persero dengan pt pos logistik indonesia tentang pertukaran data danatau informasi nomor nda 269svp retail business0924 svp retail business,SPK DAN PKS
Amandemen Ketiga atas Perubahan dan Pernyataan Kembali Perjanjian Kerja Sama antara PT PLN (Persero) dengan PT Pos Indonesia (Persero) tentang Penerimaan Pembayaran Tagihan Listrik dan Tagihan Lainnya secara Terpusat Nomor : PKS 201/ DIR-4/0724,Direktur Bisnis Jasa Keuangan;,969 - SPK dan PKS,amandemen ketiga atas perubahan dan pernyataan kembali perjanjian kerja sama antara pt pln persero dengan pt pos indonesia persero tentang penerimaan pembayaran tagihan listrik dan tagihan lainnya secara terpusat nomor pks 201 dir40724 direktur bisnis jasa keuangan,SPK DAN PKS
Risalah Ratas  Selasa 17 Sept 2024,Direksi;,970 - risalah,risalah ratas selasa 17 sept 2024 direksi,RISALAH
Keputusan Direksi tentang Penggarapan Layanan Cash On Delivery Talangan dan Connote on Delivery Talangan,Direktur Bisnis Kurir dan Logistik;,971 - KD,keputusan direksi tentang penggarapan layanan cash on delivery talangan dan connote on delivery talangan direktur bisnis kurir dan logistik,KD
Surat Edaran tentang Beasiswa Rekognisi Pembelajaran Lampau Program Studi Diploma III Logistik Bisnis dan Program Studi Sarjana Terapan Logistik Bisnis pada Universitas Logistik dan Bisnis Internasional Tahun 2024/2025,Direktur Human Capital Management;,972 - SE,surat edaran tentang beasiswa rekognisi pembelajaran lampau program studi diploma iii logistik bisnis dan program studi sarjana terapan logistik bisnis pada universitas logistik dan bisnis internasional tahun 20242025 direktur human capital management,SE
Perjanjian antara PT Pos Indonesia (Persero) dengan PT Pos Finansial Indonesia tentang Pekerjaan Pengadaan Jasa Layanan Notifikasi Menggunakan Whatsapp (WA) dan Short Message Service (SMS),SVP Retail Business;,973 - SPK dan PKS,perjanjian antara pt pos indonesia persero dengan pt pos finansial indonesia tentang pekerjaan pengadaan jasa layanan notifikasi menggunakan whatsapp wa dan short message service sms svp retail business,SPK DAN PKS
Perjanjian antara PT Pos Indonesia (Persero) dengan PT Ilmu Komputercom Braindevs Sistema tentang Pekerjaan Pengadaan Jasa Konsultasi Penyusunan Enterprise Architecture PT Pos Indonesia (Persero) Nomor : PKS 210/Digital Service/0724,SVP Digital Services;,974 - SPK dan PKS,perjanjian antara pt pos indonesia persero dengan pt ilmu komputercom braindevs sistema tentang pekerjaan pengadaan jasa konsultasi penyusunan enterprise architecture pt pos indonesia persero nomor pks 210digital service0724 svp digital services,SPK DAN PKS
Perjanjian antara PT Pos Indonesia (Persero) dengan PT Dapensi Dwikarya tentang Pekerjaan Pengadaan Sewa Kendaraan Jabatan Executive Manager di Regional V Surabaya Tahap 2 dan Regional VI Makassar Tahun 2024 Nomor : PKS 248/DIR-2/0924,Direktur Human Capital Management;,975 - SPK dan PKS,perjanjian antara pt pos indonesia persero dengan pt dapensi dwikarya tentang pekerjaan pengadaan sewa kendaraan jabatan executive manager di regional v surabaya tahap 2 dan regional vi makassar tahun 2024 nomor pks 248dir20924 direktur human capital management,SPK DAN PKS
Tanggapan atas Usulan Direksi PT Pos Logistik Indonesia,Komisaris Utama PosIND,977 - Surat Dinas,tanggapan atas usulan direksi pt pos logistik indonesia komisaris utama posind,SURAT DINAS
Adendum Pertama atas Perjanjian Kerja Sama Nomor : PKS 066/ SVP Government and Corporate Business antara PT Pos Indonesia (Persero) dengan PT Bank Mandiri Taspen tentang Penyelesaian Pemotongan Uang Pensiun untuk Angsuran Kredit Pensiun Nomor : PKS 244/Government and Corporate Business/0824,EVP Government and Corporate Business;,980 - SPK dan PKS,adendum pertama atas perjanjian kerja sama nomor pks 066 svp government and corporate business antara pt pos indonesia persero dengan pt bank mandiri taspen tentang penyelesaian pemotongan uang pensiun untuk angsuran kredit pensiun nomor pks 244government and corporate business0824 evp government and corporate business,SPK DAN PKS
Berita Acara Pelimpahan Dana PUMK (Pendanaan Usaha Mikro dan Koperasi) Tahap II Tahun 2024 ke Bank Rakyat Indonesia (BRI),Corporate Secretary;,981 - BA,berita acara pelimpahan dana pumk pendanaan usaha mikro dan koperasi tahap ii tahun 2024 ke bank rakyat indonesia bri corporate secretary,BA
Memorendum of Understanding Kolaborasi dan Sinergi Peningkata Layanan dan Utilisasi Kantor Pos antara Asosiasi Penyelenggara Jaringan Telekomunikasi Indonesia (APJATEL) dengan PT Pos Indonesia (Persero),Direktur Utama;,982 - SPK dan PKS,memorendum of understanding kolaborasi dan sinergi peningkata layanan dan utilisasi kantor pos antara asosiasi penyelenggara jaringan telekomunikasi indonesia apjatel dengan pt pos indonesia persero direktur utama,SPK DAN PKS
Risalah Radir  Selasa 24 September 2024,Direksi;,984 - risalah,risalah radir selasa 24 september 2024 direksi,RISALAH
pembuatan VISA Dirut dan Corsec,VP Corcomm;,986 - Surat Dinas,pembuatan visa dirut dan corsec vp corcomm,SURAT DINAS
Adendum Perjanjian Kerja antara Direktorat Jenderal Penyelenggaraan Pos dan Informatika dan PT Pos Indonesia (Persero) tentang Subsidi Operasional Penyelenggaraan Layanan Pos Universal Tahun Anggaran 2024 Nomor : PKS 352/ DIRUT/1223,Direktur Utama;,989 - SPK dan PKS,adendum perjanjian kerja antara direktorat jenderal penyelenggaraan pos dan informatika dan pt pos indonesia persero tentang subsidi operasional penyelenggaraan layanan pos universal tahun anggaran 2024 nomor pks 352 dirut1223 direktur utama,SPK DAN PKS
1. Berita Acara Kesepakatan tentang Pelayanan Penerimaan Pembayaran secara Host to Host antara PT Bank Syariah Indonesia Tbk dengan PT Pos Indonesia (Persero) Nomor : 15.JASKUG/ PM/0224 2. Perjanjian Kerja Sama antara PT Bank Syariah Indonesia Tbk dengan PT Pos Indonesia (Persero) tentang Pelayanan Penerimaan Pembayaran secara Host to Host,SVP Consumer Business;,990 - SPK dan PKS,1 berita acara kesepakatan tentang pelayanan penerimaan pembayaran secara host to host antara pt bank syariah indonesia tbk dengan pt pos indonesia persero nomor 15jaskug pm0224 2 perjanjian kerja sama antara pt bank syariah indonesia tbk dengan pt pos indonesia persero tentang pelayanan penerimaan pembayaran secara host to host svp consumer business,SPK DAN PKS
Adendum Perjanjian Kerja Sama nomor : PKS239/DIR-4/1021 antara Badan Penyelenggara Jaminan Sosial Ketenagakerjaan dengan PT Pos Indonesia (Persero) tentang Penyelenggaraan Jaminan Sosial Ketenagakerjaan,Direktur Bisnis Jasa Keuangan;,991 - SPK dan PKS,adendum perjanjian kerja sama nomor pks239dir41021 antara badan penyelenggara jaminan sosial ketenagakerjaan dengan pt pos indonesia persero tentang penyelenggaraan jaminan sosial ketenagakerjaan direktur bisnis jasa keuangan,SPK DAN PKS
Keputusan Direksi tentang Pelindungan Data Pribadi,Direktur Utama;,992 - KD,keputusan direksi tentang pelindungan data pribadi direktur utama,KD
Risalah Radir  Selasa 1 Oktober 2024,Direksi;,993 - risalah,risalah radir selasa 1 oktober 2024 direksi,RISALAH
Berita Acara Kesepakatan Bersama dan Kerangka Acuan Kerja (KAK) antara : 1. PT Pos Indonesia (Persero) 2. PT Surabaya Industrial Estate Rungkut 3. PT Pelabuhan Indonesia (Persero) 4. PT Kereta Api Indonesia (Persero),Direktur Business Development and Portfolio Management;,994 - SPK dan PKS,berita acara kesepakatan bersama dan kerangka acuan kerja kak antara 1 pt pos indonesia persero 2 pt surabaya industrial estate rungkut 3 pt pelabuhan indonesia persero 4 pt kereta api indonesia persero direktur business development and portfolio management,SPK DAN PKS
Perjanjian antara PT Pos Indonesia (Persero) dengan PT Rachmarani Jaya Abadi tentang Pekerjaan Pengadaan Jasa pengelola Media Sosial Posaja Periode Juli - Desember 2024 Nomor 974/RB/0724,SVP Retail Business;,995 - SPK dan PKS,perjanjian antara pt pos indonesia persero dengan pt rachmarani jaya abadi tentang pekerjaan pengadaan jasa pengelola media sosial posaja periode juli desember 2024 nomor 974rb0724 svp retail business,SPK DAN PKS
Perjanjian Kerja Sama antara PT Pos Indonesia dengan PT Pos Finansial Indonesia tentang Aggregator Layanan Kurir Posaja Nomor : PKS 270/SVP Retail Business/0924,SVP Retail Business;,996 - SPK dan PKS,perjanjian kerja sama antara pt pos indonesia dengan pt pos finansial indonesia tentang aggregator layanan kurir posaja nomor pks 270svp retail business0924 svp retail business,SPK DAN PKS
Perjanjian Kerja Sama antara PT Shafiq Digital Indonesia dengan PT Pos Indonesia (Persero) tentang Layanan Urun Dana melalui Penawaran Efek Berbasis Teknologi Informasi (Securities Crowdfunding),Direktur Bisnis Jasa Keuangan;,997 - SPK dan PKS,perjanjian kerja sama antara pt shafiq digital indonesia dengan pt pos indonesia persero tentang layanan urun dana melalui penawaran efek berbasis teknologi informasi securities crowdfunding direktur bisnis jasa keuangan,SPK DAN PKS
Permohonan Kenaikan Limit Kartu Kredit,BNI Bandung;,998 - Surat Dinas,permohonan kenaikan limit kartu kredit bni bandung,SURAT DINAS
Adendum Pertama atas Perjanjian Kerja Sama Nomor : PKS 202/ SVP Retail Business/0724 antara PT Regarsport dengan PT Pos Indonesia (Persero) tentang Pengiriman Kiriman Marketplace Nomor : PKS 293/SVP Retail Business/1024,SVP Retail Business;,1000 - SPK dan PKS,adendum pertama atas perjanjian kerja sama nomor pks 202 svp retail business0724 antara pt regarsport dengan pt pos indonesia persero tentang pengiriman kiriman marketplace nomor pks 293svp retail business1024 svp retail business,SPK DAN PKS
Surat Pernyataan,Corsec;,1001 - Surat Dinas,surat pernyataan corsec,SURAT DINAS
Perjanjian Kerja Sama antara PT Pos Indonesia (Persero) dengan PT Sarana Pactindo tentang Layanan Cash In dan Cash Out pada Jaringan Layanan Pos Nomor : 288/SVP Consumer Business/1024,SVP Consumer Business;,1002 - SPK dan PKS,perjanjian kerja sama antara pt pos indonesia persero dengan pt sarana pactindo tentang layanan cash in dan cash out pada jaringan layanan pos nomor 288svp consumer business1024 svp consumer business,SPK DAN PKS
Surat Pengantar Proposal Pengajuan Sponsorship Venue,Komunitas Lirik Sekitar,1003 - proposal,surat pengantar proposal pengajuan sponsorship venue komunitas lirik sekitar,PROPOSAL
Penawaran Jasa Sertifikasi Kompetensi,PT LSP IND Logistik Indonesia,1004 - Surat Dinas,penawaran jasa sertifikasi kompetensi pt lsp ind logistik indonesia,SURAT DINAS
Surat Pernyataan,Corsec;,1005 - Surat Dinas,surat pernyataan corsec,SURAT DINAS
Ucapan terima kasih,Korps Veteran Karyawan Postel/LVRI,1006 - Surat Dinas,ucapan terima kasih korps veteran karyawan postellvri,SURAT DINAS
Risalah Radir  Selasa 8 Okt 2024,Direksi;,1008 - risalah,risalah radir selasa 8 okt 2024 direksi,RISALAH
Risalah Ratas  Jumat 4 Okt 2024,Direksi;,1009 - risalah,risalah ratas jumat 4 okt 2024 direksi,RISALAH
Keputusan Direksi tentang Direktori Kompetensi Karyawan PT Pos Indonesia (Persero),Direktur Human Capital Management;,1010 - KD,keputusan direksi tentang direktori kompetensi karyawan pt pos indonesia persero direktur human capital management,KD
Pengantar Partisipasi Sponsorship,IFG Life;,1011 - Surat Dinas,pengantar partisipasi sponsorship ifg life,SURAT DINAS
Adendum Perjanjian Kerja Waktu Tertentu Nomor : PKS 129/ DIR-1/0524 antara PT Pos Indonesia (Persero) dengan Moko Mahadianto sebagai Tenaga Kerja Profesional Perusahaan Nomor Adendum : PKS 219/DIR-1/0824,Direktur Keuangan dan Manajemen Risiko;,1012 - SPK dan PKS,adendum perjanjian kerja waktu tertentu nomor pks 129 dir10524 antara pt pos indonesia persero dengan moko mahadianto sebagai tenaga kerja profesional perusahaan nomor adendum pks 219dir10824 direktur keuangan dan manajemen risiko,SPK DAN PKS
Keputusan Direksi Nomor : KD 059/DIRUT/1024 tentang Pedoman Penyusunan Laporan Keuangan  Laporan Triwulanan dan Laporan Tahunan pada Pos Indonesia Group,Direktur Utama;,1013 - KD,keputusan direksi nomor kd 059dirut1024 tentang pedoman penyusunan laporan keuangan laporan triwulanan dan laporan tahunan pada pos indonesia group direktur utama,KD
Invoice BTN,VP Corcomm;,1014 - Surat Dinas,invoice btn vp corcomm,SURAT DINAS
Permohonan Dana,Panitia Universal Open 2024 Pengurus Dewan Santri Kabinet Harsa Adhibrata,1015 - proposal,permohonan dana panitia universal open 2024 pengurus dewan santri kabinet harsa adhibrata,PROPOSAL
Surat Pernyataan Karyawan dalam rangka Mendukung Transformasi Perusahaan,Dewan Pengurus Pusat Serikat Pekerja Pos Indonesia,1016 - Surat Dinas,surat pernyataan karyawan dalam rangka mendukung transformasi perusahaan dewan pengurus pusat serikat pekerja pos indonesia,SURAT DINAS
Permohonan untuk melegalisir & membuat Surat Pengantar untuk BKN di Jakarta,Pensiunan Pos Indonesia,1017 - Surat Dinas,permohonan untuk melegalisir membuat surat pengantar untuk bkn di jakarta pensiunan pos indonesia,SURAT DINAS
invoice,external;,1019 - Surat Dinas,invoice external,SURAT DINAS
Sponsor Pembuatan Visa Direktur HCM,corsec;,1020 - Surat Dinas,sponsor pembuatan visa direktur hcm corsec,SURAT DINAS
Surat Edaran tentang Program Beasiswa Pendidikan Pascasarjana S2 pada Universitas Logistik dan Bisnis Internasional Tahun 2024/2025,Direktur Human Capital Management;,1022 - SE,surat edaran tentang program beasiswa pendidikan pascasarjana s2 pada universitas logistik dan bisnis internasional tahun 20242025 direktur human capital management,SE
Addendum Perjanjian Kerja Sama Nomor : PKS 200/DIR-2/2023 antara PT Pos Indonesia (Persero) dengan Perusahaan Perseroan (Persero) PT Perusahaan Perkembangan Ekonomi Nasional Rajawali Nusantara Indonesia tentang Talent Mobility Penugasan Karyawan PT Pos Indonesia (Persero) pada PT Rajawali Nusantara Indonesia (Persero) Nomor : PKS 296/DIR-2/2024 IDFOOD,Direktur Human Capital Management;,1023 - SPK dan PKS,addendum perjanjian kerja sama nomor pks 200dir22023 antara pt pos indonesia persero dengan perusahaan perseroan persero pt perusahaan perkembangan ekonomi nasional rajawali nusantara indonesia tentang talent mobility penugasan karyawan pt pos indonesia persero pada pt rajawali nusantara indonesia persero nomor pks 296dir22024 idfood direktur human capital management,SPK DAN PKS
Perjanjian Kerahasiaan antara Bank Pembangunan Daerah Jawa Barat dan Banten dengan PT Pos Indonesia (Persero),SVP Consumer Business;,1024 - SPK dan PKS,perjanjian kerahasiaan antara bank pembangunan daerah jawa barat dan banten dengan pt pos indonesia persero svp consumer business,SPK DAN PKS
Perjanjian Kerja Sama antara PT Pos Indonesia dengan CV Harmoni Jaya Abadi tentang Pengelolaan Loket Kemitraan Layanan Remittance,SVP Consumer Business;,1025 - SPK dan PKS,perjanjian kerja sama antara pt pos indonesia dengan cv harmoni jaya abadi tentang pengelolaan loket kemitraan layanan remittance svp consumer business,SPK DAN PKS
Perubahan I Perjanjian Kerja Pengadaan Jasa Transporter untuk Distribusi Bantuan Pangan Program Stunting Pemerintah Tahun 2024 antara PT Rajawali Nusantara Indonesia (Persero) dan PT Pos Indonesia (Persero) Nomor : PKS 295/DIRUT/2024,Direktur utama;,1027 - SPK dan PKS,perubahan i perjanjian kerja pengadaan jasa transporter untuk distribusi bantuan pangan program stunting pemerintah tahun 2024 antara pt rajawali nusantara indonesia persero dan pt pos indonesia persero nomor pks 295dirut2024 direktur utama,SPK DAN PKS
risalah radir  selasa 15 okt 2024,Direksi;,1028 - risalah,risalah radir selasa 15 okt 2024 direksi,RISALAH
Perjanjian Larangan Pengungkapan dan Kerahasiaan Nomor : NDA 287/SVP Retail Business/1024,SVP Retail Business;,1029 - SPK dan PKS,perjanjian larangan pengungkapan dan kerahasiaan nomor nda 287svp retail business1024 svp retail business,SPK DAN PKS
1. Berita Acara Kesepakatan Perpanjangan Perjanjian Kerja Sama antara PT Pos Indonesia (Persero) dengan PT Bank Bumi Arta tentang Pemotongan Uang Pensiun untuk Angsuran Kredit Pensiun dan Pemeliharaan Data (Flagging) Pegawai Negeri Sipil/Aparatur Sipil Negara/TNI/POLRI dan Pensiunan yang memperoleh Kredit melalui PT Bank Bumi Arta Nomor : 875/Government and Corporate Business/0824 2. Perjanjian Kerja Sama antara PT Pos Indonesia (Persero) dengan PT Bank Bumi Arta tentang Penyelesaian Pemotongan Uang Pensiun untuk Angsuran Kredit Pensiun Nomor : PKS 224/EVP Government and Corporate Business/0824,EVP Government and Corporate Business;,1030 - SPK dan PKS,1 berita acara kesepakatan perpanjangan perjanjian kerja sama antara pt pos indonesia persero dengan pt bank bumi arta tentang pemotongan uang pensiun untuk angsuran kredit pensiun dan pemeliharaan data flagging pegawai negeri sipilaparatur sipil negaratnipolri dan pensiunan yang memperoleh kredit melalui pt bank bumi arta nomor 875government and corporate business0824 2 perjanjian kerja sama antara pt pos indonesia persero dengan pt bank bumi arta tentang penyelesaian pemotongan uang pensiun untuk angsuran kredit pensiun nomor pks 224evp government and corporate business0824 evp government and corporate business,SPK DAN PKS
Amandemen Pertama atas Kontrak Payung Pengadaan Jasa Distribusi dan Pengelolaan Produk Telkomsel dan Pengiriman Perangkat NTE antara PT Telekomunikasi Selular dengan PT Pos Indonesia (Persero) OA : M100003633,Direektur Bisnis Kurir dan Logistik;,1031 - SPK dan PKS,amandemen pertama atas kontrak payung pengadaan jasa distribusi dan pengelolaan produk telkomsel dan pengiriman perangkat nte antara pt telekomunikasi selular dengan pt pos indonesia persero oa m100003633 direektur bisnis kurir dan logistik,SPK DAN PKS
Surat Edaran tentang Perputaran Talenta (Talent Mobility) di Lingkungan PT Pos Indonesia (Persero),Direktur Human Capital Management;,1032 - SE,surat edaran tentang perputaran talenta talent mobility di lingkungan pt pos indonesia persero direktur human capital management,SE
Perjanjian Kerja Sama antara PT Pos Indonesia (Persero) dengan PT Pos Properti Indonesia tentang Pemanfaatan Ruangan dan Penyediaan Material Handling Equipment untuk Warehouse Telkomsel nomor : PKS 301/DIRUT/1024,Direktur Utama;,1033 - SPK dan PKS,perjanjian kerja sama antara pt pos indonesia persero dengan pt pos properti indonesia tentang pemanfaatan ruangan dan penyediaan material handling equipment untuk warehouse telkomsel nomor pks 301dirut1024 direktur utama,SPK DAN PKS
Surat Keputusan PT Pos Indonesia (Persero) Nomor : SK 2088/ DIRUT/0924 tentang Satuan Penugasan Khusus Proyel Customer Centric di Lingkungan PT Pos Indonesia (Persero),Direktur Utama;,1034 - SK,surat keputusan pt pos indonesia persero nomor sk 2088 dirut0924 tentang satuan penugasan khusus proyel customer centric di lingkungan pt pos indonesia persero direktur utama,SK
Perjanjian Kerja Sama antara PT Pos Indonesia (Persero) dengan PT Jalin Pembayaran Nusantara tentang Pemanfaatan Layanan ATM dalam Jaringan Link,SVP Consumer Business;,1036 - SPK dan PKS,perjanjian kerja sama antara pt pos indonesia persero dengan pt jalin pembayaran nusantara tentang pemanfaatan layanan atm dalam jaringan link svp consumer business,SPK DAN PKS
Penawaran Kolaborasi CSR dan TJSL dalam program KUMM Barista,Direktur Eksekutif Cintara,1037 - proposal,penawaran kolaborasi csr dan tjsl dalam program kumm barista direktur eksekutif cintara,PROPOSAL
Peerbitan Buku Agenda Kerja dan Kalender Kementerian Perhubungan 2025,Pengurus Badan Pembina Pensiunan Pegawai (BP-3) Perhubungan,1038 - Surat Dinas,peerbitan buku agenda kerja dan kalender kementerian perhubungan 2025 pengurus badan pembina pensiunan pegawai bp3 perhubungan,SURAT DINAS
Permohonan Bantuan Dana,Panitia Pembangunan Madrasah & Renovasi Mesjid Al-Ikhlas,1039 - proposal,permohonan bantuan dana panitia pembangunan madrasah renovasi mesjid alikhlas,PROPOSAL
Penyampaian Buku Laporan Perekonomian Provinsi Jawa Barat Periode Agustus 2024,Deputi Direktur Kantor Perwakilan Bank Indonesia Provinsi Jawa Barat,1040 - Surat Dinas,penyampaian buku laporan perekonomian provinsi jawa barat periode agustus 2024 deputi direktur kantor perwakilan bank indonesia provinsi jawa barat,SURAT DINAS
Tanggapan dan laporan Pelaksanaan Tugas Pengawasan Dewan Komisaris bulan Juli 2024,Komisaris PT Pos Logistik Indonesia,1041 - Surat Dinas,tanggapan dan laporan pelaksanaan tugas pengawasan dewan komisaris bulan juli 2024 komisaris pt pos logistik indonesia,SURAT DINAS
"Surat Pemberitahuan Pemenang Awarding Indonesia BUMN Awards 2024 ""Innovation to Grow Together in a Sustainable Economy""",CEO & Chief Editor Warta Ekonomi,1042 - Surat Dinas,surat pemberitahuan pemenang awarding indonesia bumn awards 2024 innovation to grow together in a sustainable economy ceo chief editor warta ekonomi,SURAT DINAS
Majalah Parahyangan,Pemimpin Redaksi Majalah Parahyangan,1043 - Surat Dinas,majalah parahyangan pemimpin redaksi majalah parahyangan,SURAT DINAS
Panggilan Klarifikasi I,Kepala Dinas Ketenagakerjaan Pemerintah Kota Bandung,1045 - Surat Dinas,panggilan klarifikasi i kepala dinas ketenagakerjaan pemerintah kota bandung,SURAT DINAS
Penawaran Kerja sama Sponsorship Seminar Internasional di Surabaya dan Kongres Persatuan Insinyur Indonesia XXIII di Yogyakarta,Pengurus Pusat Persatuan Insinyur Indonesia,1046 - Surat Dinas,penawaran kerja sama sponsorship seminar internasional di surabaya dan kongres persatuan insinyur indonesia xxiii di yogyakarta pengurus pusat persatuan insinyur indonesia,SURAT DINAS
Permohonan hibah tanah milik PT Pos Indonesia (Persero),Kepala Kepolisian Daerah Jawa Barat,1047 - Surat Dinas,permohonan hibah tanah milik pt pos indonesia persero kepala kepolisian daerah jawa barat,SURAT DINAS
Pemberitahuan Surat Keberatan Tidak Memenuhi Persyaratan,Kepala Kantor Wilayah Direktorat Jenderal Pajak Wajib Pajak Besar,1048 - Surat Dinas,pemberitahuan surat keberatan tidak memenuhi persyaratan kepala kantor wilayah direktorat jenderal pajak wajib pajak besar,SURAT DINAS
Estimasi Pembayaran Kewajiban Bunga Periode September 2024,Department Head KB Bank,1049 - Surat Dinas,estimasi pembayaran kewajiban bunga periode september 2024 department head kb bank,SURAT DINAS
Leadership Excellence : Harnessing the Power of Technology and Fine Arts Paris  France  19 - 23 May 2025,AGLP ASEAN Global Leadership Program  ESCP Business School  SRW & Co,1050 - Surat Dinas,leadership excellence harnessing the power of technology and fine arts paris france 19 23 may 2025 aglp asean global leadership program escp business school srw co,SURAT DINAS
Tanggapan atas Surat Dirut Nomor C.Pos.59564/ND 500/P00/2024 tentang Penyampaian 3 (tiga) Top Risks PT Pos Indonesia (Persero) atas surat KBUMN No. S-35/DKU.MBU/08/2024,Komisaris Utama,1051 - Surat Dinas,tanggapan atas surat dirut nomor cpos59564nd 500p002024 tentang penyampaian 3 tiga top risks pt pos indonesia persero atas surat kbumn no s35dkumbu082024 komisaris utama,SURAT DINAS
Usulan Kantor Akuntan Publik (KAP) untuk Audit Laporan Keuangan Perseroan dan Laporan Keuangan TJSL PT Pos Indonesia (Persero) Tahun Buku 2024,Komisaris Utama,1052 - Surat Dinas,usulan kantor akuntan publik kap untuk audit laporan keuangan perseroan dan laporan keuangan tjsl pt pos indonesia persero tahun buku 2024 komisaris utama,SURAT DINAS
1. Penetapan kandidat Pemenang IHCBA 2024 2. Konfirmasi Kesediaan Penjurian IHCBA 2024,Indonesia Human Capital Brilliance Awards 2024 (IHCBA 2024),1053 - Surat Dinas,1 penetapan kandidat pemenang ihcba 2024 2 konfirmasi kesediaan penjurian ihcba 2024 indonesia human capital brilliance awards 2024 ihcba 2024,SURAT DINAS
Perjanjian Kerahasiaan antara PT Pos Indonesia (Persero) dengan PT Artajasa Pembayaran Elektronis tentang Pertukaran Data dan Informasi Nomor : NDA 313/SVP Consumer Business/1024,SVP Consumer Business;,1055 - SPK dan PKS,perjanjian kerahasiaan antara pt pos indonesia persero dengan pt artajasa pembayaran elektronis tentang pertukaran data dan informasi nomor nda 313svp consumer business1024 svp consumer business,SPK DAN PKS
Ajakan Sedekah sebagai Tanda Syukur,Ketua Badan Amil Zakat Nasional Republik Indonesia,1056 - Surat Dinas,ajakan sedekah sebagai tanda syukur ketua badan amil zakat nasional republik indonesia,SURAT DINAS
Undangan Pelatihan Teknik Pemeriksaan,Ketua Pelaksana Pelatihan Teknik Pemeriksaan Lp2Kp Artha Nugraha,1057 - Surat Dinas,undangan pelatihan teknik pemeriksaan ketua pelaksana pelatihan teknik pemeriksaan lp2kp artha nugraha,SURAT DINAS
Professional Recognition Program (PRP) - Qualified Internal Auditor (QIA),Ketua Umum yayasan Pendidikan Internal Audit (YPIA),1058 - Surat Dinas,professional recognition program prp qualified internal auditor qia ketua umum yayasan pendidikan internal audit ypia,SURAT DINAS
Optimalisasi Pengelolaan Zakat,Ketua Badan Amil Zakat Nasional Republlik Indonesia,1059 - Surat Dinas,optimalisasi pengelolaan zakat ketua badan amil zakat nasional republlik indonesia,SURAT DINAS
Permohonan Keabsahan dan Data-data Dokumen,Direktur Utama,1060 - Surat Dinas,permohonan keabsahan dan datadata dokumen direktur utama,SURAT DINAS
Pemberitahuan Surat Keberatan Tidak Memenuhi Persyaratan,Kepala Kantor Wilayah Direktorat Jenderal Pajak Wajib Pajak Besar,1061 - Surat Dinas,pemberitahuan surat keberatan tidak memenuhi persyaratan kepala kantor wilayah direktorat jenderal pajak wajib pajak besar,SURAT DINAS
Pemberitahuan Surat Keberatan Tidak Memenuhi Persyaratan,Kepala Kantor Wilayah Direktorat Jenderal Pajak Wajib Pajak Besar,1062 - Surat Dinas,pemberitahuan surat keberatan tidak memenuhi persyaratan kepala kantor wilayah direktorat jenderal pajak wajib pajak besar,SURAT DINAS
Rekomendasi atas nama Muhammad Dafa Rizky,H.M Husni  Dewan Perwakilan Rakyat RI,1063 - Surat Dinas,rekomendasi atas nama muhammad dafa rizky hm husni dewan perwakilan rakyat ri,SURAT DINAS
Undangan Rakerwil ke-1,SPPI Kuat Bermartabat  Raker Wil ke-1 DPW II Sumbar Riau Kepri,1064 - Surat Dinas,undangan rakerwil ke1 sppi kuat bermartabat raker wil ke1 dpw ii sumbar riau kepri,SURAT DINAS
Permohonan Penggunaan Tanah Eks Polres Sumedang,Pj Bupati Sumedang,1065 - Surat Dinas,permohonan penggunaan tanah eks polres sumedang pj bupati sumedang,SURAT DINAS
Risalah Radir  Selasa 22 Oktober 2024,Direksi;,1066 - risalah,risalah radir selasa 22 oktober 2024 direksi,RISALAH
Tanggapan atas Usulan Penetapan Direktur PT Pos Properti Indonesia,Komisaris Utama,1068 - Surat Dinas,tanggapan atas usulan penetapan direktur pt pos properti indonesia komisaris utama,SURAT DINAS
Surat keputusan Direksi Nomor : SK 1368/DIRUT/0724 tentang Susunan Keanggotaan Komite Penerbitan Instrumen Utang PT Pos Indonesia (Persero),Direktur Utama;,1071 - SK,surat keputusan direksi nomor sk 1368dirut0724 tentang susunan keanggotaan komite penerbitan instrumen utang pt pos indonesia persero direktur utama,SK
Keputusan Direksi Nomor : 29/DIRUT/0524 tentang Perencanaan Strategis Perusahaan,Direktur Utama;,1072 - KD,keputusan direksi nomor 29dirut0524 tentang perencanaan strategis perusahaan direktur utama,KD
Keputusan Bersama Dewan Komisaris dan Direksi tentang Perubahan Pertama atas Keputusan Bersama Dewan Komisaris dan Direksi Nomor : 287/Dekom/1223 dan Nomor : KD 89/ DIRUT/1223 tentang Tata Kelola Perusahaan,Direktur Utama dan Komisaris Utama;,1073 - KD,keputusan bersama dewan komisaris dan direksi tentang perubahan pertama atas keputusan bersama dewan komisaris dan direksi nomor 287dekom1223 dan nomor kd 89 dirut1223 tentang tata kelola perusahaan direktur utama dan komisaris utama,KD
Surat Keputusan Direksi nomor : SK 1616/DIR-1/0824 tentang Perpanjangan Masa Tugas dan Perubahan Susunan Keanggotaan Tim Pendamping Pengadaan Pengembangan Aplikasi Fraud Detection System Fase II Tahun 2024,Direktur Keuangan dan Manajemen Risiko;,1074 - SK,surat keputusan direksi nomor sk 1616dir10824 tentang perpanjangan masa tugas dan perubahan susunan keanggotaan tim pendamping pengadaan pengembangan aplikasi fraud detection system fase ii tahun 2024 direktur keuangan dan manajemen risiko,SK
Surat Keputusan Direksi Nomor : SK 786/DIR-1/0524 tentang Tim Pendamping Pengadaan Pengembangan Sistem Integrasi Pemeriksaan Periodik Tahun 2024,Direktur Keuangan dan Manajemen Risiko;,1076 - SK,surat keputusan direksi nomor sk 786dir10524 tentang tim pendamping pengadaan pengembangan sistem integrasi pemeriksaan periodik tahun 2024 direktur keuangan dan manajemen risiko,SK
Perjanjian Kerja Sama antara PT Pos Indonesia (Persero) dengan PT Pos Logistik Indonesia tentang Jasa Midmile untuk Distribusi Ayam Karkas dan Distribusi Telur Tahun 2024 Nomor : PKS 317/ DIRUT/2024,Direktur Utama;,1077 - SPK dan PKS,perjanjian kerja sama antara pt pos indonesia persero dengan pt pos logistik indonesia tentang jasa midmile untuk distribusi ayam karkas dan distribusi telur tahun 2024 nomor pks 317 dirut2024 direktur utama,SPK DAN PKS
Perjanjian Kerja Sama antara PT Pos Indonesia (Persero) dan PT MNC Asuransi Indonesia dan PT Fokus Solusi Proteksi tentang Penempatan Produk Asuransi Moveable All Risk pada Aplikasi Pospay Nomor :,SVP Consumer Business;,1078 - SPK dan PKS,perjanjian kerja sama antara pt pos indonesia persero dan pt mnc asuransi indonesia dan pt fokus solusi proteksi tentang penempatan produk asuransi moveable all risk pada aplikasi pospay nomor svp consumer business,SPK DAN PKS
Risalah Radir  Selasa 29 Okt 2024,Direksi;,1080 - risalah,risalah radir selasa 29 okt 2024 direksi,RISALAH
an Deputi Bidang Penegakan Hukum Direktur Investigasi ub Koordinator Satuan Tugas Komisi Persaingan Usaha Permintaan Data dan Informasi,Koordinator Satuan Tugas Komisi Persaingan Usaha,1081 - Surat Dinas,an deputi bidang penegakan hukum direktur investigasi ub koordinator satuan tugas komisi persaingan usaha permintaan data dan informasi koordinator satuan tugas komisi persaingan usaha,SURAT DINAS
Risalah Ratas perihal perubahan klausul PKS dengan PT Bina Karya (Persero),Direksi;,1084 - risalah,risalah ratas perihal perubahan klausul pks dengan pt bina karya persero direksi,RISALAH
SPK/PKS karyadi legal,Corsec;,1085 - SPK dan PKS,spkpks karyadi legal corsec,SPK DAN PKS
SPK/PKS karyadi legal,Corsec;,1086 - SPK dan PKS,spkpks karyadi legal corsec,SPK DAN PKS
Surat Keputusan Direksi Nomor SK 2721/DIR-1/1024 tentang Pembebanan Kerugian Perusahaan di Kantor Cabang Depok,Direktur Keuangan dan Manajemen Risiko;,1087 - SK,surat keputusan direksi nomor sk 2721dir11024 tentang pembebanan kerugian perusahaan di kantor cabang depok direktur keuangan dan manajemen risiko,SK
Partisipasi Penanaman Pohon di Kota Bandung,Kepala Badan Perencanaan Pembangunan  Penelitian dan Pengembangan Pemerintah Kota Bandung,1088 - Surat Dinas,partisipasi penanaman pohon di kota bandung kepala badan perencanaan pembangunan penelitian dan pengembangan pemerintah kota bandung,SURAT DINAS
Permohonan Audiensi dan Penyampaian Kajian TKPP,Dewan Pengurus Pusat SPPI Kuat Bermartabat,1089 - Surat Dinas,permohonan audiensi dan penyampaian kajian tkpp dewan pengurus pusat sppi kuat bermartabat,SURAT DINAS
Perjanjian Kerja Sama antara PT Pos Properti Indonesia dengan PT Pos Indonesia (Persero) tentang Pemanfaatan Ruangan dan Penyediaan Material handling Equipment untuk Warehouse Telkomsel Nomor : PKS 301/DIRUT/1024,Direktur Utama;,1090 - SPK dan PKS,perjanjian kerja sama antara pt pos properti indonesia dengan pt pos indonesia persero tentang pemanfaatan ruangan dan penyediaan material handling equipment untuk warehouse telkomsel nomor pks 301dirut1024 direktur utama,SPK DAN PKS
Addendum-II atas Perjanjian Kerja Sama Pengangkutan Kiriman Pos Udara antara PT Pos Indonesia (Persero) dan PT Garuda Indonesia (Persero) Tbk Nomor : PKS 372/DIR-3/1223,Direktur Operasi dan Digital Services;,1091 - SPK dan PKS,addendumii atas perjanjian kerja sama pengangkutan kiriman pos udara antara pt pos indonesia persero dan pt garuda indonesia persero tbk nomor pks 372dir31223 direktur operasi dan digital services,SPK DAN PKS
Surat Keputusan Direksi Nomor : SK 1599/DIR-1/0724 tentang Tim Pendampingan Pemeriksaan Lapangan Bidang Perpajakan Tahun Pajak 2023,Direktur Keuangan dan Manajemen Risiko;,1092 - SK,surat keputusan direksi nomor sk 1599dir10724 tentang tim pendampingan pemeriksaan lapangan bidang perpajakan tahun pajak 2023 direktur keuangan dan manajemen risiko,SK
Undangan Kegiatan Liaison : Perolehan Informasi Data dan Kondisi Dunia Usaha,Kepala Perwakilan Bank Indonesia Provinsi Jawa Barat,1093 - Surat Dinas,undangan kegiatan liaison perolehan informasi data dan kondisi dunia usaha kepala perwakilan bank indonesia provinsi jawa barat,SURAT DINAS
Penawaran Pelatihan Perancangan Kontrak Internasional,Ketua Sabilulungan Institute,1094 - Surat Dinas,penawaran pelatihan perancangan kontrak internasional ketua sabilulungan institute,SURAT DINAS
Permohonan Data Kodepos seluruh Indonesia per Oktober 2024,Management Development Program PT Bussan Auto Finance,1095 - Surat Dinas,permohonan data kodepos seluruh indonesia per oktober 2024 management development program pt bussan auto finance,SURAT DINAS
Adendum Kedua atas Perjanjian Kerja Sama antara PT AEON Credit Service Indonesia dengan PT Pos Indonesia (Persero) tentang Penerimaan Pembayaran Angsuran Kredit dan tagihan Kartu Kredit secara Online Nomor : PKS 323/DIR-4/1024,Direktur Bisnis Jasa Keuangan;,1097 - SPK dan PKS,adendum kedua atas perjanjian kerja sama antara pt aeon credit service indonesia dengan pt pos indonesia persero tentang penerimaan pembayaran angsuran kredit dan tagihan kartu kredit secara online nomor pks 323dir41024 direktur bisnis jasa keuangan,SPK DAN PKS
Perjanjian antara PT Pos Indonesia (Persero) dengan PT Siloam Kaisar Motorindo tentang Pekerjaan Pengadaan Sepeda Cargo Listrik di PT Pos Indonesia (Persero) Nomor : PKS 332/ DIR-2/2024,Direktur Human Capital Management;,1098 - SPK dan PKS,perjanjian antara pt pos indonesia persero dengan pt siloam kaisar motorindo tentang pekerjaan pengadaan sepeda cargo listrik di pt pos indonesia persero nomor pks 332 dir22024 direktur human capital management,SPK DAN PKS
Undangan,Pj Wali Kota Bandung,1099 - Surat Dinas,undangan pj wali kota bandung,SURAT DINAS
Adendum Atas Perjanjian antara PT Pos Indonesia (Persero) dan PT Pos Finansial Indonesia tentang Pekerjaan Pengadaan Sewa Perangkat IT untuk Mendukung Layanan KCP LPU PT Pos Indonesia (Persero) Nomor : PKS 312/DIR-3/1024,Direktur Operasi dan Digital Services;,1100 - SPK dan PKS,adendum atas perjanjian antara pt pos indonesia persero dan pt pos finansial indonesia tentang pekerjaan pengadaan sewa perangkat it untuk mendukung layanan kcp lpu pt pos indonesia persero nomor pks 312dir31024 direktur operasi dan digital services,SPK DAN PKS
Perjanjian Kerja Sama antara PT Pos Indonesia (Persero) dengan Universitas Logistik dan Bisnis Internasional tentang Program Beasiswa Pendidikan Pascasarjana S2 bagi Karyawan PT Pos Indonesia (Persero) di Universitas Logistik dan Bisnis Internasional Tahun 2024 Nomor : PKS 285/DIR-2/0924,Direktur Human Capital Management;,1101 - SPK dan PKS,perjanjian kerja sama antara pt pos indonesia persero dengan universitas logistik dan bisnis internasional tentang program beasiswa pendidikan pascasarjana s2 bagi karyawan pt pos indonesia persero di universitas logistik dan bisnis internasional tahun 2024 nomor pks 285dir20924 direktur human capital management,SPK DAN PKS
Surat Pernyataan Direktur Utama,Direktur Utama;,1102 - Surat Dinas,surat pernyataan direktur utama direktur utama,SURAT DINAS
Perjanjian Kerja Sama antara PT Toco Ramai Digital dengan PT Pos Indonesia (Persero) tentang Pengiriman Kiriman Marketplace Nomor : PKS 326/SVP Retail Business/1024,SVP Retail Business;,1103 - SPK dan PKS,perjanjian kerja sama antara pt toco ramai digital dengan pt pos indonesia persero tentang pengiriman kiriman marketplace nomor pks 326svp retail business1024 svp retail business,SPK DAN PKS
Perjanjian Kerahasiaan antara PT Pos Indonesia (Persero) dengan PT Ordivo Teknologi Indonensia tentang Pertukaran Data dan/atau Informasi Rahasia Nomor : NDA 321/SVP Retail Business/1024,SVP Retail Business;,1104 - SPK dan PKS,perjanjian kerahasiaan antara pt pos indonesia persero dengan pt ordivo teknologi indonensia tentang pertukaran data danatau informasi rahasia nomor nda 321svp retail business1024 svp retail business,SPK DAN PKS
Adendum Ketiga atas Perjanjian Kerja Sama antara PT Artajasa Pembayaran Elektronis dan PT Pos Indonesia (Persero) tentang Penyelenggaraan Layanan Online Payment Multibiller Nomor : PKS 331/DIR-4/1124,Direktur Bisnis Jasa Keuangan;,1105 - SPK dan PKS,adendum ketiga atas perjanjian kerja sama antara pt artajasa pembayaran elektronis dan pt pos indonesia persero tentang penyelenggaraan layanan online payment multibiller nomor pks 331dir41124 direktur bisnis jasa keuangan,SPK DAN PKS
Perjanjian Kerja Sama antara PT Pos Indonesia (Persero) dengan Ria Money Transfer tentang Layanan Transfer Uang Nomor : PKS 335/DIR-4/2024,Direktur Bisnis Jasa Keuangan;,1107 - SPK dan PKS,perjanjian kerja sama antara pt pos indonesia persero dengan ria money transfer tentang layanan transfer uang nomor pks 335dir42024 direktur bisnis jasa keuangan,SPK DAN PKS
Perjanjian Kerahasiaan antara PT Pos Indonesia (Persero) dengan PT Cashlez Worldwide Indonesia tbk tentang Pertukaran Data dan/ atau Informasi,SVP Consumer Business;,1108 - SPK dan PKS,perjanjian kerahasiaan antara pt pos indonesia persero dengan pt cashlez worldwide indonesia tbk tentang pertukaran data dan atau informasi svp consumer business,SPK DAN PKS
Perjanjian Kerja Sama antara PT Inovasi Daya Solusi dengan PT Pos Indonesia (Persero) tentang Layanan Multi Biller Nomor : PKS 340/DIR-4/1124,Direktur Bisnis Jasa Keuangan;,1109 - SPK dan PKS,perjanjian kerja sama antara pt inovasi daya solusi dengan pt pos indonesia persero tentang layanan multi biller nomor pks 340dir41124 direktur bisnis jasa keuangan,SPK DAN PKS
Perjanjian Kerja Sama antara PT Pos Indonesia (Persero) dengan CV Harmoni Jaya Abadi tentang Pengelolaan Loket Kemitraan Layanan Remittance Nomor : PKS 305/SVP Consumer Business/1024,SVP Consumer Business;,1110 - SPK dan PKS,perjanjian kerja sama antara pt pos indonesia persero dengan cv harmoni jaya abadi tentang pengelolaan loket kemitraan layanan remittance nomor pks 305svp consumer business1024 svp consumer business,SPK DAN PKS
Perjanjian Kerja Sama antara PT Pos Indonesia (Persero) dengan PT Pos Finansial Indonesia tentang Pengelolaan Loket Kemitraan Layanan Remittance Nomor : PKS 336/SVP Consumer Business/1124,SVP Consumer Business;,1111 - SPK dan PKS,perjanjian kerja sama antara pt pos indonesia persero dengan pt pos finansial indonesia tentang pengelolaan loket kemitraan layanan remittance nomor pks 336svp consumer business1124 svp consumer business,SPK DAN PKS
Nota Kesepahaman antara PT Pos Indonesia (Persero) dengan PT Kazee Digital Indonesia tentang Pemanfaatan Layanan Jasa dan Potensi Masing - Masing Pihak,Direktur Utama;,1113 - SPK dan PKS,nota kesepahaman antara pt pos indonesia persero dengan pt kazee digital indonesia tentang pemanfaatan layanan jasa dan potensi masing masing pihak direktur utama,SPK DAN PKS
Perjanjian Kerja Sama antara PT Pos Indonesia (Persero) dengan PT Ritel Jaya Abadi (ERSPO) tentang Pengiriman Kurir dan Logistik Nomor : 62/WIN/1124,EVP International and Wholesale Business;,1114 - SPK dan PKS,perjanjian kerja sama antara pt pos indonesia persero dengan pt ritel jaya abadi erspo tentang pengiriman kurir dan logistik nomor 62win1124 evp international and wholesale business,SPK DAN PKS
Perjanjian Kerja Sama antara PT Pos Indonesia (Persero) dengan PT Solusi Kilat Ekspress (Persero) tentang Pengiriman Surat dan Paket secara Nasional (Sprint Cargo) Nomor : 54/WIN/0924,EVP International and Wholesale Business;,1115 - SPK dan PKS,perjanjian kerja sama antara pt pos indonesia persero dengan pt solusi kilat ekspress persero tentang pengiriman surat dan paket secara nasional sprint cargo nomor 54win0924 evp international and wholesale business,SPK DAN PKS
Nota Kesepahaman antara PT Pos Indonesia (Persero) dengan PT Lion Express tentang Pemanfaatan Layanan Jasa dan Potensi Masing - Masing Pihak,Direktur Utama;,1116 - SPK dan PKS,nota kesepahaman antara pt pos indonesia persero dengan pt lion express tentang pemanfaatan layanan jasa dan potensi masing masing pihak direktur utama,SPK DAN PKS
Perjanjian Larangan Pengungkapan dan Kerahasiaan antara PT Pos Indonesia (Persero)  PT Pos Finansial Indonesia dengan PT Telekomunikasi Selular,SVP Retail Business;Direktur POSFIN;,1117 - pks,perjanjian larangan pengungkapan dan kerahasiaan antara pt pos indonesia persero pt pos finansial indonesia dengan pt telekomunikasi selular svp retail businessdirektur posfin,PKS
Perjanjian Kerja Sama antara PT Pos Indonesia (Persero) dengan PT Pos Finansial Indonesia tentang Agregator Layanan Kurir PosAja!,SVP Retail Business;,1118 - SPK dan PKS,perjanjian kerja sama antara pt pos indonesia persero dengan pt pos finansial indonesia tentang agregator layanan kurir posaja svp retail business,SPK DAN PKS
Perjanjian tentang Tantiem untuk Kinerja Tahun Buku 2023,Direktur Operasi dan DS;Direktur Biskurlog;Ibu Siti Choiriana;,1119 - SPK dan PKS,perjanjian tentang tantiem untuk kinerja tahun buku 2023 direktur operasi dan dsdirektur biskurlogibu siti choiriana,SPK DAN PKS
Perjanjian Kerja Sama antara PT Pos Indonesia (Persero) dengan PT Asuransi Jiwa Generali Indonesia tentang Pemasaran Produk Asuransi melalui Saluran Pemasaran Badan Usaha Selain Bank,SVP Consumer Business;,1120 - SPK dan PKS,perjanjian kerja sama antara pt pos indonesia persero dengan pt asuransi jiwa generali indonesia tentang pemasaran produk asuransi melalui saluran pemasaran badan usaha selain bank svp consumer business,SPK DAN PKS
Perjanjian antara PT Pos Indonesia (Persero) dan Perusahaan Perseroan (Persero) PT Telekomunikasi Indonesia Tbk tentang Jasa Managed Service Jaringan Informasi dan Komunikasi (Infokom) Tahun 2024 Nomor : PKS243?DIR-3/0824,Direktur Operasi dan Digital Services;,1122 - SPK dan PKS,perjanjian antara pt pos indonesia persero dan perusahaan perseroan persero pt telekomunikasi indonesia tbk tentang jasa managed service jaringan informasi dan komunikasi infokom tahun 2024 nomor pks243dir30824 direktur operasi dan digital services,SPK DAN PKS
Nota Kesepahaman antara PT Pos Indonesia (Persero) dengan PT Ghita Avia Trans tentang Pemanfaatan Layanan Jasa dan Potensi Masing-Masing Pihak MOU 325/DIRUT/2024,Direktur Operasi dan Digital Services;,1123 - SPK dan PKS,nota kesepahaman antara pt pos indonesia persero dengan pt ghita avia trans tentang pemanfaatan layanan jasa dan potensi masingmasing pihak mou 325dirut2024 direktur operasi dan digital services,SPK DAN PKS
SPK/PKS karyadi legal,Corsec;,1124 - SPK dan PKS,spkpks karyadi legal corsec,SPK DAN PKS
Adendum Perjanjian Kerja Waktu Tertentu antara PT Pos Indonesia (Persero) dengan Joshua Alfred Hasudungan sebagai Tenaga Kerja Profesional Perusahaan Nomor Adendum : PKS 281/DIR-5/0824,Direktur Bisnis Kurir dan Logistik;,1125 - SPK dan PKS,adendum perjanjian kerja waktu tertentu antara pt pos indonesia persero dengan joshua alfred hasudungan sebagai tenaga kerja profesional perusahaan nomor adendum pks 281dir50824 direktur bisnis kurir dan logistik,SPK DAN PKS
PKS/SPK karyadi legal,Corsec;,1127 - SPK dan PKS,pksspk karyadi legal corsec,SPK DAN PKS
sponsor Pak Tonggo Dirbiskurlog,Corsec;,1128 - Surat Dinas,sponsor pak tonggo dirbiskurlog corsec,SURAT DINAS
Risalah Radir  selasa 12 Nov 2024,Direksi;,1129 - risalah,risalah radir selasa 12 nov 2024 direksi,RISALAH
Surat Keputusan Direksi Nomor : SK 2172/DIRUT/1024 tentang Pembentukan Tim Koordinasi Penyelenggaraan LPU Tahun Anggaran 2024,Direktur Utama;,1130 - SK,surat keputusan direksi nomor sk 2172dirut1024 tentang pembentukan tim koordinasi penyelenggaraan lpu tahun anggaran 2024 direktur utama,SK
Laporan Manajemen dan Hasil Pengawasan Dewan Komisaris Tahun 2023,Direktur Utama dan Komisaris Utama;,1131 - laporan,laporan manajemen dan hasil pengawasan dewan komisaris tahun 2023 direktur utama dan komisaris utama,LAPORAN
Surat Edara Nomor SE 021/DIR-2/1124 tentang Hari Libur pada Pelaksanaan Pemungutan Suara Pemilihan Kepala Daerah Tahun 2024,Direktur Human Capital Management;,1132 - SE,surat edara nomor se 021dir21124 tentang hari libur pada pelaksanaan pemungutan suara pemilihan kepala daerah tahun 2024 direktur human capital management,SE
Focus Group Discussion Roadmap Pasar Modal Berkelanjutan,Kepala Departemen Pengaturan dan Pengembangan Pasar Modal OJK,1133 - Surat Dinas,focus group discussion roadmap pasar modal berkelanjutan kepala departemen pengaturan dan pengembangan pasar modal ojk,SURAT DINAS
Surat keputusan Direksi Nomor : SK 3016/DIR-2/1124 tentang Kelulusan Sertifikasi dan Pelatihan Peserta Management Trainee Angkatan XXIX Program Rekrutmen Bersama BUMN Tahun 2024,Direktur Human Capital Management;,1134 - SK,surat keputusan direksi nomor sk 3016dir21124 tentang kelulusan sertifikasi dan pelatihan peserta management trainee angkatan xxix program rekrutmen bersama bumn tahun 2024 direktur human capital management,SK
Risalah Ratas 12 Nov 2024 perihal Sarana dan Prasana ULBI,Corsec;,1135 - risalah,risalah ratas 12 nov 2024 perihal sarana dan prasana ulbi corsec,RISALAH
Adendum Pertama atas Perjanjian Kerja Sama antara PT Pos Indonesia (Persero) dengan PT Pos Logistik Indonesia tentang Pemanfaatan Jasa Layanan Milik PT Pos Logistik Indonesia,Direktur Utama;,1136 - PKS,adendum pertama atas perjanjian kerja sama antara pt pos indonesia persero dengan pt pos logistik indonesia tentang pemanfaatan jasa layanan milik pt pos logistik indonesia direktur utama,PKS
Surat Edaran tentang Rekrutmen Karyawan PT Pos Indonesia (Persero) untuk Posisi Supervisor Kantor Cabang/Branch Manager di Wilayah Regional VI Tahun 2024,Direktur Human Capital Management;,1138 - SE,surat edaran tentang rekrutmen karyawan pt pos indonesia persero untuk posisi supervisor kantor cabangbranch manager di wilayah regional vi tahun 2024 direktur human capital management,SE
sponsor ke China Embassy,Corsec;,1139 - Surat Dinas,sponsor ke china embassy corsec,SURAT DINAS
Undangan Seminar Nasional West Java Economic Society (WJES) 2024,Deputi Direktur Perwakilan Bank Indonesia Provinsi Jawa Barat,1140 - Surat Dinas,undangan seminar nasional west java economic society wjes 2024 deputi direktur perwakilan bank indonesia provinsi jawa barat,SURAT DINAS
Pemberitahuan Aksi Unjuk Rasa,"Aliansi ""Pitbul`s - Jasmara""",1141 - Surat Dinas,pemberitahuan aksi unjuk rasa aliansi pitbuls jasmara,SURAT DINAS
Surat Panggilan,Plh Direktur Investigasi u.b Satuan Tugas Komisi Pengawas Persaingan Usaha,1142 - Surat Dinas,surat panggilan plh direktur investigasi ub satuan tugas komisi pengawas persaingan usaha,SURAT DINAS
Surat Edaran tentang Penetapan Risk Champion dan Anti Fraud Agent di PT Pos Indonesia (Persero),Direktur Keuangan dan Manajemen Risiko;,1144 - SE,surat edaran tentang penetapan risk champion dan anti fraud agent di pt pos indonesia persero direktur keuangan dan manajemen risiko,SE
Risalah Radir  Selasa 19 November 2024,Direksi;,1146 - risalah,risalah radir selasa 19 november 2024 direksi,RISALAH
Surat Pengantar dan Permohonan Audiensi,Tim Hukum DPC PERADI Kuningan,1147 - Surat Dinas,surat pengantar dan permohonan audiensi tim hukum dpc peradi kuningan,SURAT DINAS
Undangan Partisipasi Iklan Kemitraan Ucapan Selamat,Advertising Manager PT Grahanusa Mediatama (Kontan),1148 - Surat Dinas,undangan partisipasi iklan kemitraan ucapan selamat advertising manager pt grahanusa mediatama kontan,SURAT DINAS
Hak-Hak Karyawan yang Belum Dibayarkan,SPPI Kuat Bermartabat DPW 2 Sumbar Riau Kepri,1149 - Surat Dinas,hakhak karyawan yang belum dibayarkan sppi kuat bermartabat dpw 2 sumbar riau kepri,SURAT DINAS
Perjanjian Kerja Sama antara PT Pos Indonesia (Persero) dengan ASENDIA tentang Penyaluran dan Pengantaran Kiriman Direct Entry Surat Internasional Nomor : PKS 356/SVP Internasional Business/1124,SVP International Business;,1150 - SPK dan PKS,perjanjian kerja sama antara pt pos indonesia persero dengan asendia tentang penyaluran dan pengantaran kiriman direct entry surat internasional nomor pks 356svp internasional business1124 svp international business,SPK DAN PKS
Perjanjian Kerja Sama antara PT Pos Indonesia (Persero) dengan Mailatinamerica S.A tentang Penyaluran dan Pengantaran Kiriman Direct Entry Surat Internasional Nomor : PKS 355/SVP Internasional Business/1124,SVP International Wholesale Business;,1151 - SPK dan PKS,perjanjian kerja sama antara pt pos indonesia persero dengan mailatinamerica sa tentang penyaluran dan pengantaran kiriman direct entry surat internasional nomor pks 355svp internasional business1124 svp international wholesale business,SPK DAN PKS
Perjanjian Kerja Sama antara PT Pos Indonesia (Persero) dengan Singapore Post Ltd tentang Penyaluran dan Pengantaran Kiriman Direct Entry Surat Internasional Nomor : PKS 357/SVP Internasional Business/1124,SVP Wholesale Business;,1152 - SPK dan PKS,perjanjian kerja sama antara pt pos indonesia persero dengan singapore post ltd tentang penyaluran dan pengantaran kiriman direct entry surat internasional nomor pks 357svp internasional business1124 svp wholesale business,SPK DAN PKS
1. Perjanjian Kerja Sama antara PT Perusahaan Listrik Negara (Persero) dan PT Pos Indonesia (Persero) tentang Pengelolaan Dana atas Sistem Pembayaran Tagihan Listrik dan Non Tagihan Listrik secara Terpusat Nomor : PKS 278/DIR-4/0924 2. Perjanjian Kerja Sama antara PT Indonesia Comnets Plus dan PT Pos Indonesia (Persero) tentang Pelindungan  Pemrosesan dan Penyediaan Akses Data atas Sistem Pembayaran Tagihan Listrik dan Non Tagihan Listrik Secara Terpusat Nomor : PKS 274/DIR-4/0924,Direktur Bisnis Jasa Keuangan;,1154 - SPK dan PKS,1 perjanjian kerja sama antara pt perusahaan listrik negara persero dan pt pos indonesia persero tentang pengelolaan dana atas sistem pembayaran tagihan listrik dan non tagihan listrik secara terpusat nomor pks 278dir40924 2 perjanjian kerja sama antara pt indonesia comnets plus dan pt pos indonesia persero tentang pelindungan pemrosesan dan penyediaan akses data atas sistem pembayaran tagihan listrik dan non tagihan listrik secara terpusat nomor pks 274dir40924 direktur bisnis jasa keuangan,SPK DAN PKS
Surat Edaran tentang Pemberian Tunjangan Kinerja (Performance Incentive) Triwulan III Tahun 2024,Direktur Human Capital Management;,1155 - SE,surat edaran tentang pemberian tunjangan kinerja performance incentive triwulan iii tahun 2024 direktur human capital management,SE
Perjanjian Kerahasiaan bersama antara PT Lion Express dan PT Pos Indonesia (Persero) tentang Perturakaran Data dan Informasi Nomor : 64/WIN/1124,EVP Wholesale and International Business;,1156 - SPK dan PKS,perjanjian kerahasiaan bersama antara pt lion express dan pt pos indonesia persero tentang perturakaran data dan informasi nomor 64win1124 evp wholesale and international business,SPK DAN PKS
Perjanjian Kerja Sama antara PT Pos Indonesia (Persero) dengan G3 Worldwide Mail N.V tentang Penyaluran dan Pengantaran Kiriman Direct Entry Surat Internasional Nomor : PKS 367/SVP International Wholesale Business/1124,SVP International and Wholesale Business;,1157 - pks,perjanjian kerja sama antara pt pos indonesia persero dengan g3 worldwide mail nv tentang penyaluran dan pengantaran kiriman direct entry surat internasional nomor pks 367svp international wholesale business1124 svp international and wholesale business,PKS
Surat Perintah Kerja Nomor 63/WIN/1124,SVP Wholesale and International Business;,1158 - BA,surat perintah kerja nomor 63win1124 svp wholesale and international business,BA
SPPD a.n Betty Indah ke Makassar,VP Corcomm;,1159 - sppd,sppd an betty indah ke makassar vp corcomm,SPPD
Perjanjian Induk antara PT Grab Teknologi Indonesia dengan PT Pos Indonesia (Persero) tentang Layanan Pengiriman Dokumen dan Barang Nomor : PKS304/DIR-5/2024,Direktur Bisnis Kurir dan Logistik;,1160 - SPK dan PKS,perjanjian induk antara pt grab teknologi indonesia dengan pt pos indonesia persero tentang layanan pengiriman dokumen dan barang nomor pks304dir52024 direktur bisnis kurir dan logistik,SPK DAN PKS
Nota Kesepahaman antara Badan Gizi Nasional dengan PT Pos Indonesia (Persero) tentang Sinergitas dan Kerjasama dalam Kegiatan Program Pemenuhan Gizi Nasional,Direktur Utama;,1161 - SPK dan PKS,nota kesepahaman antara badan gizi nasional dengan pt pos indonesia persero tentang sinergitas dan kerjasama dalam kegiatan program pemenuhan gizi nasional direktur utama,SPK DAN PKS
Adendum Pertama atas Perjanjian Kerja Sama antara PT Pos Indonesia (Persero) dengan PT Mandiri Tunas Finance tentang Penerimaan Pembayaran Angsuran Pembiayaan Nomor : PKS 347/ DIR-4/1024,Direktur Bisnis Jasa Keuangan;,1162 - SPK dan PKS,adendum pertama atas perjanjian kerja sama antara pt pos indonesia persero dengan pt mandiri tunas finance tentang penerimaan pembayaran angsuran pembiayaan nomor pks 347 dir41024 direktur bisnis jasa keuangan,SPK DAN PKS
Perjanjian Kerja Waktu Tertentu antara PT Pos Indonesia (Persero) dengan Yosep Taupiq Hidayat sebagai Tenaga Kerja Profesional Perusahaan Nomor : PKS 303/DIR-1/1024,Direktur Keuangan dan Manajemen Risiko;,1163 - SPK dan PKS,perjanjian kerja waktu tertentu antara pt pos indonesia persero dengan yosep taupiq hidayat sebagai tenaga kerja profesional perusahaan nomor pks 303dir11024 direktur keuangan dan manajemen risiko,SPK DAN PKS
Keputusan Direksi Nomor : KD 057/DIRUT/1024 tentang Kebijakan Penetapan Koefisien Atribusi Pendapatan dan Biaya per Profit Center dan Per Produk,Direktur Utama;,1164 - KD,keputusan direksi nomor kd 057dirut1024 tentang kebijakan penetapan koefisien atribusi pendapatan dan biaya per profit center dan per produk direktur utama,KD
Komitmen Anti Penyuapan,Direksi dan Komisaris;,1165 - Surat Dinas,komitmen anti penyuapan direksi dan komisaris,SURAT DINAS
Keputusan Direksi tentang Sistem Manajemen Kinerja Individu Berbasis Objective Key Result (OKR),Direktur Human Capital Management;,1166 - KD,keputusan direksi tentang sistem manajemen kinerja individu berbasis objective key result okr direktur human capital management,KD
Surat Keputusan Direksi Nomor : 2173/DIR-1/1024 tentang Tim Counterpart Audit Surveillance SNI ISO 37001:2016 Sistem Manajemen Anti Penyuapan di PT Pos Indonesia (Persero),Direktur Keuangan dan Manajemen Risiko;,1167 - SK,surat keputusan direksi nomor 2173dir11024 tentang tim counterpart audit surveillance sni iso 370012016 sistem manajemen anti penyuapan di pt pos indonesia persero direktur keuangan dan manajemen risiko,SK
Surat Keputusan Direksi Nomor : SK 2785/DIRUT/1024 tentang Perubahan Susunan Keanggotaan Komite Fungsi Kepatuhan Anti Penyuapan Sistem Manajemen Anti Penyuapan ISO 37001 di PT Pos Indonesia (Persero),Direktur Utama;,1168 - SK,surat keputusan direksi nomor sk 2785dirut1024 tentang perubahan susunan keanggotaan komite fungsi kepatuhan anti penyuapan sistem manajemen anti penyuapan iso 37001 di pt pos indonesia persero direktur utama,SK
Berita Acara Penyetoran Dana Program Pendanaan Usaha Mikro dan Usaha Kecil (PUMK) Tahap 3 Tahun 2024 antara BRI dan PosIND,Corsec;,1169 - BA,berita acara penyetoran dana program pendanaan usaha mikro dan usaha kecil pumk tahap 3 tahun 2024 antara bri dan posind corsec,BA
Adendum atas Perjanjian Kerja Sama antara PT Pos Indonesia (Persero) dengan PT Pos Finansial Indonesia tentang Kemitraan Pospay secara Host to Host Nomor : PKS 363/SVP Consumer Business/1024,SVP Consumer Business;,1170 - SPK dan PKS,adendum atas perjanjian kerja sama antara pt pos indonesia persero dengan pt pos finansial indonesia tentang kemitraan pospay secara host to host nomor pks 363svp consumer business1024 svp consumer business,SPK DAN PKS
Adendum atas Perjanjian Kerja Sama antara PT Pos Indonesia (Persero) dengan PT Wahana Transformasi Digital Indonesia tentang Pemanfaatan Giropos dan Kemitraan Pospay secara Host to Host Nomor : PKS 365/SVP Consumer Business/1024,SVP Consumer Business;,1171 - SPK dan PKS,adendum atas perjanjian kerja sama antara pt pos indonesia persero dengan pt wahana transformasi digital indonesia tentang pemanfaatan giropos dan kemitraan pospay secara host to host nomor pks 365svp consumer business1024 svp consumer business,SPK DAN PKS
Adendum atas Perjanjian Kerja Sama antara PT Pos Indonesia (Persero) dengan PT Mulya Jaya Harapan tentang Pemanfaatan Giropos dan Kemitraan Pospay secara Host to Host Nomor : PKS 364/SVP Consumer Business/1024,SVP Consumer Business;,1172 - SPK dan PKS,adendum atas perjanjian kerja sama antara pt pos indonesia persero dengan pt mulya jaya harapan tentang pemanfaatan giropos dan kemitraan pospay secara host to host nomor pks 364svp consumer business1024 svp consumer business,SPK DAN PKS
Adendum atas Perjanjian Kerja Sama antara PT Pos Indonesia (Persero) dengan PT Interindo Artha Kreasi tentang Pemanfaatan Giropos dan Kemitraan Pospay secara Host to Host Nomor : PKS 360/SVP Consumer Business/1024,SVP Consumer Business;,1173 - SPK dan PKS,adendum atas perjanjian kerja sama antara pt pos indonesia persero dengan pt interindo artha kreasi tentang pemanfaatan giropos dan kemitraan pospay secara host to host nomor pks 360svp consumer business1024 svp consumer business,SPK DAN PKS
Adendum atas Perjanjian Kerja Sama antara PT Pos Indonesia (Persero) dengan PT MCash Integrasi Tbk tentang Kemitraan Pospay secara Host to Host Nomor : PKS 361/SVP Consumer Business/1024,SVP Consumer Business;,1174 - SPK dan PKS,adendum atas perjanjian kerja sama antara pt pos indonesia persero dengan pt mcash integrasi tbk tentang kemitraan pospay secara host to host nomor pks 361svp consumer business1024 svp consumer business,SPK DAN PKS
Adendum atas Perjanjian Kerja Sama antara PT Pos Indonesia (Persero) dengan PT Narindo Solusi Telekomunikasi tentang Kemitraan Pospay secara Host to Host Nomor : PKS 362/SVP Consumer Business/1024,SVP Consumer Business;,1175 - SPK dan PKS,adendum atas perjanjian kerja sama antara pt pos indonesia persero dengan pt narindo solusi telekomunikasi tentang kemitraan pospay secara host to host nomor pks 362svp consumer business1024 svp consumer business,SPK DAN PKS
Adendum atas Perjanjian Kerja Sama antara PT Pos Indonesia (Persero) dengan PT Karya Inovasi Parahyangan tentang Kemitraan Pospay secara Host to Host Nomor : PKS 358/SVP Consumer Business/1024,SVP Consumer Business;,1176 - SPK dan PKS,adendum atas perjanjian kerja sama antara pt pos indonesia persero dengan pt karya inovasi parahyangan tentang kemitraan pospay secara host to host nomor pks 358svp consumer business1024 svp consumer business,SPK DAN PKS
Adendum atas Perjanjian Kerja Sama antara PT Pos Indonesia (Persero) dengan PT Abyakta Teknologi Indonesia tentang Kemitraan Pospay secara Host to Host Nomor : PKS 359/SVP Consumer Business/1024,SVP Consumer Business;,1177 - SPK dan PKS,adendum atas perjanjian kerja sama antara pt pos indonesia persero dengan pt abyakta teknologi indonesia tentang kemitraan pospay secara host to host nomor pks 359svp consumer business1024 svp consumer business,SPK DAN PKS
Risalah Radir  Kamis 28 Nov 2024 di Jkt,Direksi;,1179 - risalah,risalah radir kamis 28 nov 2024 di jkt direksi,RISALAH
Adendum Kedua atas Perjanjian Kerja Sama antara CV Regarsport dengan PT Pos Indonesia (Persero) tentang pengiriman Kiriman Marketplace Nomor : PKS 374/SVP Retail Business/1124,SVP Retail Business;,1180 - SPK dan PKS,adendum kedua atas perjanjian kerja sama antara cv regarsport dengan pt pos indonesia persero tentang pengiriman kiriman marketplace nomor pks 374svp retail business1124 svp retail business,SPK DAN PKS
Perjanjian Kerja Sama antara PT Telekomunikasi Selular dan PT Pos Indonesia (Persero) tentang Sinergi Layanan Pengiriman paket Posaja! pada Aplikasi Mytelkomsel Nomor :,SVP Retail Business;,1181 - SPK dan PKS,perjanjian kerja sama antara pt telekomunikasi selular dan pt pos indonesia persero tentang sinergi layanan pengiriman paket posaja pada aplikasi mytelkomsel nomor svp retail business,SPK DAN PKS
SPPD a.n Betty Indah ke Batam,VP Corcomm;,1182 - sppd,sppd an betty indah ke batam vp corcomm,SPPD
Adendum Perjanjian Kerja Sama antara PT Pos Indonesia (Persero) dengan PT Dhanapatra Loka Abadi tentang Pemanfaatan Layanan Pospay-Dhapat Nomor : PKS368/SVP Consumer Business/1124,SVP Consumer Business;,1183 - SPK dan PKS,adendum perjanjian kerja sama antara pt pos indonesia persero dengan pt dhanapatra loka abadi tentang pemanfaatan layanan pospaydhapat nomor pks368svp consumer business1124 svp consumer business,SPK DAN PKS
Perjanjian Kerahasiaan antara otorita Ibu Kota Nusantara dan PT Pos Indonesia (Persero),Direktur Utama;,1184 - SPK dan PKS,perjanjian kerahasiaan antara otorita ibu kota nusantara dan pt pos indonesia persero direktur utama,SPK DAN PKS
Perjanjian Kerja Waktu Tertentu antara PT Pos Indonesia (Persero) dengan Adhita Rinaldy sebagai Tenaga Kerja Profesional Perusahaan Nomor : PKS 318/DIR-5/1024,Direktur Bisnis Kurir dan Logistik;,1185 - SPK dan PKS,perjanjian kerja waktu tertentu antara pt pos indonesia persero dengan adhita rinaldy sebagai tenaga kerja profesional perusahaan nomor pks 318dir51024 direktur bisnis kurir dan logistik,SPK DAN PKS
Perjanjian Kerja Sama antara PT Pos Indonesia (Persero) dengan Badan Pengelola Tabungan Perumahan Rakyat tentang Akuisisi Pekerja Mandiri menjadi Peserta Tabungan Perumahan Rakyat Nomor : PKS 371/DIR-4/1124,EVP Government and Corporate Business;,1186 - SPK dan PKS,perjanjian kerja sama antara pt pos indonesia persero dengan badan pengelola tabungan perumahan rakyat tentang akuisisi pekerja mandiri menjadi peserta tabungan perumahan rakyat nomor pks 371dir41124 evp government and corporate business,SPK DAN PKS
Proposal Project MAVENDRA,Universitas Logistik dan Bisnis Internasional (ULBI),1187 - proposal,proposal project mavendra universitas logistik dan bisnis internasional ulbi,PROPOSAL
Permohonan Sponsorship untuk Kejuaraan Tenis dalam rangka HUT PELTI ke 89 Tahun,Pengurus Pusat PELTI,1188 - proposal,permohonan sponsorship untuk kejuaraan tenis dalam rangka hut pelti ke 89 tahun pengurus pusat pelti,PROPOSAL
Keputusan Dewan Komisaris Nomor SK-187/DEKOM/1124 tentang Pemberhentian dan Pengangkatan Sekretaris Dewan Komisaris,Komisaris Utama,1190 - SK,keputusan dewan komisaris nomor sk187dekom1124 tentang pemberhentian dan pengangkatan sekretaris dewan komisaris komisaris utama,SK
Tanggapan Dewan Komisaris atas Laporan Manajemen Triwulan 3 Tahun 2024 PT Pos Indonesia (Persero),Komisaris Utama,1191 - Surat Dinas,tanggapan dewan komisaris atas laporan manajemen triwulan 3 tahun 2024 pt pos indonesia persero komisaris utama,SURAT DINAS
Telaah Kebijakan manajemen Risiko tahun 2024 PT Pos Indonesia (Persero),Komisaris Utama,1192 - Surat Dinas,telaah kebijakan manajemen risiko tahun 2024 pt pos indonesia persero komisaris utama,SURAT DINAS
Keputusan Dewan Komisaris nomor SK-168/DEKOM/1024 tentang Penetapan Piagam Dewan Komisaris,Komisaris Utama,1193 - SK,keputusan dewan komisaris nomor sk168dekom1024 tentang penetapan piagam dewan komisaris komisaris utama,SK
Keputusan Dewan Komisaris nomor SK-169/DEKOM/1024 tentang Penetapan Piagam Komite Audit,Komisaris Utama,1194 - SK,keputusan dewan komisaris nomor sk169dekom1024 tentang penetapan piagam komite audit komisaris utama,SK
Keputusan Dewan Komisaris nomor SK-170/DEKOM/1024 tentang Penetapan Piagam Komite Pemantau Manajemen Risiko Usaha dan Investasi,Komisaris Utama,1195 - SK,keputusan dewan komisaris nomor sk170dekom1024 tentang penetapan piagam komite pemantau manajemen risiko usaha dan investasi komisaris utama,SK
Keputusan Dewan Komisaris nomor SK-171/DEKOM/1024 tentang Penetapan Piagam Komite Nominasi dan Remunerasi,Komisaris Utama,1196 - SK,keputusan dewan komisaris nomor sk171dekom1024 tentang penetapan piagam komite nominasi dan remunerasi komisaris utama,SK
Keputusan Dewan Komisaris nomor SK-172/DEKOM/1024 tentang Penetapan Tata Kelola Dokumen Dewan Komisaris,Komisaris Utama,1197 - SK,keputusan dewan komisaris nomor sk172dekom1024 tentang penetapan tata kelola dokumen dewan komisaris komisaris utama,SK
Tanggapan atas Permohonan Rekomendasi Penghapusbukuan Bangunan eks KCP Surabaya tanjung perak dan Surabaya Kenjeran,Komisaris Utama,1198 - Surat Dinas,tanggapan atas permohonan rekomendasi penghapusbukuan bangunan eks kcp surabaya tanjung perak dan surabaya kenjeran komisaris utama,SURAT DINAS
Focus Group Discussion Roadmap Pasar Modal Berkelanjutan,Kepala Departemen Pengaturan dan Pengembangan Pasar Modal,1200 - Surat Dinas,focus group discussion roadmap pasar modal berkelanjutan kepala departemen pengaturan dan pengembangan pasar modal,SURAT DINAS
Risalah Radir  Rabu 4 Des 2024,Direksi;,1202 - risalah,risalah radir rabu 4 des 2024 direksi,RISALAH
Perjanjian Kerja Sama antara PT Pos Indonesia (Persero) dengan PT Bank Pembangunan Daerah Lampung tentang Penyelenggaraan Layanan Cash In dan Cash Out pada Jaringan Channel Pos Nomor : PKS 372/DIR-4/1124,Direktur Bisnis Jasa Keuangan;,1203 - SPK dan PKS,perjanjian kerja sama antara pt pos indonesia persero dengan pt bank pembangunan daerah lampung tentang penyelenggaraan layanan cash in dan cash out pada jaringan channel pos nomor pks 372dir41124 direktur bisnis jasa keuangan,SPK DAN PKS
Perjanjian Kerja Sama antara PT Pos Indonesia (Persero) dengan PT Bank Perekonomian Rakyat Syariah Harta Insan Karimah Parahyangan (BPRS HIK Parahyangan) tentang Penyelesaian Pemotongan Uang Pensiun untuk Angsuran Kredit/Pembiayaan Pensiun Nomor : PKS 337/SVP Government and Corporate Business/1124,SVP Government and Corporate Business;,1204 - SPK dan PKS,perjanjian kerja sama antara pt pos indonesia persero dengan pt bank perekonomian rakyat syariah harta insan karimah parahyangan bprs hik parahyangan tentang penyelesaian pemotongan uang pensiun untuk angsuran kreditpembiayaan pensiun nomor pks 337svp government and corporate business1124 svp government and corporate business,SPK DAN PKS
Perjanjian Kerja Sama antara PT Pos Indonesia (Persero) dengan Sekolah Vokasi Universitas Logistik dan Bisnis Internasional tentang Penyelenggaraan Program Magang PKS 370/DIR-2/1124,Direktur Human Capital Management;,1205 - SPK dan PKS,perjanjian kerja sama antara pt pos indonesia persero dengan sekolah vokasi universitas logistik dan bisnis internasional tentang penyelenggaraan program magang pks 370dir21124 direktur human capital management,SPK DAN PKS
Perjanjian Kerja Sama antara PT Bank Negara Indonesia (Persero) Tbk dengan PT Pos Indonesia (persero) tentang Kolaborasi Program BNI Xpora dan Pos Indonesia dalam rangka Peningkatan UMKM Binaan BNI Xpora dan Pos Indonesia Nomor : PKS 354/ SVP Retail Business/1124,SVP Retail Business;,1206 - SPK dan PKS,perjanjian kerja sama antara pt bank negara indonesia persero tbk dengan pt pos indonesia persero tentang kolaborasi program bni xpora dan pos indonesia dalam rangka peningkatan umkm binaan bni xpora dan pos indonesia nomor pks 354 svp retail business1124 svp retail business,SPK DAN PKS
Permohonan Persetujuan Penghapusbukuan dan Pemindahtanganan 10 (sepuluh) lokasi Aktiva Tetap Tanah dan/atau Gedung Milik PT Pos Indonesia (Persero),Direktur Utama;,1207 - Surat Dinas,permohonan persetujuan penghapusbukuan dan pemindahtanganan 10 sepuluh lokasi aktiva tetap tanah danatau gedung milik pt pos indonesia persero direktur utama,SURAT DINAS
Perjanjian Kerja Sama antara PT Pos Indonesia (Persero) dengan PT Dapensi Dwikarya tentang Pemanfaatan Jasa Layanan dan Transportasi Nomor : 322/DIRUT/1024,Direktur Utama;,1208 - SPK dan PKS,perjanjian kerja sama antara pt pos indonesia persero dengan pt dapensi dwikarya tentang pemanfaatan jasa layanan dan transportasi nomor 322dirut1024 direktur utama,SPK DAN PKS
Adendum Ketiga atas Perjanjian Kerja Sama antara PT Pos Indonesia (Persero) dengan Koperasi Simpan Pinjam Nusantara tentang Pemotongan Uang Pensiun untuk Angsuran Kredit Pensiun dan Pemeliharaan Data (Flagging) Pegawai Negeri Sipil/Aparatur Sipil Negara/TNI/Polri dan Pensiunan yang Memperoleh Kredit melalui Koperasi Simpan Pinjam Nusantara nomor : PKS 348/SVP Government and Corporate Business/1124,SVP Government and Corporate Business;,1209 - SPK dan PKS,adendum ketiga atas perjanjian kerja sama antara pt pos indonesia persero dengan koperasi simpan pinjam nusantara tentang pemotongan uang pensiun untuk angsuran kredit pensiun dan pemeliharaan data flagging pegawai negeri sipilaparatur sipil negaratnipolri dan pensiunan yang memperoleh kredit melalui koperasi simpan pinjam nusantara nomor pks 348svp government and corporate business1124 svp government and corporate business,SPK DAN PKS
Perjanjian Kerja Sama antara PT Pos Indonesia (Persero) dengan PT Bank Pembangunan Daerah Lampung tentang Penerimaan Pembayaran Tagihan Pajak Bumi dan Bangunan (PBB-P2) nomor : PKS 373/DIR-4/1124,Direktur Bisnis Jasa Keuangan;,1210 - SPK dan PKS,perjanjian kerja sama antara pt pos indonesia persero dengan pt bank pembangunan daerah lampung tentang penerimaan pembayaran tagihan pajak bumi dan bangunan pbbp2 nomor pks 373dir41124 direktur bisnis jasa keuangan,SPK DAN PKS
Surat keputusan Direksi tentang Penetapan Risk Champion dan Anti Fraud Agent di PT Pos Indonesia (Persero),Direktur Keuangan dan Manajemen Risiko;,1213 - SK,surat keputusan direksi tentang penetapan risk champion dan anti fraud agent di pt pos indonesia persero direktur keuangan dan manajemen risiko,SK
Perjanjian Kerahasiaan antara PT Pos Indonesia (Persero) dengan PT Digital Laskar Pelangi tentang Pertukaran Data dan/atau Informasi Nomor : NDA 349/SVP Retail Business/1124,SVP Retail Business;,1214 - SPK dan PKS,perjanjian kerahasiaan antara pt pos indonesia persero dengan pt digital laskar pelangi tentang pertukaran data danatau informasi nomor nda 349svp retail business1124 svp retail business,SPK DAN PKS
keputusan Direksi nomor : KD 061/DIRUT/1024 tentang Perubahan Kelima atas Keputusan Direksi PT Pos Indonesia (Persero) Nomor : KD 013/DIRUT/0323 tentang Organisasi dan Tata Kerja,Direktur Utama;,1215 - KD,keputusan direksi nomor kd 061dirut1024 tentang perubahan kelima atas keputusan direksi pt pos indonesia persero nomor kd 013dirut0323 tentang organisasi dan tata kerja direktur utama,KD
Perjanjian Kerja Sama antara Direktorat Rehabilitasi Sosial Lanjut Usia Kementerian Sosial dengan PT Pos Indonesia (Persero) Nomor : PKS 333/DIR-4/1024 tentang Penyaluran Bantuan Sosial Asistensi Rehabilitasi Sosial Lanjut Usia dalam Bentuk Uang Tahun 2024,Direktur Bisnis Jasa Keuangan;,1216 - SPK dan PKS,perjanjian kerja sama antara direktorat rehabilitasi sosial lanjut usia kementerian sosial dengan pt pos indonesia persero nomor pks 333dir41024 tentang penyaluran bantuan sosial asistensi rehabilitasi sosial lanjut usia dalam bentuk uang tahun 2024 direktur bisnis jasa keuangan,SPK DAN PKS
Berita Acara Kesepakatan antara PT Pos Indonesia (Persero) dan PT Lion Express tentang Pembayaran Piutang Kiriman Lion Parcel Nomor : 1110/DIR-5/1024,Direktur Bisnis Kurir dan Logistik;,1217 - SPK dan PKS,berita acara kesepakatan antara pt pos indonesia persero dan pt lion express tentang pembayaran piutang kiriman lion parcel nomor 1110dir51024 direktur bisnis kurir dan logistik,SPK DAN PKS
Risalah Radir  Selasa 10 Des 2024,Direksi;,1218 - risalah,risalah radir selasa 10 des 2024 direksi,RISALAH
Keputusan Direksi PT Pos Indonesia (Persero) Nomor : KD 064/ DIRUT/1124 tentang Perubahan Kedua atas keputusan Direksi PT Pos Indonesia (Persero) nomor : KD 067/DIRUT/0823 tentang Organisasi dan Tata Kerja Regional  Unit Komersial dan Unit Operasi,Direktur Utama;,1220 - KD,keputusan direksi pt pos indonesia persero nomor kd 064 dirut1124 tentang perubahan kedua atas keputusan direksi pt pos indonesia persero nomor kd 067dirut0823 tentang organisasi dan tata kerja regional unit komersial dan unit operasi direktur utama,KD
Adendum Pertama atas Perjanjian antara PT Pos Indonesia (Persero) dengan PT Siloam Kaisar Motorindo tentang Pekerjaan Pengadaan Sepeda Cargo Listrik di PT Pos Indonesia (Persero) Nomor : 390/DIR-2/2024,Direktur Human Capital Management;,1222 - SPK dan PKS,adendum pertama atas perjanjian antara pt pos indonesia persero dengan pt siloam kaisar motorindo tentang pekerjaan pengadaan sepeda cargo listrik di pt pos indonesia persero nomor 390dir22024 direktur human capital management,SPK DAN PKS
Tanggapan atas Usulan Penetapan Direktur PT Pos Properti Indonesia,Komisaris Utama,1223 - Surat Dinas,tanggapan atas usulan penetapan direktur pt pos properti indonesia komisaris utama,SURAT DINAS
Surat Peringatan,Managing Partner Tarigan & Partner,1224 - Surat Dinas,surat peringatan managing partner tarigan partner,SURAT DINAS
Surat perinta Kerja Nomor : SPK 1633/DIR-3/1124 SPK Telkom Indonesia tentang Pengadaan Pekerjaan Pengembangan Platform Logistik Tahun 2024-2025,Direktur Operasi dan Digital Services;,1226 - SPK dan PKS,surat perinta kerja nomor spk 1633dir31124 spk telkom indonesia tentang pengadaan pekerjaan pengembangan platform logistik tahun 20242025 direktur operasi dan digital services,SPK DAN PKS
Koordinasi dan Kolaborasi Penataan Bawah Flyover Pasopati,Kepala Badan Perencanaan Pembangunan  Penelitian dan Pengembangan Pemerintah Kota Bandung,1228 - Surat Dinas,koordinasi dan kolaborasi penataan bawah flyover pasopati kepala badan perencanaan pembangunan penelitian dan pengembangan pemerintah kota bandung,SURAT DINAS
Undangan Bintek Nasional PBJP 2024,Ketua Pelaksana Lembaga Pengembangan dan Pengkajian Kebijakan Publik (Lp2Kp) Artha Nugraha,1229 - Surat Dinas,undangan bintek nasional pbjp 2024 ketua pelaksana lembaga pengembangan dan pengkajian kebijakan publik lp2kp artha nugraha,SURAT DINAS
Risalah Radir  Selasa 17 Des 2024,Direksi;,1231 - risalah,risalah radir selasa 17 des 2024 direksi,RISALAH
1. Adendum atas Perjanjian Kerja Sama antara PT Pos Indonesia (Persero) dengan PT Bina Karya (Persero) tentang Kerja Sama Operasi Pelayanan Kurir dan Logistik Ibu Kota Nusantara (IKN). 2. Berita Acara Adendum IKN,Direktur Utama;,1232 - SPK dan PKS,1 adendum atas perjanjian kerja sama antara pt pos indonesia persero dengan pt bina karya persero tentang kerja sama operasi pelayanan kurir dan logistik ibu kota nusantara ikn 2 berita acara adendum ikn direktur utama,SPK DAN PKS
Surat Edaran tentang Penyelenggaraan The Best Performance Award PT Pos Indonesia (Persero),Direktur Human Capital Management;,1233 - SE,surat edaran tentang penyelenggaraan the best performance award pt pos indonesia persero direktur human capital management,SE
Perjanjian Sewa Menyewa antara PT Graha Sarana Duta dan PT Pos Indonesia (Persero) tentang Sewa Menyewa Bangunan dan Pemanfaatan Gedung Telkom Cisanggarung,Direktur Keuangan dan Manajemen Risiko;,1235 - SPK dan PKS,perjanjian sewa menyewa antara pt graha sarana duta dan pt pos indonesia persero tentang sewa menyewa bangunan dan pemanfaatan gedung telkom cisanggarung direktur keuangan dan manajemen risiko,SPK DAN PKS
1. Permohonan Izin Persetujuan Penghapusbukuan Gedung Kantor Bandar udara Soekarno Hatta milik PT Pos Indonesia (Persero). 2. Permohonan Izin Persetujuan Penghapusbukuan Barang Inventaris Videotron milik PT Pos Indonesia,Direktur Utama;,1236 - Surat Dinas,1 permohonan izin persetujuan penghapusbukuan gedung kantor bandar udara soekarno hatta milik pt pos indonesia persero 2 permohonan izin persetujuan penghapusbukuan barang inventaris videotron milik pt pos indonesia direktur utama,SURAT DINAS
permintaan ATK,manajer rumah tangga;,1237 - Surat Dinas,permintaan atk manajer rumah tangga,SURAT DINAS
Keputusan Direksi tentang Perubahan Kedua atas Keputusan Direksi PT Pos Indonesia (Persero) Nomor KD 006/DIR-3/0121 tentang Antaran Kemitraan,Direktur Oeprasi dan Digital Services;,1239 - KD,keputusan direksi tentang perubahan kedua atas keputusan direksi pt pos indonesia persero nomor kd 006dir30121 tentang antaran kemitraan direktur oeprasi dan digital services,KD
permintaan tanggapan dari surat pengaduan kiriman,Amilia - Jl. Majapahit H-12  Jember,1240 - Surat Dinas,permintaan tanggapan dari surat pengaduan kiriman amilia jl majapahit h12 jember,SURAT DINAS
Laporan Hasil Penilaian Indonesian Corporate Accountability Index (ICORPAX) pada PT Pos Indonesia (Persero) Tahun Buku 2023,Badan Pengawasan Keuangan dan Pembangunan (BPKP) Perwakilan Provinsi Jawa Barat,1241 - laporan,laporan hasil penilaian indonesian corporate accountability index icorpax pada pt pos indonesia persero tahun buku 2023 badan pengawasan keuangan dan pembangunan bpkp perwakilan provinsi jawa barat,LAPORAN
Perjanjian Kerja Sama antara PT Pos Indonesia (Persero) dengan PT Mitra Kasih Perkasa tentang Layanan Multi Biller melalui Aplikasi Pospay Nomor : PKS 399/SVP Consumer Business/1224,SVP Consumer Business;,1242 - SPK dan PKS,perjanjian kerja sama antara pt pos indonesia persero dengan pt mitra kasih perkasa tentang layanan multi biller melalui aplikasi pospay nomor pks 399svp consumer business1224 svp consumer business,SPK DAN PKS
Perjanjian Kerja Sama antara PT Pos Indonesia (Persero) dengan PT Abyakta Teknologi Indonesia tentang Layanan Multi Biller melalui Aplikasi Pospay dengan Travel Partnership Atensi Nomor : PKS 400/SVP Consumer Business/2024,SVP Consumer Business;,1243 - SPK dan PKS,perjanjian kerja sama antara pt pos indonesia persero dengan pt abyakta teknologi indonesia tentang layanan multi biller melalui aplikasi pospay dengan travel partnership atensi nomor pks 400svp consumer business2024 svp consumer business,SPK DAN PKS
Perjanjian Kerja Sama antara PT Pos Indonesia (Persero) dengan CV Kilat Jaya Sukses tentang pengelolaan O-Ranger Komunitas Layanan Jasa Kurir Nomor : 1611/RB/1224,SVP Retail Business;,1244 - SPK dan PKS,perjanjian kerja sama antara pt pos indonesia persero dengan cv kilat jaya sukses tentang pengelolaan oranger komunitas layanan jasa kurir nomor 1611rb1224 svp retail business,SPK DAN PKS
Program Kepatuhan Persaingan Usaha,Komisi Pengawas Persaingan Usaha Republik Indonesia,1247 - Surat Dinas,program kepatuhan persaingan usaha komisi pengawas persaingan usaha republik indonesia,SURAT DINAS
Risalah Radir  Selasa 24 des 2024,direksi;,1248 - risalah,risalah radir selasa 24 des 2024 direksi,RISALAH
Permohonan Rekomendasi Persetujuan Penghapusan dan Pemindahtanganan 10 (sepuluh) Lokasi Aktiva Tetap Tanah dan/ atau Gedung Milik PT Pos Indonesia (Persero),Komisaris Utama,1249 - Surat Dinas,permohonan rekomendasi persetujuan penghapusan dan pemindahtanganan 10 sepuluh lokasi aktiva tetap tanah dan atau gedung milik pt pos indonesia persero komisaris utama,SURAT DINAS
Persetujuan Permohonan Menjalankan Cuti Sdr. Tonggo Marbun,Komisaris Utama,1250 - Surat Dinas,persetujuan permohonan menjalankan cuti sdr tonggo marbun komisaris utama,SURAT DINAS
SPK Div Legal (karyadi),Corsec;,1251 - SPK dan PKS,spk div legal karyadi corsec,SPK DAN PKS
PKS Div Legal (Karyadi),Corsec;,1252 - SPK dan PKS,pks div legal karyadi corsec,SPK DAN PKS
Surat Edaran tentang Rekrutmen Karyawan PT Pos Indonesia (Persero) melalui Program Ikatan Dinas dengan Universitas Logistik dan Bisnis Internasional Intake Diploma III  Diploma IV dan Strata 1 Tahun 2024,Direktur Human Capital Management;,1253 - SE,surat edaran tentang rekrutmen karyawan pt pos indonesia persero melalui program ikatan dinas dengan universitas logistik dan bisnis internasional intake diploma iii diploma iv dan strata 1 tahun 2024 direktur human capital management,SE
SPK / PKS Div Legal (Karyadi),Corsec;,1256 - SPK dan PKS,spk pks div legal karyadi corsec,SPK DAN PKS
Keputusan Direksi tentang Hari Libur Nasional Tahun 2025,Direktur Human Capital Management;,1257 - KD,keputusan direksi tentang hari libur nasional tahun 2025 direktur human capital management,KD
Keputusan Direksi tentang Perubahan Pertama atas Keputusan Direksi PT Pos Indonesia (Persero) Nomor KD 013/DIRUT/0324 tentang Proyek Penanganan Piutang,Direktur Utama;,1258 - KD,keputusan direksi tentang perubahan pertama atas keputusan direksi pt pos indonesia persero nomor kd 013dirut0324 tentang proyek penanganan piutang direktur utama,KD
ministry of foreign affairs of the Republic of Indonesia,Embassy of The Russian Federation Jakarta,1259 - Surat Dinas,ministry of foreign affairs of the republic of indonesia embassy of the russian federation jakarta,SURAT DINAS
Nota Kesepahaman antara PT Pos Indonesia (Persero) dengan PT Indah Logistik tentang Pemanfaatan Layanan Jasa dan Potensi Masing-Masing Pihak,Direktur Utama;,1260 - SPK dan PKS,nota kesepahaman antara pt pos indonesia persero dengan pt indah logistik tentang pemanfaatan layanan jasa dan potensi masingmasing pihak direktur utama,SPK DAN PKS
Perjanjian Kerja Sama antara PT Pos Indonesia (Persero) dengan PT Klik Indomaret Sukses tentang Layanan Tarik Tunai Rekening Giropos melalui Jaringan PT Klik Indomaret Sukses,SVP Consumer Business;,1261 - pks,perjanjian kerja sama antara pt pos indonesia persero dengan pt klik indomaret sukses tentang layanan tarik tunai rekening giropos melalui jaringan pt klik indomaret sukses svp consumer business,PKS
Surat Keputusan Direksi PT Pos Indonesia (Persero) Nomor SK 3162/DIRUT/1124 tentang Perpanjangan Masa Tugas dan Perubahan Susunan Keanggotaan Tim Pelaksana Penyaluran Bantuan Sosial Kementerian Sosial Republik Indonesia Tahun 2024,Direktur Utama;,1263 - SK,surat keputusan direksi pt pos indonesia persero nomor sk 3162dirut1124 tentang perpanjangan masa tugas dan perubahan susunan keanggotaan tim pelaksana penyaluran bantuan sosial kementerian sosial republik indonesia tahun 2024 direktur utama,SK
Usulan Pemberhentian  Pengalihan Tugas  dan Pengangkatan Anggota-Anggota Dewan Komisaris Anak Perusaahaan PT Pos Indonesia (Persero),Menteri BUMN,1 - Surat Dinas,usulan pemberhentian pengalihan tugas dan pengangkatan anggotaanggota dewan komisaris anak perusaahaan pt pos indonesia persero menteri bumn,SURAT DINAS
Pelaksanaan Perjanjian Perwaliamanatan,PT BTN (Persero) Tbk Financial Institution&Capital Market Division,2 - Surat Dinas,pelaksanaan perjanjian perwaliamanatan pt btn persero tbk financial institutioncapital market division,SURAT DINAS
Undangan Workshop BUMN dan Anak Usaha di Januari-Februari 2025,Koran BUMN,3 - Surat Dinas,undangan workshop bumn dan anak usaha di januarifebruari 2025 koran bumn,SURAT DINAS
Penyampaian Buku Laporan Perekonomian Provinsi (LPP) Jawa Barat Periode November 2024,Deputi Direktur Kantor Perwakilan BI Prov Jabar,4 - Surat Dinas,penyampaian buku laporan perekonomian provinsi lpp jawa barat periode november 2024 deputi direktur kantor perwakilan bi prov jabar,SURAT DINAS
Surat Edaran tentang Implementasi dan Pemanfaatan Layanan Virtual Account Berbasis Giropos (120/Jaskug/PM/0924),Divisi Product Management,12 - SE,surat edaran tentang implementasi dan pemanfaatan layanan virtual account berbasis giropos 120jaskugpm0924 divisi product management,SE
PKS Program Magang Mahasiswa Bersertifikat dengan Universitas Informatika dan Bisnis Indonesia,Divisi Human Capital Development,27 - PKS,pks program magang mahasiswa bersertifikat dengan universitas informatika dan bisnis indonesia divisi human capital development,PKS
Perjanjian Kerjasama antara PT Pos Indonesia (Persero) dengan PT Solusi Pengiriman Indonesia (GRAB),Subdit Courier and Logistic Operation,37 - PKS,perjanjian kerjasama antara pt pos indonesia persero dengan pt solusi pengiriman indonesia grab subdit courier and logistic operation,PKS
Usulan Pemberhentian  Pengalihan Tugas  dan Pengangkatan Anggota-Anggota Dewan Komisaris Anak Perusaahaan PT Pos Indonesia (Persero),Menteri BUMN,1 - Surat Dinas,usulan pemberhentian pengalihan tugas dan pengangkatan anggotaanggota dewan komisaris anak perusaahaan pt pos indonesia persero menteri bumn,SURAT DINAS
Pelaksanaan Perjanjian Perwaliamanatan,PT BTN (Persero) Tbk Financial Institution&Capital Market Division,2 - Surat Dinas,pelaksanaan perjanjian perwaliamanatan pt btn persero tbk financial institutioncapital market division,SURAT DINAS
Undangan Workshop BUMN dan Anak Usaha di Januari-Februari 2025,Koran BUMN,3 - Surat Dinas,undangan workshop bumn dan anak usaha di januarifebruari 2025 koran bumn,SURAT DINAS
Penyampaian Buku Laporan Perekonomian Provinsi (LPP) Jawa Barat Periode November 2024,Deputi Direktur Kantor Perwakilan BI Prov Jabar,4 - Surat Dinas,penyampaian buku laporan perekonomian provinsi lpp jawa barat periode november 2024 deputi direktur kantor perwakilan bi prov jabar,SURAT DINAS
Permohonan Audiensi dan Kerjasama Strategis,Kacab PT Penerbit Erlangga Cab Bandung,5 - Surat Dinas,permohonan audiensi dan kerjasama strategis kacab pt penerbit erlangga cab bandung,SURAT DINAS
Risalah Radir 7 Januari 2025,direksi;,6 - Surat Dinas,risalah radir 7 januari 2025 direksi,SURAT DINAS
Risalah Radir 8 Januari 2025,direksi;,7 - Surat Dinas,risalah radir 8 januari 2025 direksi,SURAT DINAS
Risalah Radir 9 Januari 2025,direksi;,8 - Surat Dinas,risalah radir 9 januari 2025 direksi,SURAT DINAS
Undangan Peliputan Pencatatan Perdana Saham Sukuk PosIND,Rekan Media;,9 - Surat Dinas,undangan peliputan pencatatan perdana saham sukuk posind rekan media,SURAT DINAS
Permohonan Surat Kuasa Khusus,Divisi Hukum,10 - Surat Dinas,permohonan surat kuasa khusus divisi hukum,SURAT DINAS
Nota Kesepahaman antara PT Pos Indonesia (Persero) dengan P10WW International Corp (MyKatero),Sub Dit Wholesale and International Business,11 - Nota Kesepahaman,nota kesepahaman antara pt pos indonesia persero dengan p10ww international corp mykatero sub dit wholesale and international business,NOTA KESEPAHAMAN
Surat Edaran tentang Implementasi dan Pemanfaatan Layanan Virtual Account Berbasis Giropos (120/Jaskug/PM/0924),Divisi Product Management,12 - SE,surat edaran tentang implementasi dan pemanfaatan layanan virtual account berbasis giropos 120jaskugpm0924 divisi product management,SE
KD tentang Distribusi dan Persediaan Benda Pos  Materai dan Konsinyasi,Konsinyasi dan Filateli,13 - KD,kd tentang distribusi dan persediaan benda pos materai dan konsinyasi konsinyasi dan filateli,KD
Perjanjian Kerja Sama dengan PT Ordivo Teknologi Indonesia tentang Pengiriman Barang Marketplace Ordivo,Divisi Kemitraan dan Solusi,14 - SPK dan PKS,perjanjian kerja sama dengan pt ordivo teknologi indonesia tentang pengiriman barang marketplace ordivo divisi kemitraan dan solusi,SPK DAN PKS
Perjanjian Kerjasama Antara PT Pos Indonesia (Persero) dengan PT Beta Pasifik Indonesia tentang Jasa Pengiriman Dokumen Tanda Bukti Pelunasan Kewajiban Pajak (TBPKP),Subdit Enterprise Business,15 - SPK dan PKS,perjanjian kerjasama antara pt pos indonesia persero dengan pt beta pasifik indonesia tentang jasa pengiriman dokumen tanda bukti pelunasan kewajiban pajak tbpkp subdit enterprise business,SPK DAN PKS
Relaas Panggilan (Surat Tercatat),Mahkamah Agung,16 - Surat Dinas,relaas panggilan surat tercatat mahkamah agung,SURAT DINAS
Nota Kesepahaman antara PT Era Permata Sejahtera dengan PT Pos Indonesia tentang Pemanfaatan Layanan Jasa dan Potensi Masing-Masing Pihak,Subdit Wholesale and International Business,18 - Nota Kesepahaman,nota kesepahaman antara pt era permata sejahtera dengan pt pos indonesia tentang pemanfaatan layanan jasa dan potensi masingmasing pihak subdit wholesale and international business,NOTA KESEPAHAMAN
PKS antara PT Pos Indonesia dengan Madame Express Remitindo tentang Pemanfaatan Layanan Weselpos Instan,Remittance and Syariah Business,19 - SPK dan PKS,pks antara pt pos indonesia dengan madame express remitindo tentang pemanfaatan layanan weselpos instan remittance and syariah business,SPK DAN PKS
Penyelesaian Kerjasama,Div Hukum,20 - Surat Dinas,penyelesaian kerjasama div hukum,SURAT DINAS
SE tentang Implementasi Layanan QRIS Cross Border,Divisi Product Management,21 - SE,se tentang implementasi layanan qris cross border divisi product management,SE
Perjanjian Kerahasiaan antara Bank DKI dengan PT Pos Indonesia (Persero),Divisi Payment,22 - Perjanjian Kerahasiaan,perjanjian kerahasiaan antara bank dki dengan pt pos indonesia persero divisi payment,PERJANJIAN KERAHASIAAN
SK tentang Tim Pengadaan Setempat Divisi Legal Kantor Pusat PT Pos Indonesia (Persero),Divisi Legal,23 - SK,sk tentang tim pengadaan setempat divisi legal kantor pusat pt pos indonesia persero divisi legal,SK
SE tentang Pagu Kas dan Setara Kas yang Boleh Ditahan Tahun 2025,Direktorat Keuangan dan manajemen Resiko,24 - SE,se tentang pagu kas dan setara kas yang boleh ditahan tahun 2025 direktorat keuangan dan manajemen resiko,SE
Perjanjian Kerahasiaan antara PT SRC Indonesia Sembilan dan PT Pos Indonesia,Divisi Oranger,25 - Perjanjian Kerahasiaan,perjanjian kerahasiaan antara pt src indonesia sembilan dan pt pos indonesia divisi oranger,PERJANJIAN KERAHASIAAN
Perpanjangan Masa Tugas dan Perubahan Susunan Keanggotaan Tim Pendamping Pengadaan Pengembangan Aplikasi Sistem Integrasi Pemeriksaan Periodik(SNIPER) Tahun 2024 PT Pos Indonesia (Persero),Direksi,26 - SK,perpanjangan masa tugas dan perubahan susunan keanggotaan tim pendamping pengadaan pengembangan aplikasi sistem integrasi pemeriksaan periodiksniper tahun 2024 pt pos indonesia persero direksi,SK
PKS Program Magang Mahasiswa Bersertifikat dengan Universitas Informatika dan Bisnis Indonesia,Divisi Human Capital Development,27 - PKS,pks program magang mahasiswa bersertifikat dengan universitas informatika dan bisnis indonesia divisi human capital development,PKS
PKS TKPP a.n Raden Taufik pada Direktorat Keuangan dan Manajemen Risiko sebagaai VP Asset management,Divisi Human Capital Development,28 - PKS,pks tkpp an raden taufik pada direktorat keuangan dan manajemen risiko sebagaai vp asset management divisi human capital development,PKS
Draft Adendum PKS dengan Bank Tabungan Negara tentang Layanan Tabungan  Produk dan Layanan Perbankan Lainnya di kantorpos,Divisi Fronting Business,29 - PKS,draft adendum pks dengan bank tabungan negara tentang layanan tabungan produk dan layanan perbankan lainnya di kantorpos divisi fronting business,PKS
Rapat Direksi  21 Januari 2025,Direksi;,31 - Risalah Radir,rapat direksi 21 januari 2025 direksi,RISALAH RADIR
Daftar Pemegang Saham (DPS) sebagai Kelengkapan RUPS,Legal,32 - Surat Dinas,daftar pemegang saham dps sebagai kelengkapan rups legal,SURAT DINAS
PKS antara PT Pos Indonesia dengan PT Bank Muamalat Indonesia,Divisi Remittance and Syariah Business,34 - SPK dan PKS,pks antara pt pos indonesia dengan pt bank muamalat indonesia divisi remittance and syariah business,SPK DAN PKS
Laporan Tahunan Anti Pencucian Uang (APU) dan Pencegahan Pendanaan Terorisme (PPT) PT Pos Indonesia (Persero) Tahun 2024,Giro pos dan PJP,35 - Surat Dinas,laporan tahunan anti pencucian uang apu dan pencegahan pendanaan terorisme ppt pt pos indonesia persero tahun 2024 giro pos dan pjp,SURAT DINAS
Perjanjian Kerjasama antara PT Pos Indonesia (Persero) dengan PT Solusi Pengiriman Indonesia (GRAB),Subdit Courier and Logistic Operation,37 - PKS,perjanjian kerjasama antara pt pos indonesia persero dengan pt solusi pengiriman indonesia grab subdit courier and logistic operation,PKS
Perjanjian Kerjasama antara PT Auto SErba Digital dengan PT Pos Indonesia (Persero) tentang Pengiriman Kiriman Marketplace,Divisi Kemitraan dan Solusi,38 - PKS,perjanjian kerjasama antara pt auto serba digital dengan pt pos indonesia persero tentang pengiriman kiriman marketplace divisi kemitraan dan solusi,PKS
Permohonan Penundaan Pemberian Klarifikasi,Plh Direktur Inestigasi u.b Koordinator Satuan Tugas;,39 - Surat Dinas,permohonan penundaan pemberian klarifikasi plh direktur inestigasi ub koordinator satuan tugas,SURAT DINAS
Perjanjian antara PT Pos Indonesia (Persero) dengan PT Prestasi Multi Kreasi tentang Pekerjaan Pengadaan Jasa Konsultan Market Research di JIEP  No PKS 404/SVP SPBD/2024,Divisi Strategic Planning and Synergy Business;,40 - PKS,perjanjian antara pt pos indonesia persero dengan pt prestasi multi kreasi tentang pekerjaan pengadaan jasa konsultan market research di jiep no pks 404svp spbd2024 divisi strategic planning and synergy business,PKS
Perjanjian antara PT Pos Indonesia (Persero) dengan PT Prestasi Multi Kreasi tentang Pekerjaan Pengadaan Jasa Konsultan Kajian CEP Internasional  Nomor PKS : 403/SVP SPBD/2024,Divisi Strategic Planning and Synergy Business;,41 - PKS,perjanjian antara pt pos indonesia persero dengan pt prestasi multi kreasi tentang pekerjaan pengadaan jasa konsultan kajian cep internasional nomor pks 403svp spbd2024 divisi strategic planning and synergy business,PKS
Perjanjian Kerjasama Program Diskon antara PT Shopee Internasional Indonesia dengan PT Pos Indonesia (Persero) tentang Program Diskon  Nomor : PKS.011/SVP Retail Business/0125,Divisi Kemitraan dan Solusi;,42 - SPK dan PKS,perjanjian kerjasama program diskon antara pt shopee internasional indonesia dengan pt pos indonesia persero tentang program diskon nomor pks011svp retail business0125 divisi kemitraan dan solusi,SPK DAN PKS
SK Direksi No : SK.2170/DIRUT/1024 tentang Perpanjangan Masa Tugas dan Perubahan Susunan Keanggotaan Komite Penerbitan Instrumen Utang PT Pos Indonesia (Persero),Dirut;,44 - SK,sk direksi no sk2170dirut1024 tentang perpanjangan masa tugas dan perubahan susunan keanggotaan komite penerbitan instrumen utang pt pos indonesia persero dirut,SK
Perjanjian Kerahasiaan antara PT Kereta Api Indonesia (Persero) dengan PT Pos Indonesia (Persero) tentang Pertukaran Data dan Informasi,SVP Consumer Bisnis;,48 - Perjanjian Kerahasiaan,perjanjian kerahasiaan antara pt kereta api indonesia persero dengan pt pos indonesia persero tentang pertukaran data dan informasi svp consumer bisnis,PERJANJIAN KERAHASIAAN
SE tentang Pedoman dan Petunjuk Teknis Operasional Sistem Universal Biller,Direktur Operasi dan Digital Services;,49 - SE,se tentang pedoman dan petunjuk teknis operasional sistem universal biller direktur operasi dan digital services,SE
Pemberian Keterangan dan Bukti atas Surat Nomor S-68/WPJ.24/2025 (6971/HK.05/I/2025),Kepala Kanwil Direktorat Jenderal Pajak Jawa Timur II Jalan Raya Juanda Nomor 37 Sidoarjo;,51 - Surat Dinas,pemberian keterangan dan bukti atas surat nomor s68wpj242025 6971hk05i2025 kepala kanwil direktorat jenderal pajak jawa timur ii jalan raya juanda nomor 37 sidoarjo,SURAT DINAS
Keputusan Direksi PT Pos Indonesia (Persero) Nomor. KD 068/DIRUT/1224 tentang Sub Bagian di Regional dan Kantor Cabang Utama,Dirut;,53 - KD,keputusan direksi pt pos indonesia persero nomor kd 068dirut1224 tentang sub bagian di regional dan kantor cabang utama dirut,KD
Perjanjian Kerjasama antara PT Pos Indonesia (Persero) dengan PT Rakamin Kolektif Madani tentang Pekerjaan Pengadaan Jasa Konsultansi Penyediaan Platform Rekrutmen dan Tools Seleksi Rekrutmen Berbasis Web (Online),Divisi Human Capital;,54 - SPK dan PKS,perjanjian kerjasama antara pt pos indonesia persero dengan pt rakamin kolektif madani tentang pekerjaan pengadaan jasa konsultansi penyediaan platform rekrutmen dan tools seleksi rekrutmen berbasis web online divisi human capital,SPK DAN PKS
Perjanjian antara PT Pos Indonesia (Persero) dengan PT BDO Konsultan Indonesia tentang Pekerjaan Pengadaan Jasa Penyusunan Kebijakan Akuntansi Pada PT Pos Indonesia (Persero),Direktur Keuangan dan Manajemen Risiko;,58 - PKS,perjanjian antara pt pos indonesia persero dengan pt bdo konsultan indonesia tentang pekerjaan pengadaan jasa penyusunan kebijakan akuntansi pada pt pos indonesia persero direktur keuangan dan manajemen risiko,PKS
Nota Kesepahaman antara PT Pos Indonesia (Persero) dengan Kamar Dagang dan Industri Indonesia tentang Pemanfaatan Layanan Jasa dan Potensi Masing-Masing Pihak,Dirut;,62 - Nota Kesepahaman,nota kesepahaman antara pt pos indonesia persero dengan kamar dagang dan industri indonesia tentang pemanfaatan layanan jasa dan potensi masingmasing pihak dirut,NOTA KESEPAHAMAN
Surat Keputusan Direksi PT Pos Indonesia (Persero) Nomor : 011/DIRUT/0125 tentang Satuan Tugas Pelaksana Kiriman Kargo Umrah  Pekerja Migran Indonesia dan haji 2025,Dirut;,66 - SK,surat keputusan direksi pt pos indonesia persero nomor 011dirut0125 tentang satuan tugas pelaksana kiriman kargo umrah pekerja migran indonesia dan haji 2025 dirut,SK
Draft PKS No PKS 013/Dir-2/0125 tanggal 10 Januari 2024 Pengadaan Sewa Kendaraan Jabatan EGM KCU Surabaya 60000 dan EGM  OGM dan EM di Wilayah Papua Regional VI Makassar Tahun 2024,Dir HCM;,67 - PKS,draft pks no pks 013dir20125 tanggal 10 januari 2024 pengadaan sewa kendaraan jabatan egm kcu surabaya 60000 dan egm ogm dan em di wilayah papua regional vi makassar tahun 2024 dir hcm,PKS
Perjanjian Kerja Sama antara PT Pos Indonesia (Persero) dengan PT Gudang Biru Nusantara tentang Pekerjaan Peningkatan User Experience SAP HANA (No 009/GBN/POS/11/2024),Divisi Financial Policy;Dirkug;,68 - PKS,perjanjian kerja sama antara pt pos indonesia persero dengan pt gudang biru nusantara tentang pekerjaan peningkatan user experience sap hana no 009gbnpos112024 divisi financial policydirkug,PKS
Permohonan Surat Kuasa Khusus Perkara PHI KCU Batam (8757/HK.05/I/2025),Corsec;dir HCM;,70 - Surat Dinas,permohonan surat kuasa khusus perkara phi kcu batam 8757hk05i2025 corsecdir hcm,SURAT DINAS
Pemberitahuan Pengakhiran Kerja Sama (7944/HK.00.03/II/2025),Corsec;,71 - Surat Dinas,pemberitahuan pengakhiran kerja sama 7944hk0003ii2025 corsec,SURAT DINAS
Perbaikan Kajian dan Tambahan Data untuk Permohonan Penghapusbukuan dan Pemindahtanganan 10 Aktiva Tetap Tanah dan/atau Gedung Milik PT Pos Indonesia (Persero),Dirut;,72 - Surat Dinas,perbaikan kajian dan tambahan data untuk permohonan penghapusbukuan dan pemindahtanganan 10 aktiva tetap tanah danatau gedung milik pt pos indonesia persero dirut,SURAT DINAS
Surat Keputusan Direksi PT Pos Indonesia (Persero) tentang Tim Penyusunan Annual Report Tahun 2024 Direksi PT Pos Indonesia (Persero),Dir Business Development and Portfolio Management;,73 - SK,surat keputusan direksi pt pos indonesia persero tentang tim penyusunan annual report tahun 2024 direksi pt pos indonesia persero dir business development and portfolio management,SK
Risalah Rapat Direksi  Selasa 4 Februari 2025,Para Direksi;,74 - Risalah Radir,risalah rapat direksi selasa 4 februari 2025 para direksi,RISALAH RADIR
Keputusan Direksi PT Pos Indonesia (Persero) Nomor : KD 067/Dir-3/1224 tentang Komite Pengarah Teknologi Informasi/Information Technology Steering Committee Direksi PT Pos Indonesia (Persero),Direktur Operasi dan Digital Service;,77 - KD,keputusan direksi pt pos indonesia persero nomor kd 067dir31224 tentang komite pengarah teknologi informasiinformation technology steering committee direksi pt pos indonesia persero direktur operasi dan digital service,KD
Risalah Rapat Direksi  Selasa 11 Februari 2025,Direksi;,78 - Risalah Radir,risalah rapat direksi selasa 11 februari 2025 direksi,RISALAH RADIR
Surat Keputisan Direksi tentang Perpanjangan Masa Tugas dan Perubahan Susunan Keanggotaan TIm Pendamping Pengadaan Pengembangan Aplikasi SNIPER (Sistem Integrasi Pemeriksaan Periodik) Tahun 2024,Dirkug;,79 - KD,surat keputisan direksi tentang perpanjangan masa tugas dan perubahan susunan keanggotaan tim pendamping pengadaan pengembangan aplikasi sniper sistem integrasi pemeriksaan periodik tahun 2024 dirkug,KD
Risalah Rapat Dewan Komisaris Bersama Direksi PT Pos Indonesia (Persero)  2 Februari 2025,Dekom,80 - Risalah Rakomdir,risalah rapat dewan komisaris bersama direksi pt pos indonesia persero 2 februari 2025 dekom,RISALAH RAKOMDIR
Perjanjian Kerjasama antara Direktorat Rehabilitasi Sosial Penyandang Disabilitas Kementrian Sosial dengan PT Pos Indonesia  Nomor : PKS.410/DIR-4/1224 tentang Penyaluran Bantuan Permakanan Bagi Penyandang Disabilitas Tahun 2025 (9601/JK.00/II/2025),Direktur Bisnis Jasa Keuangan;,83 - SPK dan PKS,perjanjian kerjasama antara direktorat rehabilitasi sosial penyandang disabilitas kementrian sosial dengan pt pos indonesia nomor pks410dir41224 tentang penyaluran bantuan permakanan bagi penyandang disabilitas tahun 2025 9601jk00ii2025 direktur bisnis jasa keuangan,SPK DAN PKS
PKS antara Direktorat Jaminan Sosial Direktorat Jenderal Perlindungan dan Jaminan Sosial Kementrian Sosial dengan PT Pos Indonesia (Persero) tentang Penyaluran Program Keluarga Harapan Tahun 2025,Direktur Bisnis Jasa Keuangan;,84 - SPK dan PKS,pks antara direktorat jaminan sosial direktorat jenderal perlindungan dan jaminan sosial kementrian sosial dengan pt pos indonesia persero tentang penyaluran program keluarga harapan tahun 2025 direktur bisnis jasa keuangan,SPK DAN PKS
PKS antara Direktorat Pemberdayaan Kelompok Rentan Direktorat Jenderal Pemberdayaan Sosial Kementrian Sosial dengan PT Pos Indonesia (Persero) tentang Penyaluran Program Sembako Tahun 2025,Direktur Bisnis Jasa Keuangan;,85 - SPK dan PKS,pks antara direktorat pemberdayaan kelompok rentan direktorat jenderal pemberdayaan sosial kementrian sosial dengan pt pos indonesia persero tentang penyaluran program sembako tahun 2025 direktur bisnis jasa keuangan,SPK DAN PKS
Addendum PKS PT Pos Indonesia (Persero) dengan PT Internusa Tribuana Citra Multifinance tentang Penerimaan Pembayaran Angsuran Kredit Secara Online (001/FSPM/PD/0125),Direktur Bisnis Jasa Keuangan;,86 - SPK dan PKS,addendum pks pt pos indonesia persero dengan pt internusa tribuana citra multifinance tentang penerimaan pembayaran angsuran kredit secara online 001fspmpd0125 direktur bisnis jasa keuangan,SPK DAN PKS
PKS antara PT Pos Indonesia dengan PT Madame Express Remitindo tentang Layanan Transfer Dana (02/Remittance/0125),SVP Consumer Business;,88 - SPK dan PKS,pks antara pt pos indonesia dengan pt madame express remitindo tentang layanan transfer dana 02remittance0125 svp consumer business,SPK DAN PKS
PKS antara PT Pos Indonesia (Persero) dan CV Mediacom Mitra Abadi tentang Pekerjaan Pengadaan Managed Service Helpdesk Operasi Jasa Keuangan Tahun 2025 (02/DivOpJaskug/0125),VP Fronting Management and Financial Transaction Services;,90 - SPK dan PKS,pks antara pt pos indonesia persero dan cv mediacom mitra abadi tentang pekerjaan pengadaan managed service helpdesk operasi jasa keuangan tahun 2025 02divopjaskug0125 vp fronting management and financial transaction services,SPK DAN PKS
PKS antara PT Pos Indonesia (Persero) dengan PT Bimasakti Multi Sinergi tentang Layanan Multi Biller melalui Aplikasi Pospay (351/SVP-Consumer Business/0125),SVP Consumer Business;,91 - SPK dan PKS,pks antara pt pos indonesia persero dengan pt bimasakti multi sinergi tentang layanan multi biller melalui aplikasi pospay 351svpconsumer business0125 svp consumer business,SPK DAN PKS
Surat Penunjuan KKO a.n Heri Nugrahanto,VP Corporate Comunication;,92 - Surat Dinas,surat penunjuan kko an heri nugrahanto vp corporate comunication,SURAT DINAS
Laporan Penyelenggaraan Layanan Pos Universal (LPU) Triwulan IV Tahun 2024 (Realisasi),Direktur Business Development and Portofolio Management;,93 - Laporan,laporan penyelenggaraan layanan pos universal lpu triwulan iv tahun 2024 realisasi direktur business development and portofolio management,LAPORAN
PKS TKPP a.n Lutfi Eka Permana Putra Pada Direktorat Bisnis Kurir dan Logistik sebagai Senior Account Manager (PKS.1634/DIR-1/1224),Direktur Bisnis dan Kurir Logistik;,94 - SPK dan PKS,pks tkpp an lutfi eka permana putra pada direktorat bisnis kurir dan logistik sebagai senior account manager pks1634dir11224 direktur bisnis dan kurir logistik,SPK DAN PKS
PKS antara PT Pos Indonesia (Persero) dengan PT Plugo Teknologi Indonesia tentang Layanan Pengiriman Barang,EVP Wholesale and International Business;,95 - SPK dan PKS,pks antara pt pos indonesia persero dengan pt plugo teknologi indonesia tentang layanan pengiriman barang evp wholesale and international business,SPK DAN PKS
Ratas Pembahasan Akuisisi DTU oleh Anak Perusahaan,Direksi;,97 - Risalah Ratas,ratas pembahasan akuisisi dtu oleh anak perusahaan direksi,RISALAH RATAS
Ratas Pembahasan Konsolidasi Logistik Darat,Direksi;,98 - Risalah Ratas,ratas pembahasan konsolidasi logistik darat direksi,RISALAH RATAS
SE Penyelenggaraan Kegiatan Knowledge Management & Innovation Tahun 2025,Direktur Human Capital Management;,99 - SE,se penyelenggaraan kegiatan knowledge management innovation tahun 2025 direktur human capital management,SE
Perjanjian Kerahasiaan dengan PT Pos Finansial Indonesia tentang Pertukaran data dan/atau Informasi (NDA Kurir Agregator) (1657),SVP Retail Business;,101 - Perjanjian Kerahasiaan,perjanjian kerahasiaan dengan pt pos finansial indonesia tentang pertukaran data danatau informasi nda kurir agregator 1657 svp retail business,PERJANJIAN KERAHASIAAN
Nota Kesepahaman antara PT Pos Indonesia (Persero) dengan PT Binasentra Purna Insurance Broker tentang Pemanfaatan Layanan Jasa dan Potensi Masing-masing Pihak (201/Enterprise- Business/0125),Direktur Utama;,102 - Nota Kesepahaman,nota kesepahaman antara pt pos indonesia persero dengan pt binasentra purna insurance broker tentang pemanfaatan layanan jasa dan potensi masingmasing pihak 201enterprise business0125 direktur utama,NOTA KESEPAHAMAN
Nota Kesepahaman antara PT ASDP Indonesia Ferry (Pesero) dengan PT Pos Indonesia (Persero) tentang Kemitraan Strategis Ekosistem Bisnis Logistik BUMN Klaster Logistik (13/SubditCLO/0225),Direktur Utama;,103 - Nota Kesepahaman,nota kesepahaman antara pt asdp indonesia ferry pesero dengan pt pos indonesia persero tentang kemitraan strategis ekosistem bisnis logistik bumn klaster logistik 13subditclo0225 direktur utama,NOTA KESEPAHAMAN
KD tentang Perubahan Pertama atas Keputusan Direksi PT Pos Indonesia (Persero) Nomor : KD.70/Dir-02/1224 tentang Hari Libur Nasional,Direktur Human Capital Management;,104 - KD,kd tentang perubahan pertama atas keputusan direksi pt pos indonesia persero nomor kd70dir021224 tentang hari libur nasional direktur human capital management,KD
KD tentang Alokasi Operasional PT Pos Indonesia (Persero) Tahun 2025,Direktur Utama;,105 - KD,kd tentang alokasi operasional pt pos indonesia persero tahun 2025 direktur utama,KD
Perjanjian antara PT Pos Indonesia (Persero) dengan PT Rachmarani Jaya Abadi tentang Pekerjaan Pengadaan Jasa Pengelola Media Sosial,SVP Retail Bisnis;,106 - SPK dan PKS,perjanjian antara pt pos indonesia persero dengan pt rachmarani jaya abadi tentang pekerjaan pengadaan jasa pengelola media sosial svp retail bisnis,SPK DAN PKS
Nota Kesepahaman antara Perum Bulog dengan PT Pos Indonesia (Persero) tentang Pelaksanaan Operasi Pasar Komoditas Bulog pada Gerai Agripos,Dirut;,108 - Nota Kesepahaman,nota kesepahaman antara perum bulog dengan pt pos indonesia persero tentang pelaksanaan operasi pasar komoditas bulog pada gerai agripos dirut,NOTA KESEPAHAMAN
Risalah Rapat Direksi  Selasa 25 Februari 2025,Direksi;,109 - Risalah Radir,risalah rapat direksi selasa 25 februari 2025 direksi,RISALAH RADIR
Risalah Rakomdir  2 Februari 2025,Direksi;,110 - Risalah Rakomdir,risalah rakomdir 2 februari 2025 direksi,RISALAH RAKOMDIR
Perjanjian antara PT Pos Indonesia (Persero) dengan Perusahaan Perseroan (Persero) PT Telekomunikasi Indonesia Tbk tentang Pengadaan Pekerjaan Pengembangan Platform Logistik Tahun 2024-2025,Direktur Operasi & Digital Service;,111 - SPK dan PKS,perjanjian antara pt pos indonesia persero dengan perusahaan perseroan persero pt telekomunikasi indonesia tbk tentang pengadaan pekerjaan pengembangan platform logistik tahun 20242025 direktur operasi digital service,SPK DAN PKS
Risalah Ratas tentang Pembahasan Kajian Pengembangan AgriPos (25 Februari 2025),Direksi;,112 - Risalah Ratas,risalah ratas tentang pembahasan kajian pengembangan agripos 25 februari 2025 direksi,RISALAH RATAS
Perjanjian Kerjasama antara PT Pos Indonesia (Persero) dengan Kantor Hukum Brahmantio Dwiputra & Partners Law Office tentang Pengadaan Jasa Advokat Pendampingan dan Bantuan Hukum kepada PT Pos Finansial Indonesia atas Upaya Pengembalian Pembelian Saham yang Tidak Sah Oleh Oknum Karyawan PT Pos Finansial Indonesia,Corsec;,114 - SPK dan PKS,perjanjian kerjasama antara pt pos indonesia persero dengan kantor hukum brahmantio dwiputra partners law office tentang pengadaan jasa advokat pendampingan dan bantuan hukum kepada pt pos finansial indonesia atas upaya pengembalian pembelian saham yang tidak sah oleh oknum karyawan pt pos finansial indonesia corsec,SPK DAN PKS
Perjanjian Kerja Waktu Tertentu antara PT Pos Indonesia (Persero) dengan Joniar Sinaga sebagai Tenaga Kerja Profesional Perusahaan (PKS 037/Dir-5/0125),Direktur Bisnis Kurir Logistik;,115 - PKWT,perjanjian kerja waktu tertentu antara pt pos indonesia persero dengan joniar sinaga sebagai tenaga kerja profesional perusahaan pks 037dir50125 direktur bisnis kurir logistik,PKWT
Keputusan Direksi 069//Dirut/1224) tentang Perubahan Pertama atas Keputusan Direksi PT Pos Indonesia (Persero) Nomor : KD 093/Dirut/1223 tentang Kebijakan dan Pedoman Penerapan Manajemen Risiko PT Pos Indonesia (Persero),Direktur Utama;,116 - KD,keputusan direksi 069dirut1224 tentang perubahan pertama atas keputusan direksi pt pos indonesia persero nomor kd 093dirut1223 tentang kebijakan dan pedoman penerapan manajemen risiko pt pos indonesia persero direktur utama,KD
Keputusan Direksi PT Pos Indonesia (Persero) tentang Formasi Karyawan PT Pos Indonesia (Persero) (3/HC Strategy/0125),Direktur Utama;,117 - KD,keputusan direksi pt pos indonesia persero tentang formasi karyawan pt pos indonesia persero 3hc strategy0125 direktur utama,KD
Perjanjian Kerjasama antara BNSP dengan PT Pos Indonesia (Persero) tentang Pengiriman Dokumen dan Barang (PKS 060/Enterprise-Business/2025) (3436/Enterprise-Business/1224),EVP Enterprise Business;,118 - SPK dan PKS,perjanjian kerjasama antara bnsp dengan pt pos indonesia persero tentang pengiriman dokumen dan barang pks 060enterprisebusiness2025 3436enterprisebusiness1224 evp enterprise business,SPK DAN PKS
PKS antara PT Pos Indonesia (Persero) dengan PT Berca Hardayaperkasa tentang Pekerjaan Pengadaan VMS (Video Management System) CCTV Pengendali Operasi di SPP dan Hub Utama Tahun 2024 (01061/Aset Management/0125),Direktur Keuangan dan Manajemen Risiko;,119 - SPK dan PKS,pks antara pt pos indonesia persero dengan pt berca hardayaperkasa tentang pekerjaan pengadaan vms video management system cctv pengendali operasi di spp dan hub utama tahun 2024 01061aset management0125 direktur keuangan dan manajemen risiko,SPK DAN PKS
Ijin Pelampauan Hari Perjalanan Dinas,VP General Support;,120 - Surat Dinas,ijin pelampauan hari perjalanan dinas vp general support,SURAT DINAS
Surat Keberangkatan Manajer Protokoler Perusahaan,-;,122 - Surat Dinas,surat keberangkatan manajer protokoler perusahaan,SURAT DINAS
Risalah Rakomdir 30 Desember 2024 (218/Dekom/1224),Direksi;,123 - Risalah Rakomdir,risalah rakomdir 30 desember 2024 218dekom1224 direksi,RISALAH RAKOMDIR
Risalah Radir  Selasa 4 Maret 2025,Direksi;,124 - Risalah Radir,risalah radir selasa 4 maret 2025 direksi,RISALAH RADIR
Risalah Ratas perihal Pola Sewa Menyewa Properti YPBPI (5 Februari 2025),Direksi;,125 - Risalah Radir,risalah ratas perihal pola sewa menyewa properti ypbpi 5 februari 2025 direksi,RISALAH RADIR
Perjanjian Kerahasiaan antara PT Kereta Cepat Indonesia China dengan PT Pos Indonesia (Persero) tentang Pertukaran Data dan/atau Informasi PKS (NDA.063/Dir-4/0225)(251/SVP- Consumer Business/0225),Direktur Bisnis Jasa Keuangan;,126 - Perjanjian Kerahasiaan,perjanjian kerahasiaan antara pt kereta cepat indonesia china dengan pt pos indonesia persero tentang pertukaran data danatau informasi pks nda063dir40225251svp consumer business0225 direktur bisnis jasa keuangan,PERJANJIAN KERAHASIAAN
KD 005/Dirut/0225 tentang Alokasi Anggaran Investasi/Belanja Modal (Capital Expenditure) PT Pos Indonesia (Persero) Tahun 2025,Direktur Utama;,127 - KD,kd 005dirut0225 tentang alokasi anggaran investasibelanja modal capital expenditure pt pos indonesia persero tahun 2025 direktur utama,KD
Risalah Ratas perihal Rencana Penerbitan PUB Sukuk Ijarah tahap II Tahun 2025 (25 Februari 2025),Direksi;,128 - Risalah Ratas,risalah ratas perihal rencana penerbitan pub sukuk ijarah tahap ii tahun 2025 25 februari 2025 direksi,RISALAH RATAS
Surat Penunjukkan KKO,VP Corcom;,129 - Surat Dinas,surat penunjukkan kko vp corcom,SURAT DINAS
Permohonan Penandatangan SPK dan PKS Pengadaan Jasa Kantor Hukum Kantor Hukum Parama & Co atas Laporan PT Nusantara Comp net Integrator di Mabes POLRI,Corsec;,130 - SPK dan PKS,permohonan penandatangan spk dan pks pengadaan jasa kantor hukum kantor hukum parama co atas laporan pt nusantara comp net integrator di mabes polri corsec,SPK DAN PKS
Perjanjian Kerja Sama anttara PT Pos Indonesia (Persero) dengan PT Mutiara Bintang Abadi tentang Penyediaan Jaringan dan interkoneksi Layanan Pospay Penerimaan Pembayaran Pajak dan Retribusi Daerah Melalui Sistem Online Payment Point Pos (005/FSPM/PD/0125),Direktur Bisnis dan Jasa Keuangan;,131 - SPK dan PKS,perjanjian kerja sama anttara pt pos indonesia persero dengan pt mutiara bintang abadi tentang penyediaan jaringan dan interkoneksi layanan pospay penerimaan pembayaran pajak dan retribusi daerah melalui sistem online payment point pos 005fspmpd0125 direktur bisnis dan jasa keuangan,SPK DAN PKS
PKS antara PT Pos Indonesia (Persero dengan PT Hanjaya Mandala Sampoerna Tbk,Direktur Bisnis Jasa Kurir Logistik;,132 - PKS,pks antara pt pos indonesia persero dengan pt hanjaya mandala sampoerna tbk direktur bisnis jasa kurir logistik,PKS
SK tentang Satuan Tugas Pelaksana Operasi Pasar Pangan Murah Selama Ramadhan dan Idul Fitri 1446 H/2025 M (530/Enterprise Business/0225) (SK.348/DIRUT/0225),Direktur Utama;,133 - SK,sk tentang satuan tugas pelaksana operasi pasar pangan murah selama ramadhan dan idul fitri 1446 h2025 m 530enterprise business0225 sk348dirut0225 direktur utama,SK
Risalah Radir  Selasa 11 Maret 2025,Direksi;,134 - Risalah Radir,risalah radir selasa 11 maret 2025 direksi,RISALAH RADIR
KD tentang Sistem Informasi Manajemen Konsinyasi dan Filateli (230/Konsfila/0225),Direktur Bisnis Jasa Keuangan;,135 - KD,kd tentang sistem informasi manajemen konsinyasi dan filateli 230konsfila0225 direktur bisnis jasa keuangan,KD
PKS antara PT Pos Indonesia (Persero) dengan PT BPR Modern Express tentang Penyelesian Pemotongan Uang Pensiun untuk Angsuran Kredit Pensiun (353/DIV FB/0225),EVP Government and Corporate Business;,136 - PKS,pks antara pt pos indonesia persero dengan pt bpr modern express tentang penyelesian pemotongan uang pensiun untuk angsuran kredit pensiun 353div fb0225 evp government and corporate business,PKS
KD PT Pos Indonesia Nomor : KD.008/DIRUT/0325 tentang Pengalihan Pendayagunaan Aset PT Pos Indonesia (Persero) di Jalan Sari Asih Nomor 54 Bandung kepada Yayasan Pendidikan Bhakti Pos Indonesia,Direktur Utama;,137 - KD,kd pt pos indonesia nomor kd008dirut0325 tentang pengalihan pendayagunaan aset pt pos indonesia persero di jalan sari asih nomor 54 bandung kepada yayasan pendidikan bhakti pos indonesia direktur utama,KD
KD PT Pos Indonesia (Persero) nomor : 073/DIRUT/1224 tentang Kebijakan Akuntansi PT Pos Indonesia (Persero),Direktur Utama;,138 - KD,kd pt pos indonesia persero nomor 073dirut1224 tentang kebijakan akuntansi pt pos indonesia persero direktur utama,KD
PKS antara Perusahaan Umum (Perum) BULOG dengan PT Pos Indonesia (Persero) tentang Operasi Pasar Komoditas Bulog pada Gerai Agripos,Direktur Utama;,139 - SPK dan PKS,pks antara perusahaan umum perum bulog dengan pt pos indonesia persero tentang operasi pasar komoditas bulog pada gerai agripos direktur utama,SPK DAN PKS
SE tentang Pembayaran Tunjangan Hari Raya Keagamaan Tahun 2025,Direktur Human Capital Management;,140 - SE,se tentang pembayaran tunjangan hari raya keagamaan tahun 2025 direktur human capital management,SE
KD tentang Pembayaran Tunjangan Hari Raya Keagamaan Tahun 2025,Direktur Utama;,141 - KD,kd tentang pembayaran tunjangan hari raya keagamaan tahun 2025 direktur utama,KD
PKS antara PT Pos Indonesia (Persero) dengan PT Asuransi Tri Pakarta tentang Pengadaan Pekerjaan Jasa Asuransi Gedung dan Barang Inventaris serta Asuransi Kas (Cash in Transit  Cash in Safe dan Cash in Cashier Box) Tahun 2025,Direktur Keuangan dan Manajemen Risiko;,143 - SPK dan PKS,pks antara pt pos indonesia persero dengan pt asuransi tri pakarta tentang pengadaan pekerjaan jasa asuransi gedung dan barang inventaris serta asuransi kas cash in transit cash in safe dan cash in cashier box tahun 2025 direktur keuangan dan manajemen risiko,SPK DAN PKS
SE tentang Retention Management di Lingkungan PT Pos Indonesia (Persero),Direktur Human Capital Management;,144 - SE,se tentang retention management di lingkungan pt pos indonesia persero direktur human capital management,SE
KD PT Pos Indonesia (Persero) Nomor : 013/Dirut/0325 tentng Pencabutan atas Keputusan Direksi PT Pos Indonesia (Persero) Nomor KD 065/Dirut/1005 tentang Tunjangan Pangan dan Tunjangan Perbaikan Penghasilan Penerima Pensiun Karyawan  Penerima Pensiun Janda/Duda dan Penerima Pensiuan Anak  Keputusan Direksi PT Pos Indonesia (Persero) Nomor 105/Dirut/1019 tentang Sumbangan Iuran Badan Penyelenggara Jaminan Sosial Kesehatan Bagi Pensiunan PT Pos Indonesia (Persero) dan Keputusan Direksi PT Pos Indonesia (Persero) Nomor KD 035/Dir-2/0422 tentang Sumbangan Duka kepada Keluarga Penerima Pensiun Karyawan yang Meninggal Dunia,Direktur Utama;,145 - KD,kd pt pos indonesia persero nomor 013dirut0325 tentng pencabutan atas keputusan direksi pt pos indonesia persero nomor kd 065dirut1005 tentang tunjangan pangan dan tunjangan perbaikan penghasilan penerima pensiun karyawan penerima pensiun jandaduda dan penerima pensiuan anak keputusan direksi pt pos indonesia persero nomor 105dirut1019 tentang sumbangan iuran badan penyelenggara jaminan sosial kesehatan bagi pensiunan pt pos indonesia persero dan keputusan direksi pt pos indonesia persero nomor kd 035dir20422 tentang sumbangan duka kepada keluarga penerima pensiun karyawan yang meninggal dunia direktur utama,KD
PKS antara PT HMS dengan PT Pos Indonesia (Persero) tentang Penyediaan Jasa Courier Services,Direktur Bisnis Jasa Kurir Logistik;,147 - SPK dan PKS,pks antara pt hms dengan pt pos indonesia persero tentang penyediaan jasa courier services direktur bisnis jasa kurir logistik,SPK DAN PKS
PKS antara PT SGN dengan PT Pos Indonesia (Persero) tentang Program Operasi Pasar Hari Besar Kegamaan Nasional (HKBN) Tahun 2025,Direktur Bisnis Jasa Kurir Logistik;,148 - SPK dan PKS,pks antara pt sgn dengan pt pos indonesia persero tentang program operasi pasar hari besar kegamaan nasional hkbn tahun 2025 direktur bisnis jasa kurir logistik,SPK DAN PKS
SK Direksi tentang Hasil Seleksi Akhir Rekrutmen Karyawan PT Pos Indonesia (Persero) untuk Posisi Supervisor Kantor Cabang/Branch Manager di Wilayah Regional I Tahun 2024,Direktur Human Capital Strategy;,149 - SK,sk direksi tentang hasil seleksi akhir rekrutmen karyawan pt pos indonesia persero untuk posisi supervisor kantor cabangbranch manager di wilayah regional i tahun 2024 direktur human capital strategy,SK
Risalah Radir  Selasa 18 Maret 2025,Direksi;,150 - Risalah Radir,risalah radir selasa 18 maret 2025 direksi,RISALAH RADIR
KD tentang Sistem Integrasi Pemeriksaan Periodik PT Pos Indonesia (Persero),Direktur Utama;,151 - KD,kd tentang sistem integrasi pemeriksaan periodik pt pos indonesia persero direktur utama,KD
PKS antara PT Pos Indonesia (Persero) dengan PT Aliqa Muslim Indonesia tentang Pengelolaan Oranger Komunitas Layanan Jasa kurir,SVP Retail Business;,152 - PKS,pks antara pt pos indonesia persero dengan pt aliqa muslim indonesia tentang pengelolaan oranger komunitas layanan jasa kurir svp retail business,PKS
PKS antara PT Pos Indonesia (Persero) dengan PT Lion Express tentang Pendistribusian Kirimanpos Udara Domestik,Direktur Operasi dan Digital Services;,153 - PKS,pks antara pt pos indonesia persero dengan pt lion express tentang pendistribusian kirimanpos udara domestik direktur operasi dan digital services,PKS
Perjanjian Kerahasiaan antara PT Sakti Kinerja Kolaborasindo dengan PT Pos Indonesia (Persero) tentang Pertukaran Data dan/atau Informasi,SVP Consumer Business;,154 - Perjanjian Kerahasiaan,perjanjian kerahasiaan antara pt sakti kinerja kolaborasindo dengan pt pos indonesia persero tentang pertukaran data danatau informasi svp consumer business,PERJANJIAN KERAHASIAAN
Perjanjian Larangan Pengungkapan dan Kerahasiaan antara PT Fintek Karya Nusantara dengan PT Pos Indonesia (Persero) tentang Pertukaran Data dan/atau Informasi,Direktur Business Development dan Portfolio Management;,155 - Perjanjian Kerahasiaan,perjanjian larangan pengungkapan dan kerahasiaan antara pt fintek karya nusantara dengan pt pos indonesia persero tentang pertukaran data danatau informasi direktur business development dan portfolio management,PERJANJIAN KERAHASIAAN
Perjanjian Larangan Pengungkapan dan Kerahasiaan antara PT Bank Raya Indonesia TBK dengan PT Pos Indonesia (Persero) tentang Pertukaran Data/atau Informasi,SVP Consumer Business;,156 - Perjanjian Kerahasiaan,perjanjian larangan pengungkapan dan kerahasiaan antara pt bank raya indonesia tbk dengan pt pos indonesia persero tentang pertukaran dataatau informasi svp consumer business,PERJANJIAN KERAHASIAAN
PKS antara Direktur Jenderal Pajak Kementerian Keuangan Republik Indonesia dengan PT Pos Indonesia (Persero) tentang Kerjasama Dalam rangka Pemanfaatan Layanan Pajak dan Jasa Layanan Pos,Direktur Utama;,157 - PKS,pks antara direktur jenderal pajak kementerian keuangan republik indonesia dengan pt pos indonesia persero tentang kerjasama dalam rangka pemanfaatan layanan pajak dan jasa layanan pos direktur utama,PKS
PKS antara PT Pos Indonesia (Persero) dengan PT Kimia farma Diagnostika tentang Penyediaan Layanan Tes Kesehatan/Medical Check Up untuk Proses Rekrutmen Calon Karyawan PT Pos Indonesia,Direktur Human Capital Management;,158 - PKS,pks antara pt pos indonesia persero dengan pt kimia farma diagnostika tentang penyediaan layanan tes kesehatanmedical check up untuk proses rekrutmen calon karyawan pt pos indonesia direktur human capital management,PKS
KD No : KD.010/DIRUT/0325 tentang Pembayaran Tunjangan Hari Raya Keagamaan Bagi Tenaga Kerja Profesional Perusahaan Tahun 2025,Dirut;,161 - KD,kd no kd010dirut0325 tentang pembayaran tunjangan hari raya keagamaan bagi tenaga kerja profesional perusahaan tahun 2025 dirut,KD
KD No : KD.009/DIRUT/0325 tentang Pembayaran Tunjangan Hari Raya Keagamaan Bagi Tenaga Kerja Kontrak Tahun 2025,Dirut;,162 - KD,kd no kd009dirut0325 tentang pembayaran tunjangan hari raya keagamaan bagi tenaga kerja kontrak tahun 2025 dirut,KD
SE No : 009/Dir-2/0325 tentang Pembayaran Tunjangan Hari Raya Keagamaan Bagi Tenaga Kerja Profesional Perusahaan Tahun 2025,Direktur Human Dapital Management;,163 - SE,se no 009dir20325 tentang pembayaran tunjangan hari raya keagamaan bagi tenaga kerja profesional perusahaan tahun 2025 direktur human dapital management,SE
SE No : SE.008/Dir-2/0325 tentang Pembayaran Tunjangan Hari Raya Keagamaan Bagi Tenaga Kerja Kontrak Tahun 2025,Direktur Human Capital Management;,164 - SE,se no se008dir20325 tentang pembayaran tunjangan hari raya keagamaan bagi tenaga kerja kontrak tahun 2025 direktur human capital management,SE
KD No : 006/DIRUT/0325 tentang Pembayaran Bonus Hari Raya Keagamaan kepada Oranger Mobile Mawar  Oranger Loker  Oranger Proses  dan Oranger Antaran,Dirut;,165 - KD,kd no 006dirut0325 tentang pembayaran bonus hari raya keagamaan kepada oranger mobile mawar oranger loker oranger proses dan oranger antaran dirut,KD
SE No : SE.011/Dirut/0325 tentang Pembayaran Bonus Hari Raya Keagamaan kepada Oranger Mobile/Mawar  Oranger Loket  Oranger Proses dan Oranger Antaran Tahun 2025,Dirut;,166 - SE,se no se011dirut0325 tentang pembayaran bonus hari raya keagamaan kepada oranger mobilemawar oranger loket oranger proses dan oranger antaran tahun 2025 dirut,SE
Adendum Kedua Perjanjian Kerja Sama Nomor : PKS.239/Dir-4/1021 antara Badan Penyelenggara Jaminan Sosial Ketenagakerjaan dengan PT Pos Indonesia (Persero) tentang Penyelenggaraan Jaminan Sosial Ketenagakerjaan Nomor : PKS.119/Dir-4/0325,Direktur Bisnis dan Jasa Keuangan;,167 - PKS,adendum kedua perjanjian kerja sama nomor pks239dir41021 antara badan penyelenggara jaminan sosial ketenagakerjaan dengan pt pos indonesia persero tentang penyelenggaraan jaminan sosial ketenagakerjaan nomor pks119dir40325 direktur bisnis dan jasa keuangan,PKS
Risalah Radir  Selasa 25 Maret 2025,Direksi;,168 - Risalah Radir,risalah radir selasa 25 maret 2025 direksi,RISALAH RADIR
Perjanjian Kerja Waktu Tertentu antara PT Pos Indonesia (Persero) dengan Ari Kusumo Wibowo sebagai Tenaga Kerja Profesional Perusahaan nomor PKS : 058/Dir-4/0225,Direktur Bisnis Kurir Logistik;,169 - PKWT,perjanjian kerja waktu tertentu antara pt pos indonesia persero dengan ari kusumo wibowo sebagai tenaga kerja profesional perusahaan nomor pks 058dir40225 direktur bisnis kurir logistik,PKWT
Perjanjian Kerja Waktu Tertentu antara PT Pos Indonesia (Persero) dengan Misbahul Munir sebagai Tenaga Kerja Profesional Perusahaan nomor PKS : 038/Dir-6/0225,Direktur Business Development dan Portofolio Management;,170 - PKWT,perjanjian kerja waktu tertentu antara pt pos indonesia persero dengan misbahul munir sebagai tenaga kerja profesional perusahaan nomor pks 038dir60225 direktur business development dan portofolio management,PKWT
PKS antara PT Pos Indonesia (Persero) dengan PT Pos Finansial Indonesia tentang Pengelolaan Keagenan Nomor : PKS.121/SVP Consumer Business/0325,SVP Consumer Business;,173 - PKS,pks antara pt pos indonesia persero dengan pt pos finansial indonesia tentang pengelolaan keagenan nomor pks121svp consumer business0325 svp consumer business,PKS
Perjanjian Jasa Angkutan Pendistribusian Bantuan Pangan Cadangan Beras Pemerintah Tahun 2025 antara Perum Bulog dengan PT Pos Indonesia (Persero) Nomor : PKS. 415/DIRUT/1224,Direktur Utama;,175 - PKS,perjanjian jasa angkutan pendistribusian bantuan pangan cadangan beras pemerintah tahun 2025 antara perum bulog dengan pt pos indonesia persero nomor pks 415dirut1224 direktur utama,PKS
Addendum Pertama atas Perjanjian Kerjasama antara PT Kirim Paket Integrasi dengan PT Pos Indonesia (Persero) tentang Pengiriman Kiriman Marketplace,SVP Retail Business;,176 - PKS,addendum pertama atas perjanjian kerjasama antara pt kirim paket integrasi dengan pt pos indonesia persero tentang pengiriman kiriman marketplace svp retail business,PKS
Permohonan Ijin Penghapubukuan dan Pemindahtanganan Barang Investaris Milik PT Pos Indonesia (Persero) Tahun 2025,Direktur Utama dan Direktur Keuangan dan Manajemen Risiko;,178 - Surat Dinas,permohonan ijin penghapubukuan dan pemindahtanganan barang investaris milik pt pos indonesia persero tahun 2025 direktur utama dan direktur keuangan dan manajemen risiko,SURAT DINAS
Permohonan Ijin Penghapusbukuan dan Pemindahtanganan Aset Mesin Mekanisasi dan Otomatisasi Surabaya Milik PT Pos Indonesia (Persero),Direktur Utama;,179 - Surat Dinas,permohonan ijin penghapusbukuan dan pemindahtanganan aset mesin mekanisasi dan otomatisasi surabaya milik pt pos indonesia persero direktur utama,SURAT DINAS
Perjanjian antara PT Pos Indonesia (Persero) dengan Perusahaan Umum Percetakan Uang Republik Indonesia tentang Pekerjaan Pengadaan Jasa Pencetakan Prangko dan Benda Filateli Tahun 2025,EVP Government and Corporate Business;,180 - PKS,perjanjian antara pt pos indonesia persero dengan perusahaan umum percetakan uang republik indonesia tentang pekerjaan pengadaan jasa pencetakan prangko dan benda filateli tahun 2025 evp government and corporate business,PKS
SK Direksi PT Pos Indonesia (Persero) Nomor : SK.301/DIRUT/0225 tentang Tim Pelaksana Penyaluran Bantuan Sosial Kementerian Sosial Republik Indonesia Tahun 2025,Direktur Utama;,181 - SK,sk direksi pt pos indonesia persero nomor sk301dirut0225 tentang tim pelaksana penyaluran bantuan sosial kementerian sosial republik indonesia tahun 2025 direktur utama,SK
Perjanjian Kerahasiaan antara PT Pos Indonesia (Persero) dengan PT Mitra Digital Sukses tentang Pertukaran Data Dan/Atau Informasi,SVP Consumer Business;,182 - Perjanjian Kerahasiaan,perjanjian kerahasiaan antara pt pos indonesia persero dengan pt mitra digital sukses tentang pertukaran data danatau informasi svp consumer business,PERJANJIAN KERAHASIAAN
KD PT Pos Indonesia (Persero) Nomor : KD.16/Dirut/0325 tentang Perubahan Pertama atas Keputusan Direksi PT Pos Indonesia (Persero) Nomor KD 088/Dirut/1022 tentang Pedoman Pengadaan Barang/Jasa,Direktur Utama;,183 - KD,kd pt pos indonesia persero nomor kd16dirut0325 tentang perubahan pertama atas keputusan direksi pt pos indonesia persero nomor kd 088dirut1022 tentang pedoman pengadaan barangjasa direktur utama,KD
SPK Nomor SPK.176/Dir-2/0225 tentang Pengadaan Stiker Thermal Cetak Label  Perjanjian antara PT Pos Indonesia (Persero) dengan PT Dapensi Dwikarya tentang Pekerjaan Pengadaan Stiker Thermal Cetak Label Nomor : PKS.080/Dir-2/0225,Direktur Human Capital Management;,184 - SPK dan PKS,spk nomor spk176dir20225 tentang pengadaan stiker thermal cetak label perjanjian antara pt pos indonesia persero dengan pt dapensi dwikarya tentang pekerjaan pengadaan stiker thermal cetak label nomor pks080dir20225 direktur human capital management,SPK DAN PKS
Amandemen Pertama atas Perjanjian antara PT Pos Indonesia (Persero) dan Perusahaan Perseroan (Persero) PT Telekomunikasi Indonesia Tbk tentang Jasa Managed Service Jaringan Informasi dan Komunikasi (Infokom) Tahun 2024,Direktur Operasi dan Digital Services;,185 - PKS,amandemen pertama atas perjanjian antara pt pos indonesia persero dan perusahaan perseroan persero pt telekomunikasi indonesia tbk tentang jasa managed service jaringan informasi dan komunikasi infokom tahun 2024 direktur operasi dan digital services,PKS
Penunjukkan KKO,VP Corporate Communication;,186 - Surat Dinas,penunjukkan kko vp corporate communication,SURAT DINAS
PKWT antara PT Pos Indonesia (Persero) dengan Yulianto Sigit Wibowo Sebagai TKPP (PKS.049/DIR-6/0225),Direktur Business Development dan Portofolio Management;,188 - PKS,pkwt antara pt pos indonesia persero dengan yulianto sigit wibowo sebagai tkpp pks049dir60225 direktur business development dan portofolio management,PKS
Sk No 461/Dirut/0325 tentang Tim Perunding Perjanjian Kerja Bersama Tahun 2025-2027 antara Perusahaan dengan Serikat Pekerja,Direktur Utama;,189 - SK,sk no 461dirut0325 tentang tim perunding perjanjian kerja bersama tahun 20252027 antara perusahaan dengan serikat pekerja direktur utama,SK
Risalah Radir Selasa 10 April 2025,Direksi;,190 - Risalah Radir,risalah radir selasa 10 april 2025 direksi,RISALAH RADIR
PKS antara PT Pos Indonesia (Persero) dengan PT Dapensi Dwikarya tentang Pekerjaan Pengadaan Sewa Kendaraan Bermotor Listrik Berbasis Baterai untuk Kendaraan Jabatan EGM di Wilayah Jakarta dan Kendaraan Dinas Pendukung Kegiatan Dewan Komisaris PT Pos Indonesia (Persero) di Jakarta (PKS.100/Dir-2/0325),Direktur Human Capital Management;,191 - PKS,pks antara pt pos indonesia persero dengan pt dapensi dwikarya tentang pekerjaan pengadaan sewa kendaraan bermotor listrik berbasis baterai untuk kendaraan jabatan egm di wilayah jakarta dan kendaraan dinas pendukung kegiatan dewan komisaris pt pos indonesia persero di jakarta pks100dir20325 direktur human capital management,PKS
Risalah Ratas Penerbitan Sukuk Tahap II Tanggal 10 April 2025,Direksi;,192 - Risalah Ratas,risalah ratas penerbitan sukuk tahap ii tanggal 10 april 2025 direksi,RISALAH RATAS
KD Nomor : 092/Dir-2/1223 tentang Cap Dinas di Lingkungan PT Pos Indonesia (Persero),Direktur Human Capital Management;,193 - KD,kd nomor 092dir21223 tentang cap dinas di lingkungan pt pos indonesia persero direktur human capital management,KD
Perjanjian Kerahasiaan antara PT Pos Indonesia (Persero) dengan PT ASDP Indonesia Ferry (Persero) tentang Pertukaran Data dan Informasi (NDA.097/Dir-3/0325),Direktur Operasi dan Digital Services;,194 - Perjanjian Kerahasiaan,perjanjian kerahasiaan antara pt pos indonesia persero dengan pt asdp indonesia ferry persero tentang pertukaran data dan informasi nda097dir30325 direktur operasi dan digital services,PERJANJIAN KERAHASIAAN
Perjanjian Kerahasiaan antara PT Pos Indonesia (Persero) dengan PT Integrasi Aviasi Solusi tentang Pertukaran Data dan Informasi (NDA.097/Dir-3/0325),Direktur Operasi dan Digital Services;,195 - Perjanjian Kerahasiaan,perjanjian kerahasiaan antara pt pos indonesia persero dengan pt integrasi aviasi solusi tentang pertukaran data dan informasi nda097dir30325 direktur operasi dan digital services,PERJANJIAN KERAHASIAAN
Perjanjian Kerahasiaan antara PT Pos Indonesia (Persero) dan PT Indonesia In Your Hand tentang Pertukaran Data dan Informasi (NDA.Dir-5/0425),Direktur Bisnis Kurir dan Logistik;,197 - Perjanjian Kerahasiaan,perjanjian kerahasiaan antara pt pos indonesia persero dan pt indonesia in your hand tentang pertukaran data dan informasi ndadir50425 direktur bisnis kurir dan logistik,PERJANJIAN KERAHASIAAN
Perjanjian Kerja Sama antara PT Pos Indonesia (Persero) dengan PT Indonesia in Your Hand tentang Layanan Pengiriman Barang (PKS.128/Dir-5/0425),Direktur Bisnis Kurir dan Logistik;,198 - Perjanjian Kerahasiaan,perjanjian kerja sama antara pt pos indonesia persero dengan pt indonesia in your hand tentang layanan pengiriman barang pks128dir50425 direktur bisnis kurir dan logistik,PERJANJIAN KERAHASIAAN
Risalah Radir  Selasa 15 April 2025,Direksi;,199 - Risalah Radir,risalah radir selasa 15 april 2025 direksi,RISALAH RADIR
SE tentang Penggarapan Cash On Delivery dan Connote Cash On Delivery Kiriman Ritel Domestik,Direktur Bisnis Kurir dan Logistik;,200 - SE,se tentang penggarapan cash on delivery dan connote cash on delivery kiriman ritel domestik direktur bisnis kurir dan logistik,SE
Risalah Ratas  Kamis 10 April 2025 tentang Persetujuan Proposal Perdamaian PT Rajawali Nusindo (Dalam PKPU),Direksi;,201 - Risalah Ratas,risalah ratas kamis 10 april 2025 tentang persetujuan proposal perdamaian pt rajawali nusindo dalam pkpu direksi,RISALAH RATAS
SK.510/DIRUT/0425 tentang Penunjukan Petugas Kargo Haji Tahun 2025 di Lingkungan PT Pos Indonesia,Direktur Utama;,202 - SK,sk510dirut0425 tentang penunjukan petugas kargo haji tahun 2025 di lingkungan pt pos indonesia direktur utama,SK
Perjanjian Kerahasiaan (Non Diclosure Agreement) antara PT Pos Indonesia (Persero) dengan PT Angkasa Prima Solusi tentang Pertukaran Data/Atau Informasi (NDA.116/Dir-5/2025),Direktur Bisnis Kurir dan Logistik;,203 - Perjanjian Kerahasiaan,perjanjian kerahasiaan non diclosure agreement antara pt pos indonesia persero dengan pt angkasa prima solusi tentang pertukaran dataatau informasi nda116dir52025 direktur bisnis kurir dan logistik,PERJANJIAN KERAHASIAAN
Perjanjian Kerahasiaan antara PT Pos Indonesia dengan Perusahaan Perseroan (Persero) PT Pelayaran Nasional Indonesia tentang Pertukaran Data Dan/Atau Informasi (NDA.131/Dir-3/0425),Direktur Operasi dan Digital Services;,204 - Perjanjian Kerahasiaan,perjanjian kerahasiaan antara pt pos indonesia dengan perusahaan perseroan persero pt pelayaran nasional indonesia tentang pertukaran data danatau informasi nda131dir30425 direktur operasi dan digital services,PERJANJIAN KERAHASIAAN
SURAT KEPUTUSAN DIREKSI PT POS INDONESIA (PERSERO) NOMOR: SK.526/DIRUT/0425 tentang TIM PELAKSANA PERCEPATAN PENINGKATAN PENGGUNAAN PRODUK DALAM NEGERI TAHUN 2025,Direktur Utama;,205 - SK,surat keputusan direksi pt pos indonesia persero nomor sk526dirut0425 tentang tim pelaksana percepatan peningkatan penggunaan produk dalam negeri tahun 2025 direktur utama,SK
Nota Kesepahaman antara PT Pos Indonesia (Persero) dengan PT Artajasa Pembayaran Elektronis tentang Pemanfaatan Jasa Potensi Masing-Masing Pihak,Direktur Bisnis Jasa Keuangan;,207 - Nota Kesepahaman,nota kesepahaman antara pt pos indonesia persero dengan pt artajasa pembayaran elektronis tentang pemanfaatan jasa potensi masingmasing pihak direktur bisnis jasa keuangan,NOTA KESEPAHAMAN
Perjanjian Kerjasama Layanan Pengiriman Barang antara Maju Jaya Log dengan PT Pos Indonesia (Persero),EVP Reg 4;,208 - PKS,perjanjian kerjasama layanan pengiriman barang antara maju jaya log dengan pt pos indonesia persero evp reg 4,PKS
Perjanjian Kerahasiaan antara PT pos Indonesia (Persero) dengan Perusahaan Umum (Perum) Damri tentang Pertukaran Data Dan/Atau Informasi,SVP Digital Service;,209 - Perjanjian Kerahasiaan,perjanjian kerahasiaan antara pt pos indonesia persero dengan perusahaan umum perum damri tentang pertukaran data danatau informasi svp digital service,PERJANJIAN KERAHASIAAN
Perjanjian Kerahasiaan antara PT Pos Indonesia (Pesrero) dengan PT Pelabuhan Indonesia (Pesero) tentang Pertukaran Data dan Informasi,Direktur Operasi dan Digital Service;,210 - Perjanjian Kerahasiaan,perjanjian kerahasiaan antara pt pos indonesia pesrero dengan pt pelabuhan indonesia pesero tentang pertukaran data dan informasi direktur operasi dan digital service,PERJANJIAN KERAHASIAAN
SK Direksi tentang Pembentukan Komite Risiko PT Pos Indonesia (Persero),Direktur Utama;,211 - SK,sk direksi tentang pembentukan komite risiko pt pos indonesia persero direktur utama,SK
Perjanjian Kerahasiaan antara PT Pos Indonesia (Persero) dengan PT Surabaya Industrial Estate Rungkut tentang Pertukaran Data dan/Atau Informasi,Direktur Operasi dan Digital Service;,212 - Perjanjian Kerahasiaan,perjanjian kerahasiaan antara pt pos indonesia persero dengan pt surabaya industrial estate rungkut tentang pertukaran data danatau informasi direktur operasi dan digital service,PERJANJIAN KERAHASIAAN
Risalah Ratas Pembahasan Dugaan Penyalahgunaan Wewenang pada Divisi GRC,Direksi;,213 - Risalah Ratas,risalah ratas pembahasan dugaan penyalahgunaan wewenang pada divisi grc direksi,RISALAH RATAS
Perjanjian antara PT Pos Indonesia (Persero) dengan PT Dapensi Dwikarya tentang Pekerjaan Pengadaan Sewa Kendaraan Jabatan EGM  EM  OGM  di Wilayah Kalimantan Regional VI Makassar Tahun 2025,Direktur Human Capital Management;,215 - PKS,perjanjian antara pt pos indonesia persero dengan pt dapensi dwikarya tentang pekerjaan pengadaan sewa kendaraan jabatan egm em ogm di wilayah kalimantan regional vi makassar tahun 2025 direktur human capital management,PKS
SPPD a.n Ikbal  (24 April 2025),Ruta;,216 - SPPD,sppd an ikbal 24 april 2025 ruta,SPPD
SK 563/Dirut/0425 tentang Perubahan Susunan Keanggotaan Satuan Tugas Pelaksana Kargo Umrah  Pekerja Migran Indonesia dan Haji 2025,Direktur Utama;,218 - SK,sk 563dirut0425 tentang perubahan susunan keanggotaan satuan tugas pelaksana kargo umrah pekerja migran indonesia dan haji 2025 direktur utama,SK
Perjanjian Kerjasama antara Direktorat Jenderal Perbendaharaan Kementerian Keuangan Republik Indonesia dengan PT Pos Indonesia (Persero) tentang Pengelolaan Kas Negara (PKS.032/DIRUT/0125),Direktur Utama;,219 - PKS,perjanjian kerjasama antara direktorat jenderal perbendaharaan kementerian keuangan republik indonesia dengan pt pos indonesia persero tentang pengelolaan kas negara pks032dirut0125 direktur utama,PKS
Perjanjian Induk antara PT Pos Indonesia dengan Universitas Padjadjaran tentang Program Penelitian  Pengembangan dan Inovasi Mahasiswa dalam Bidang Logistik,Direktur Business Development dan Portfolio Management;,220 - PKS,perjanjian induk antara pt pos indonesia dengan universitas padjadjaran tentang program penelitian pengembangan dan inovasi mahasiswa dalam bidang logistik direktur business development dan portfolio management,PKS
Perjanjian Kerja Waktu Tertentu antara PT Pos Indonesia (Pesrero) dengan Nico Benedictus Sianipar sebagai Tenaga Kerja Profesional Perusahaan (PKS.310/Dir- 5/1024),Direktur Bisnis Kurir Logistik;,221 - PKWT,perjanjian kerja waktu tertentu antara pt pos indonesia pesrero dengan nico benedictus sianipar sebagai tenaga kerja profesional perusahaan pks310dir 51024 direktur bisnis kurir logistik,PKWT
Perjanjian Kerahasiaan antara PT Pos Indonesia (Persero) dengan PT Eduhub Bangun Indonesia tentang Pertukaran Data Dan/Atau Informasi,SVP Consumer Business;,222 - Perjanjian Kerahasiaan,perjanjian kerahasiaan antara pt pos indonesia persero dengan pt eduhub bangun indonesia tentang pertukaran data danatau informasi svp consumer business,PERJANJIAN KERAHASIAAN
Nota Kesepahaman antara PT Pos Indonesia (Persero) dengan PT Eduhub Bangun Indonesia tentang Pemanfaatan Layanan Jasa dan Potensi Masing-Masing Pihak,Direktur Utama;,223 - Nota Kesepahaman,nota kesepahaman antara pt pos indonesia persero dengan pt eduhub bangun indonesia tentang pemanfaatan layanan jasa dan potensi masingmasing pihak direktur utama,NOTA KESEPAHAMAN
Perjanjian Kerahasiaan antara PT Pos Indonesia dengan Perusahaan Perseroan (Persero) PT Telekomunikasi Indonesia Tbk tentang Pertukaran Data dan/Atau Informasi,SVP Digital Services;,224 - Perjanjian Kerahasiaan,perjanjian kerahasiaan antara pt pos indonesia dengan perusahaan perseroan persero pt telekomunikasi indonesia tbk tentang pertukaran data danatau informasi svp digital services,PERJANJIAN KERAHASIAAN
Nota Kesepahaman antara PT Pos Indonesia (Persero) dengan Dewan Pimpinan Daerah Perkumpulan Srikandi Kreatif Indonesia Daerah Istimewa Yogyakarta (DPD Persikindo DIY) tentang Pemanfataan Layanan Jasa dan Potensi Masing-masing Pihak,Direktur Utama;,225 - Nota Kesepahaman,nota kesepahaman antara pt pos indonesia persero dengan dewan pimpinan daerah perkumpulan srikandi kreatif indonesia daerah istimewa yogyakarta dpd persikindo diy tentang pemanfataan layanan jasa dan potensi masingmasing pihak direktur utama,NOTA KESEPAHAMAN
KD nomor : KD.020/Dirut/0425 tentang Perubahan Pertama atas Keputusan Direksi PT Pos Indonesia (Persero) nomor : KD 016/Dirut/0323 tentang Peraturan tata Tertib dan Disiplin Kerja Karyawan,Direktur Utama;,226 - KD,kd nomor kd020dirut0425 tentang perubahan pertama atas keputusan direksi pt pos indonesia persero nomor kd016dirut0323 tentang peraturan tata tertib dan disiplin kerja karyawan direktur utama,KD
SK nomor : /Dir-2/0425 tentang Hasil Seleksi Akhir Rekrutmen Karyawan PT Pos Indonesia (Persero) melalui Program Ikatan Dinas dengan Universitas Logistik dan Bisnis Internasional Intake Diploma III  Diploma IV dan Strata 1 Tahun 2024,Direktur Human Capital Management;,227 - SK,sk nomor dir20425 tentang hasil seleksi akhir rekrutmen karyawan pt pos indonesia persero melalui program ikatan dinas dengan universitas logistik dan bisnis internasional intake diploma iii diploma iv dan strata 1 tahun 2024 direktur human capital management,SK
Perjanjian Kerjasama antara PT Super Pasar Rakyat Indonesia dengan PT Pos Indonesia (Persero) tentang Pengiriman Kiriman Marketplace,SVP Retail Business;,228 - PKS,perjanjian kerjasama antara pt super pasar rakyat indonesia dengan pt pos indonesia persero tentang pengiriman kiriman marketplace svp retail business,PKS
PKWT antara PT Pos Indonesia (Persero) dengan A. Winahyo Pratomo sebagai Tenaga Kerja Profesional Perusahaan (PKS.059/Dir-4/0325),Direktur Operasi dan Digital Service;,229 - PKWt,pkwt antara pt pos indonesia persero dengan a winahyo pratomo sebagai tenaga kerja profesional perusahaan pks059dir40325 direktur operasi dan digital service,PKWT
PKWT antara PT Pos Indonesia (Persero) dengan Felix Heru Wibowo sebagai Tenaga Kerja Profesional Perusahaan (PKS.092/Dir-3/0325),Direktur Operasi dan Digital Services;,230 - PKWT,pkwt antara pt pos indonesia persero dengan felix heru wibowo sebagai tenaga kerja profesional perusahaan pks092dir30325 direktur operasi dan digital services,PKWT
PKWT antara PT Pos Indonesia (Persero) dengan Wilhelmina Lily Selanno sebagai Tenaga Kerja Profesional Perusahaan (PKS.101/Dir-5/0325),Direktur Bisnis Kurir dan Logistik;,231 - PKWt,pkwt antara pt pos indonesia persero dengan wilhelmina lily selanno sebagai tenaga kerja profesional perusahaan pks101dir50325 direktur bisnis kurir dan logistik,PKWT
Perjanjian Kerjasama antara PT Anugerah Jasa Otorita dengan PT Pos Indonesia (Persero) tentang Pengiriman Kiriman Agregator Marketplace,SVP Retail Business;,232 - PKS,perjanjian kerjasama antara pt anugerah jasa otorita dengan pt pos indonesia persero tentang pengiriman kiriman agregator marketplace svp retail business,PKS
Risalah Radir  Selasa 6 Mei 2025,Direksi;,233 - Risalah Radir,risalah radir selasa 6 mei 2025 direksi,RISALAH RADIR
Perjanjian antara PT Pos Indonesia (Persero) dengan PT Dapensi Trio Usaha tentang Pekerjaan Pengadaan Jasa Pengelolaan Arsip PT Pos Indonesia (Persero) Nomor : PKS.123/Dir-1/0325,Direktur Keuangan dan Manajemen Risiko;,235 - PKS,perjanjian antara pt pos indonesia persero dengan pt dapensi trio usaha tentang pekerjaan pengadaan jasa pengelolaan arsip pt pos indonesia persero nomor pks123dir10325 direktur keuangan dan manajemen risiko,PKS
Risalah Rakomdir no : 41/Dekom/0325  tanggal 26 Maret 2025,Direksi;,236 - Risalah Rakomdir,risalah rakomdir no 41dekom0325 tanggal 26 maret 2025 direksi,RISALAH RAKOMDIR
SK 31371 tentang Tim Counterpart Assessment Penerapan Good Corporate Governance Tahun 2025,Direktur Utama;,237 - SK,sk 31371 tentang tim counterpart assessment penerapan good corporate governance tahun 2025 direktur utama,SK
Perjanjian Kerja Sama antara PT pos Indonesia (Persero) dengan Komunitas UMKM Inspirasi Wanita jawa Barat tentang Pengelolaan Galeri PosAja UMKM dan Vending Machine Pos Aja UMKM,Corsec;,238 - PKS,perjanjian kerja sama antara pt pos indonesia persero dengan komunitas umkm inspirasi wanita jawa barat tentang pengelolaan galeri posaja umkm dan vending machine pos aja umkm corsec,PKS
Perjanjian Kerjasama antara PT Porter Primalayan Utama dengan PT Pos Indonesia (Persero) tentang Penanganan Kiriman Last Mile (PKS.127/Dir-5/0425),EVP International and Wholesale Business;,239 - PKS,perjanjian kerjasama antara pt porter primalayan utama dengan pt pos indonesia persero tentang penanganan kiriman last mile pks127dir50425 evp international and wholesale business,PKS
Perjanjian Waktu Kerja Tertentu antara PT Pos Indonesia (Persero) dengan Erry Kusumayadhi sebagai Tenaga Kerja Profesional Perusahaan (PKS.392/Dir- 1/1224),Direktur Operasi dan Digital Service;,242 - PKWT,perjanjian waktu kerja tertentu antara pt pos indonesia persero dengan erry kusumayadhi sebagai tenaga kerja profesional perusahaan pks392dir 11224 direktur operasi dan digital service,PKWT
Risalah Radir  Selasa 13 Mei 2025,Direksi;,244 - Risalah Radir,risalah radir selasa 13 mei 2025 direksi,RISALAH RADIR
Adendum atas Perjanjian Kerjasama Nomor : PKS 301/Dirut/1024 antara PT Pos Properti Indonesia dengan PT Pos Indonesia (Persero) tentang Pemanfaatan Ruangan dan Penyediaan Material Handling Equipment untuk Warehouse Telkomsel Nomor : PKS 170/Dir-5/0525,Direktur Bisnis Kurir dan Logistik;,245 - PKS,adendum atas perjanjian kerjasama nomor pks 301dirut1024 antara pt pos properti indonesia dengan pt pos indonesia persero tentang pemanfaatan ruangan dan penyediaan material handling equipment untuk warehouse telkomsel nomor pks 170dir50525 direktur bisnis kurir dan logistik,PKS
KD no : /Dirut/ tentang Perubahan Pertama atas Keputusan Direksi PT Pos Indonesia (Persero) nomor :KD015/DIRUT/0323 tentang Gizi Kerja Dinas Malam,Direktur Utama;,246 - KD,kd no dirut tentang perubahan pertama atas keputusan direksi pt pos indonesia persero nomor kd015dirut0323 tentang gizi kerja dinas malam direktur utama,KD
Surat Keputusan Direksi tentang Perpanjangan Masa Tugas dan Perubahan Susunan Keanggotaan Komite Penerbitan Instrumen Utang PT Pos Indonesia (Persero),Direktur Utama;,248 - KD,surat keputusan direksi tentang perpanjangan masa tugas dan perubahan susunan keanggotaan komite penerbitan instrumen utang pt pos indonesia persero direktur utama,KD
Surat Keputusan Direksi tentang Susunan Keanggotaan Komite Penerbitan Instrumen Utang PT Pos Indonesia (Persero),Direktur Utama;,249 - KD,surat keputusan direksi tentang susunan keanggotaan komite penerbitan instrumen utang pt pos indonesia persero direktur utama,KD
Perjanjian Kerjasama antara PT Pos Indonesia (Persero) dengan Yayasan Pendidikan Bhakti Pos Indonesia tentang Pendayagunaan Aset Properti Milik PT Pos Indonesia (Persero) di Jalan Sari Asih Nomor 54 Bandung,Direktur Keuangan dan MR;,250 - PKS,perjanjian kerjasama antara pt pos indonesia persero dengan yayasan pendidikan bhakti pos indonesia tentang pendayagunaan aset properti milik pt pos indonesia persero di jalan sari asih nomor 54 bandung direktur keuangan dan mr,PKS
KD Program Penjualan Layanan Pospay Loket Melalui Kolektor,Direktur Bisnis Jasa Keuangan;,253 - KD,kd program penjualan layanan pospay loket melalui kolektor direktur bisnis jasa keuangan,KD
KD tentang Penempatan Dana Valuta Asing (VALAS) dalam Instrumen Deposito SWAP di PT Pos Indonesia (Persero),Direktur Utama;,254 - KD,kd tentang penempatan dana valuta asing valas dalam instrumen deposito swap di pt pos indonesia persero direktur utama,KD
Perjanjian Kerja Sama Program Diskon dengan PT Shopee International Indonesia Periode Maret s.d April 2025,SVP Retail Business;,255 - PKS,perjanjian kerja sama program diskon dengan pt shopee international indonesia periode maret sd april 2025 svp retail business,PKS
Kontrak Berlangganan antara PT Pos Indonesia (Persero) dengan PT Telkom Indonesia (Persero) Tbk tentang Layanan Premium Call 0809-1-5000161,SVP Fronting Management and Financial Transaction Service;,256 - PKS,kontrak berlangganan antara pt pos indonesia persero dengan pt telkom indonesia persero tbk tentang layanan premium call 080915000161 svp fronting management and financial transaction service,PKS
Risalah Radir  Selasa 20 Mei 2025,Direksi;,257 - Risalah Radir,risalah radir selasa 20 mei 2025 direksi,RISALAH RADIR
Perjanjian Kerja Waktu Tertentu antara PT Pos Indonesia (Persero) dengan Joshua Alfred Hasudungan sebagai Tenaga Kerja Profesional Perusahaan (Nomor : PKS.136/Dir-5/0425),Direktur Bisnis Kurir dan Logistik;,258 - PKWT,perjanjian kerja waktu tertentu antara pt pos indonesia persero dengan joshua alfred hasudungan sebagai tenaga kerja profesional perusahaan nomor pks136dir50425 direktur bisnis kurir dan logistik,PKWT
Perjanjian Kerahasiaan (Non Diclosure Agreement) antara PT Pos Indonesia (Persero) dengan PT Sinergi Karya Perdana tentang Pertukaran Data Dan/Atau Informasi,Direktur Bisnis Kurir dan Logistik;,259 - Perjanjian Kerahasiaan,perjanjian kerahasiaan non diclosure agreement antara pt pos indonesia persero dengan pt sinergi karya perdana tentang pertukaran data danatau informasi direktur bisnis kurir dan logistik,PERJANJIAN KERAHASIAAN
Perjanjian Kerahasiaan antara PT Indonesia Fintopia Technology dan PT Pos Indonesia (Persero) tentang Pertukaran Data Dan/Atau Informasi,SVP Consumer Business;,260 - Perjanjian Kerahasiaan,perjanjian kerahasiaan antara pt indonesia fintopia technology dan pt pos indonesia persero tentang pertukaran data danatau informasi svp consumer business,PERJANJIAN KERAHASIAAN
Nota Kesepahaman antara PT Pos Indonesia (Persero) dengan Dewan Pimpinan Pusat Perkumpulan Srikandi Kreatif Indonesia (DPP Persikindo) tentang Pemanfaatan Layanan Jasa dan Potensi Masing-masing Pihak,Direktur Utama;,261 - Nota Kesepahaman,nota kesepahaman antara pt pos indonesia persero dengan dewan pimpinan pusat perkumpulan srikandi kreatif indonesia dpp persikindo tentang pemanfaatan layanan jasa dan potensi masingmasing pihak direktur utama,NOTA KESEPAHAMAN
Nota Kesepahaman antara PT Pos Indonesia (Persero) dengan Asosiasi Industri Permebelan dan Kerajinan Indonesia Komisariat Daerah Istimewa Yogyakarta (Asmindo Komda DIY) tentang Pemanfaatan Layanan Jasa dan Potensi Masing-masing Pihak,Direktur Utama;,262 - Nota Kesepahaman,nota kesepahaman antara pt pos indonesia persero dengan asosiasi industri permebelan dan kerajinan indonesia komisariat daerah istimewa yogyakarta asmindo komda diy tentang pemanfaatan layanan jasa dan potensi masingmasing pihak direktur utama,NOTA KESEPAHAMAN
Perjanjian Kerja Waktu Tertentu antara PT Pos Indonesia (Persero) dengan Agus Trisyuwanto sebagai Tenaga Kerja Profesional Perusahaan (PKS.154/Dirut/0425),Direktur Utama;,263 - PKWT,perjanjian kerja waktu tertentu antara pt pos indonesia persero dengan agus trisyuwanto sebagai tenaga kerja profesional perusahaan pks154dirut0425 direktur utama,PKWT
Perjanjian Kerja Sama antara PT Pos Indonesia (Persero) dengan Koperasi Simpan Pinjam dan Pembiayaan Syariah Pegawai dan Pensiunan Indonesia (KSPPS KOSPPI) tentang Penyelesaian Pemotongan Uang Pensiun untuk Angsuran Kredit/Pembiayaan Pensiun,EVP Government and Corporate Business;,264 - PKS,perjanjian kerja sama antara pt pos indonesia persero dengan koperasi simpan pinjam dan pembiayaan syariah pegawai dan pensiunan indonesia kspps kosppi tentang penyelesaian pemotongan uang pensiun untuk angsuran kreditpembiayaan pensiun evp government and corporate business,PKS
Risalah Radir  Selasa 27 Mei 2025,Direksi;,266 - Risalah Radir,risalah radir selasa 27 mei 2025 direksi,RISALAH RADIR
Addendum Perjanjian Kerjasama antara PT bank Syariah Indonesia  Tbk dengan PT Pos Indonesia (Persero) tentang Konter Layanan Gadai (KLG) di Outlet PT Pos Indonesia (Persero),SVP Consumer Business;,267 - PKS,addendum perjanjian kerjasama antara pt bank syariah indonesia tbk dengan pt pos indonesia persero tentang konter layanan gadai klg di outlet pt pos indonesia persero svp consumer business,PKS
Perjanjian Kerja Sama antara PT Pos Indonesia (Persero) dengan PT Bank Muamalat Indonesia Tbk tentang Layanan Pembukaan Rekening Bank Muamalat Berbasis Digi Hajj dan Kerjasama Akuisisi Pembiayaan Syariah Melalui Aplikasi Pospay dan Outlet Pos,Direktur Bisnis Jasa Keuangan;,268 - PKS,perjanjian kerja sama antara pt pos indonesia persero dengan pt bank muamalat indonesia tbk tentang layanan pembukaan rekening bank muamalat berbasis digi hajj dan kerjasama akuisisi pembiayaan syariah melalui aplikasi pospay dan outlet pos direktur bisnis jasa keuangan,PKS
Surat Edaran Nomor : SE.013/Dir-1/0325 tentang Layanan Cash Card,Direktur Keuangan dan Manajemen Risiko;,269 - SE,surat edaran nomor se013dir10325 tentang layanan cash card direktur keuangan dan manajemen risiko,SE
SK Direksi nomor : Sk.616/Dirut/0525 tentang Tim Penganugerahan Tanda Kehormatan dari Presiden Republik Indonesia kepada Direksi dan Karyawan PT Pos Indonesia (Persero) tahun 2025,Direktur Utama;,270 - SK,sk direksi nomor sk616dirut0525 tentang tim penganugerahan tanda kehormatan dari presiden republik indonesia kepada direksi dan karyawan pt pos indonesia persero tahun 2025 direktur utama,SK
Surat Edaran nomor : SE.004/Dir-2/0125 tentang Rekrutmen Karyawan PT Pos Indonesia (Persero) Melalui Program Ikatan Dinas dan Pemberian Beasiswa untuk Mahasiswa Kelas Khusus Program Studi Diploma III Logistik Universitas Logistik dan Bisnis Internasional Tahun 2025,Direktur Human Capital Management;,271 - SE,surat edaran nomor se004dir20125 tentang rekrutmen karyawan pt pos indonesia persero melalui program ikatan dinas dan pemberian beasiswa untuk mahasiswa kelas khusus program studi diploma iii logistik universitas logistik dan bisnis internasional tahun 2025 direktur human capital management,SE
Surat Penunjukkan KKO Corcom,Corporate Secretary;,272 - Surat Dinas,surat penunjukkan kko corcom corporate secretary,SURAT DINAS
SK Nomor : SK.876/Dirut/0525 tentang Perpanjangan Masa Tugas dan Perubahan Susunan Tim Pelaksana Penyaluran Bantuan Sosial Kementerian Sosial Republik Indonesia Tahun 2025,Direktur Utama;,273 - SK,sk nomor sk876dirut0525 tentang perpanjangan masa tugas dan perubahan susunan tim pelaksana penyaluran bantuan sosial kementerian sosial republik indonesia tahun 2025 direktur utama,SK
KD Nomor : KD.022/Dirut/0425 tentang Perubahan Pertama Keputusan Direksi No 049/Dirut/0523 tentang Sistem Remunerasi,Direktur Utama;,274 - KD,kd nomor kd022dirut0425 tentang perubahan pertama keputusan direksi no 049dirut0523 tentang sistem remunerasi direktur utama,KD
KD Nomor : KD.23/Dirut/0425 tentang Perubahan ketiga atas Keputusan Direksi PT Pos Indonesia (Persero) Nomor : KD.010/Dirut/0223 tentang Pemutusan Hubungan Kerja di Lingkungan PT Pos Indonesia (Persero),Direktur Utama;,275 - KD,kd nomor kd23dirut0425 tentang perubahan ketiga atas keputusan direksi pt pos indonesia persero nomor kd010dirut0223 tentang pemutusan hubungan kerja di lingkungan pt pos indonesia persero direktur utama,KD
SK tentang Susunan Tim Koordinasi Penyelenggaraan Layanan Pos Universal Tahun Anggaran 2025,Direktur Utama;,276 - SK,sk tentang susunan tim koordinasi penyelenggaraan layanan pos universal tahun anggaran 2025 direktur utama,SK
Risalah Radir  Selasa 3 Juni 2025,Direksi;,277 - Risalah Radir,risalah radir selasa 3 juni 2025 direksi,RISALAH RADIR
Addendum Kelima atas Perjanjian Kerjasama Nomor : PKS039/SVPRETAILBUSINESS/0322 antara PT Shopee International Indonesia dengan PT Pos Indonesia (Persero) tentang Layanan Pengiriman Barang,SVP Retail Business;,278 - PKS,addendum kelima atas perjanjian kerjasama nomor pks039svpretailbusiness0322 antara pt shopee international indonesia dengan pt pos indonesia persero tentang layanan pengiriman barang svp retail business,PKS
SE Nomor : 007/Dir-1/0325 tentang Sentralisasi Asuransi Kas Tahun 2025,Direktur Keuangan dan MR;,279 - SE,se nomor 007dir10325 tentang sentralisasi asuransi kas tahun 2025 direktur keuangan dan mr,SE
Adendum Perjanjian Kerja Sama Nomor 051/Dir-5/0224 antara PT Pos Indonesia (Persero) dengan PT Mohsen Cargo Service tentang Penanganan Logistik International,Direktur Bisnis Kurir dan Logistik;,280 - PKS,adendum perjanjian kerja sama nomor 051dir50224 antara pt pos indonesia persero dengan pt mohsen cargo service tentang penanganan logistik international direktur bisnis kurir dan logistik,PKS
Perjanjian Kerja Sama antara Direktorat Pemberdayaan Sosial Komunitas Adat Terpencil Direktorat Jenderal Pemberdayaan Sosial dengan PT Pos Indonesia Sosial Kementerian Sosial dengan PT Pos Indonesia (Persero) Nomor : PKS 147/Dir-4/0425 tentang Penyaluran Bantuan Sosial Program Pemberdayaan Sosial Ekonomi Tahun 2025,Direktur Bisnis Jasa Keuangan;,281 - PKS,perjanjian kerja sama antara direktorat pemberdayaan sosial komunitas adat terpencil direktorat jenderal pemberdayaan sosial dengan pt pos indonesia sosial kementerian sosial dengan pt pos indonesia persero nomor pks 147dir40425 tentang penyaluran bantuan sosial program pemberdayaan sosial ekonomi tahun 2025 direktur bisnis jasa keuangan,PKS
Risalah Radir  Selasa 10 Juni 2025,Direksi;,282 - Risalah Radir,risalah radir selasa 10 juni 2025 direksi,RISALAH RADIR
Risalah Ratas 10 Juni 2025 tentang Izin Pengembangan Platform Koperasi Desa/Kelurahan Merah Putih melalui Anak Usaha  PT Pos Finansial Indonesia,Direksi;,284 - Risalah Ratas,risalah ratas 10 juni 2025 tentang izin pengembangan platform koperasi desakelurahan merah putih melalui anak usaha pt pos finansial indonesia direksi,RISALAH RATAS
KD nomor : KD 30/Dirut/0625 tentang Penerapan Program Anti Pencucian Uang  Pencegahan Pendanaan Terorisme  dan Pencegahan Pendanaan Proliferasi Senjata Pemusnah Massal,Plt Direktur Utama;,287 - KD,kd nomor kd 30dirut0625 tentang penerapan program anti pencucian uang pencegahan pendanaan terorisme dan pencegahan pendanaan proliferasi senjata pemusnah massal plt direktur utama,KD
PKS antara PT Pos Indonesia dengan PT Artajasa Pembayaran Elektronis tentang Penyelenggaraan Layanan Cash In dan Cash Out pada Jaringan Channel Pos ( PKS 201/Dir-4/0625),Direktur Bisnis Jasa Keuangan;,288 - PKS,pks antara pt pos indonesia dengan pt artajasa pembayaran elektronis tentang penyelenggaraan layanan cash in dan cash out pada jaringan channel pos pks 201dir40625 direktur bisnis jasa keuangan,PKS
SK Nomor : 949/Dirut/0625 tentang Satuan Tugas Pelaksana Program Kolaborasi Koperasi Desa/Kelurahan Merah Putih,Plt Direktur Utama;,289 - SK,sk nomor 949dirut0625 tentang satuan tugas pelaksana program kolaborasi koperasi desakelurahan merah putih plt direktur utama,SK
SK Direksi Nomor : 950/Dirut/0625 tentang Pembentukan Satuan Tugas Rencana Divestasi Anak Usaha Dapenpos  PT Dapensi Trio Usaha,Plt Direktur Utama;,290 - SK,sk direksi nomor 950dirut0625 tentang pembentukan satuan tugas rencana divestasi anak usaha dapenpos pt dapensi trio usaha plt direktur utama,SK
PKS antara PT Pos Indonesia dengan KSPPS Manunggal Makmur tentang Penyelesaian Pemotongan Uang Pensiun untuk Angsuran Kredit Pensiun,EVP Government and Corporate Business;,291 - PKS,pks antara pt pos indonesia dengan kspps manunggal makmur tentang penyelesaian pemotongan uang pensiun untuk angsuran kredit pensiun evp government and corporate business,PKS
Addendum Pertama atas PKS Nomor : PKS 270/SVP Retail Business/1023 antara PT Pos Indonesia (Persero) dengan PT Asuransi Central Asia tentang Asuransi Kiriman Kurir dan Logistik Dalam Negeri Nomor : PKS 173/SVP FMFTS/0525,SVP Fronting Management and Financial Transaction Service;,293 - PKS,addendum pertama atas pks nomor pks 270svp retail business1023 antara pt pos indonesia persero dengan pt asuransi central asia tentang asuransi kiriman kurir dan logistik dalam negeri nomor pks 173svp fmfts0525 svp fronting management and financial transaction service,PKS
Risalah Radir Selasa  17 Juni 2025,Direksi;,295 - Risalah Radir,risalah radir selasa 17 juni 2025 direksi,RISALAH RADIR
Risalah Rakomdir 30 Mei 2025,Dekom dan Direksi;,297 - Risalah Rakomdir,risalah rakomdir 30 mei 2025 dekom dan direksi,RISALAH RAKOMDIR
Risalah Rakomdir 29 April 2025,Dekom dan Direksi;,298 - Risalah Rakomdir,risalah rakomdir 29 april 2025 dekom dan direksi,RISALAH RAKOMDIR
Risalah Rakomdir 15 Mei 2025,Dekom dan Direksi;,299 - Risalah Rakomdir,risalah rakomdir 15 mei 2025 dekom dan direksi,RISALAH RAKOMDIR
Nota Kesepahaman antara Badan Pengelola Keuangan Haji dengan PT Pos Indonesia (Persero) tentang Pemanfaatan Layanan Jasa dan Potensi Masing-Masing Pihak,Plt Direktur Utama;,301 - Nota Kesepahaman,nota kesepahaman antara badan pengelola keuangan haji dengan pt pos indonesia persero tentang pemanfaatan layanan jasa dan potensi masingmasing pihak plt direktur utama,NOTA KESEPAHAMAN
Perjanjian Kerahasiaan Timbal Balik antara PT Paxel Algoorita Unggul dan PT Pos Indonesia (Persero) Nomor : 177/SVP Retail Business/0525,SVP Retail Business;,302 - Perjanjian Kerahasiaan,perjanjian kerahasiaan timbal balik antara pt paxel algoorita unggul dan pt pos indonesia persero nomor 177svp retail business0525 svp retail business,PERJANJIAN KERAHASIAAN
Risalah Ratas tentang Pembukaan Layanan Cash on Delivery (COD) untuk Kiriman dari platform Shopee,Direksi;,304 - Risalah Ratas,risalah ratas tentang pembukaan layanan cash on delivery cod untuk kiriman dari platform shopee direksi,RISALAH RATAS
Perjanjian Kerahasiaan antara PT Pos Indonesia (Persero) dengan Badan Pengelola Keuangan Haji Republik Indonesia tentang Pertukaran Data dan/Atau Informasi,DirBiskurlog;,307 - Perjanjian Kerahasiaan,perjanjian kerahasiaan antara pt pos indonesia persero dengan badan pengelola keuangan haji republik indonesia tentang pertukaran data danatau informasi dirbiskurlog,PERJANJIAN KERAHASIAAN
Risalah Radir  Selasa 23 Juni 2025,Direksi;,309 - Risalah Radir,risalah radir selasa 23 juni 2025 direksi,RISALAH RADIR
KD Nomor : 029/Dirut/0625 tentang Tata Kelola Piutang,Plt Direktur Utama;,310 - KD,kd nomor 029dirut0625 tentang tata kelola piutang plt direktur utama,KD
KD tentang Pembayaran Jasa Produksi Tahun 2024,Plt Direktur Utama;,313 - KD,kd tentang pembayaran jasa produksi tahun 2024 plt direktur utama,KD
Perjanjian Kerahasiaan antara PT Pos Indonesia (Persero) dengan PT Kereta Api Indonesia (Persero) tentang Pertukaran Data Dan/Atau Informasi dalam Rangka Sinergi dan Integrasi Logistik Ekosistem BUMN,Direktur Operasi dan Digital Service;,315 - Perjanjian Kerahasiaan,perjanjian kerahasiaan antara pt pos indonesia persero dengan pt kereta api indonesia persero tentang pertukaran data danatau informasi dalam rangka sinergi dan integrasi logistik ekosistem bumn direktur operasi dan digital service,PERJANJIAN KERAHASIAAN
Risalah Radir  Selasa 1 Juli 2025,Direksi;,316 - Risalah Radir,risalah radir selasa 1 juli 2025 direksi,RISALAH RADIR
KD Nomor : KD.033/Dir-5/0625 tentang Layanan Pos Xtra Instant,Direktur Bisnis dan Kurir Logistik;,318 - KD,kd nomor kd033dir50625 tentang layanan pos xtra instant direktur bisnis dan kurir logistik,KD
KD Nomor : KD.   /Dir/0625 tentang Tata Kelola Customer Experience di PT Pos Indonesia (Persero),Plt Direktur Utama;,319 - KD,kd nomor kd dir0625 tentang tata kelola customer experience di pt pos indonesia persero plt direktur utama,KD
Perjanjian antara PT Pos Indonesia dengan CV Kembar Jaya,Direktur Human Capital Management;,321 - PKS,perjanjian antara pt pos indonesia dengan cv kembar jaya direktur human capital management,PKS
SK Direksi Nomor : SK.948/DIRUT/0625 tentang Tim Pelaksana Penyaluran Bantuan Subsidi Upah Tahun 2025,Plt Direktur Utama;,323 - SK,sk direksi nomor sk948dirut0625 tentang tim pelaksana penyaluran bantuan subsidi upah tahun 2025 plt direktur utama,SK
Nota Kesepahaman antara PT Pelabuhan Indonesia (Persero) dan PT Kereta Api Indonesia (Persero) dan PT Kawasan Industri Terpadu Batang tentang Rencana Kerja Sama Pembangunan  Pengembangan  Pengoperasian  dan Pengusahaan Logistik Berbasis Rel di Dry Port Kawasan Ekonomi Khusus Industropolis Batang,Direktur Business Development dan Portofolio Management;,324 - Nota Kesepahaman,nota kesepahaman antara pt pelabuhan indonesia persero dan pt kereta api indonesia persero dan pt kawasan industri terpadu batang tentang rencana kerja sama pembangunan pengembangan pengoperasian dan pengusahaan logistik berbasis rel di dry port kawasan ekonomi khusus industropolis batang direktur business development dan portofolio management,NOTA KESEPAHAMAN
Perjanjian Kerjasama antara PT Papandayan Cocoa Industries (Barry Callebaut) dengan PT Pos Indonesia (Persero) tentang Pemnafaatan Layanan Pos Giro Cash (PGC) untuk Penyaluran Dana Premium Petani Peserta Program keberlanjutan Kakao di Seluruh Indonesia  Nomor : PKS.236/EVPGCB/0725,Direktur Bisnis Jasa Keuangan;,325 - PKS,perjanjian kerjasama antara pt papandayan cocoa industries barry callebaut dengan pt pos indonesia persero tentang pemnafaatan layanan pos giro cash pgc untuk penyaluran dana premium petani peserta program keberlanjutan kakao di seluruh indonesia nomor pks236evpgcb0725 direktur bisnis jasa keuangan,PKS
SPPD Tanggal 13-03-25 a.n Raisya,Ruta;,327 - SPPD,sppd tanggal 130325 an raisya ruta,SPPD
SPPD Tanggal 09-04-2025  a.n Raisya,Ruta;,328 - SPPD,sppd tanggal 09042025 an raisya ruta,SPPD
SPPD Tanggal 08-02-2025  a.n Raisya,Ruta;,329 - SPPD,sppd tanggal 08022025 an raisya ruta,SPPD
SPPD Tanggal 17-03-2025  a.n Raisya,Ruta;,330 - SPPD,sppd tanggal 17032025 an raisya ruta,SPPD
SPPD Tanggal 06-03-2025  a.n Raisya,Ruta;,331 - SPPD,sppd tanggal 06032025 an raisya ruta,SPPD
SPPD Tanggal 24-02-2025  a.n Raisya,Ruta;,332 - SPPD,sppd tanggal 24022025 an raisya ruta,SPPD
SPPD Tanggal 27-03-2025  a.n Raisya,Ruta;,333 - SPPD,sppd tanggal 27032025 an raisya ruta,SPPD
SPPD Tanggal 03-02-2025  a.n Raisya,Ruta;,334 - SPPD,sppd tanggal 03022025 an raisya ruta,SPPD
Perjanjian Kerja Sama antara PT Pos Indonesia (Persero) dengan PT Aldmic Coopn Digital tentang Jasa Pengiriman Surat dan Paket (Nomor : PKS. 196/EVP Enterprise Business/0525),EVP Enterprise Business;,335 - PKS,perjanjian kerja sama antara pt pos indonesia persero dengan pt aldmic coopn digital tentang jasa pengiriman surat dan paket nomor pks 196evp enterprise business0525 evp enterprise business,PKS
Perjanjian Kerja Sama antara PT Pos Indonesia (Persero) dengan PT Pos Finansial Indonesia tentang PT Pos Finansial Indonesia sebagai Switching Agregator,Direktur Bisnis Jasa Keuangan;,336 - PKS,perjanjian kerja sama antara pt pos indonesia persero dengan pt pos finansial indonesia tentang pt pos finansial indonesia sebagai switching agregator direktur bisnis jasa keuangan,PKS
Perjanjian antara PT Pos Indonesia (Persero) dengan CV Kembar Jaya (Nomor : PKS.193/Dir-2/0525),Direktur Human Capital Management;,337 - PKS,perjanjian antara pt pos indonesia persero dengan cv kembar jaya nomor pks193dir20525 direktur human capital management,PKS
SPPD tanggal 14 Februari 2025  a.n Meilani,Ruta;,339 - SPPD,sppd tanggal 14 februari 2025 an meilani ruta,SPPD
Perjanjian antara PT Pos Indonesia (Persero) dengan CV Fajar Sidik (Nomor : PKS.207/Dir-2/0625) tentang Pengadaan Kantung PE Orange,Direktur Human Capital Management;,340 - PKS,perjanjian antara pt pos indonesia persero dengan cv fajar sidik nomor pks207dir20625 tentang pengadaan kantung pe orange direktur human capital management,PKS
Perjanjian antara PT Pos Indonesia (Persero) dengan CV Fajar Sidik (Nomor : PKS.209/Dir-2/0625) tentang Pengadaan Flyer EMS,Direktur Human Capital Management;,341 - PKS,perjanjian antara pt pos indonesia persero dengan cv fajar sidik nomor pks209dir20625 tentang pengadaan flyer ems direktur human capital management,PKS
Perjanjian antara PT Pos Indonesia (Persero) dengan CV Barokah Alam (Nomor : PKS.208/Dir-2/0625) tentang Pengadaan Tinta Ribbon,Direktur Human Capital Mangement;,342 - PKS,perjanjian antara pt pos indonesia persero dengan cv barokah alam nomor pks208dir20625 tentang pengadaan tinta ribbon direktur human capital mangement,PKS
Risalah Radir  Jumat 11 Juli 2025,Direksi;,343 - Risalah Radir,risalah radir jumat 11 juli 2025 direksi,RISALAH RADIR
Perjanjian antara PT Pos Indonesia (Persero) dengan PT Pos Finansial Indonesia tentang Pengadaan Pekerjaan Pengembangan Platform Dashboard AI (Nomor Pos IND: PKS.200/SVP SPBD/0625),SVP Straegic Planning and Business Development;,344 - PKS,perjanjian antara pt pos indonesia persero dengan pt pos finansial indonesia tentang pengadaan pekerjaan pengembangan platform dashboard ai nomor pos ind pks200svp spbd0625 svp straegic planning and business development,PKS
Perjanjian Kerja Sama antara PT Pos Indonesia (Persero) dengan PT Bank Victoria International Tbk tentang Penyelenggaraan Layanan Cash In dan Cash out pada Jaringan Channel Pos (PKS254/Dir-4/0725),Direktur Bisnis Jasa Keuangan;,345 - PKS,perjanjian kerja sama antara pt pos indonesia persero dengan pt bank victoria international tbk tentang penyelenggaraan layanan cash in dan cash out pada jaringan channel pos pks254dir40725 direktur bisnis jasa keuangan,PKS
Perjanjian Kerjasama antara PT Bank Tabungan Negara (Persero) Tbk dengan PT Pos Indonesia (Persero) tentang Produk dan Layanan Perbankan (PKS.253/EVP GCB/0725),EVP Government and Corporate Business;,346 - PKS,perjanjian kerjasama antara pt bank tabungan negara persero tbk dengan pt pos indonesia persero tentang produk dan layanan perbankan pks253evp gcb0725 evp government and corporate business,PKS
Risalah Ratas perihal Pembentukan Satuan Tugas (Task Force) Penanganan Piutang 2025,Direksi;,348 - Risalah Ratas,risalah ratas perihal pembentukan satuan tugas task force penanganan piutang 2025 direksi,RISALAH RATAS
Perjanjian Kerjasama antara PT Asuransi Jiwa IFG dengan PT Pos Indonesia (Persero) tentang Pengelolaan Program Asuransi IFG Pendanaan Hari Tua (Nomor : PKS.233/Dir-2/0625),Direktur Human Capital Management;,350 - PKS,perjanjian kerjasama antara pt asuransi jiwa ifg dengan pt pos indonesia persero tentang pengelolaan program asuransi ifg pendanaan hari tua nomor pks233dir20625 direktur human capital management,PKS
Risalah Radir  Selasa 15 Juli 2025,Direksi;,351 - Risalah Radir,risalah radir selasa 15 juli 2025 direksi,RISALAH RADIR
Perjanjian Kerja Sama antara PT Pos Indonesia (Persero) dengan PT Pos Finansial Indonesia tentang Pembayaran Success Fee Law Firm Hendrayanto & Partners (PKS.256/Setper/0725),Corporate Secretary;,352 - PKS,perjanjian kerja sama antara pt pos indonesia persero dengan pt pos finansial indonesia tentang pembayaran success fee law firm hendrayanto partners pks256setper0725 corporate secretary,PKS
Perjanjian antara PT Pos Indonesia (Persero) dengan Firma Hukum Sinergi SS & Rekan tentang Pengadaan Jasa Advokat Pendampingan dan Bantuan Hukum atas Dugaan Kecurangan Uang Kas dan Benda Filateli di Kantor Cabang Utama Kendari 93000 (PKS.258/Setper/0725),Corporate Secretary;,354 - PKS,perjanjian antara pt pos indonesia persero dengan firma hukum sinergi ss rekan tentang pengadaan jasa advokat pendampingan dan bantuan hukum atas dugaan kecurangan uang kas dan benda filateli di kantor cabang utama kendari 93000 pks258setper0725 corporate secretary,PKS
Perjanjian Kerja Waktu Tertentu antara PT Pos Indonesia (Persero) dengan Wahyu Hamdani sebagai Tenaga Kerja Profesional Perusahaan (Nomor : PKS.222/Dir-4/0625),Direktur Busdev & PM;,355 - PKWT,perjanjian kerja waktu tertentu antara pt pos indonesia persero dengan wahyu hamdani sebagai tenaga kerja profesional perusahaan nomor pks222dir40625 direktur busdev pm,PKWT
Adendum Ketiga atas Perjanjian Kerjasama Nomor Pihak Kedua : PKS.253/EVP GCB/0725 antara PT Bank Tabungan Negara (Persero) Tbk dengan PT Pos Indonesia (Persero) Tbk tentang Layanan Tabungan  Produk dan Layanan Perbankan Lainnya di Kantor Pos,EVP Government and Corporate Business;,356 - PKS,adendum ketiga atas perjanjian kerjasama nomor pihak kedua pks253evp gcb0725 antara pt bank tabungan negara persero tbk dengan pt pos indonesia persero tbk tentang layanan tabungan produk dan layanan perbankan lainnya di kantor pos evp government and corporate business,PKS
Perjanjian Kerjasama antara Direktorat Jenderal Pengembangan Ekonomi dan Investasi Desa dan Daerah Tertinggal Kementerian Desa dan Pembangunan Daerah Tertinggal dengan PT Pos Indonesia (Persero) tentang Pemanfaatan Layanan Jasa Keuanganuntuk Pengembangan Badan Usaha Milik Desa dan Kelompok Masyarakat di Des dan Daerah Tertinggal (Nomor : PKS 264/Dir- 4/0725),Direktur Bisnis Jasa Keuangan;,358 - PKS,perjanjian kerjasama antara direktorat jenderal pengembangan ekonomi dan investasi desa dan daerah tertinggal kementerian desa dan pembangunan daerah tertinggal dengan pt pos indonesia persero tentang pemanfaatan layanan jasa keuanganuntuk pengembangan badan usaha milik desa dan kelompok masyarakat di des dan daerah tertinggal nomor pks 264dir 40725 direktur bisnis jasa keuangan,PKS
Risalah Radir  Selasa 22 Juli 2025,Direksi;,359 - Risalah Radir,risalah radir selasa 22 juli 2025 direksi,RISALAH RADIR
Risalah Ratas tanggal 17 Juli 2025  tentang Penunjukkan Langsung PT Pos Finansial Indonesia  selaku Penyedia Aplikasi untuk Mendukung Penjualan Beras Stabilisasi Pasokan Harga Pangan (SPHP),Direksi;,362 - Risalah Ratas,risalah ratas tanggal 17 juli 2025 tentang penunjukkan langsung pt pos finansial indonesia selaku penyedia aplikasi untuk mendukung penjualan beras stabilisasi pasokan harga pangan sphp direksi,RISALAH RATAS
KD PT Pos Indonesia (Persero) Nomor : KD 038/Dirut/0725 tentang Tata Kelola Customer Experience di PT Pos Indonesia (Persero),Plt Dirut;,363 - KD,kd pt pos indonesia persero nomor kd 038dirut0725 tentang tata kelola customer experience di pt pos indonesia persero plt dirut,KD
SE Nomor : SE.018/Dir-4/0625 tentang Pedoman Penerapan Program Anti Pencucian Uang  Pencegahan Pendanaan Terorisme dan Pencegahan Pendanaan Proliferasi Senjata Pemusnah Massal,Direktur Bisnis Jasa Keuangan;,365 - SE,se nomor se018dir40625 tentang pedoman penerapan program anti pencucian uang pencegahan pendanaan terorisme dan pencegahan pendanaan proliferasi senjata pemusnah massal direktur bisnis jasa keuangan,SE
Perjanjian Kerja Waktu Tertentu antara PT Pos Indonesia (Persero) dengan Iwan Irwansyah sebagai Tenaga Kerja Profesional Perusahaan (Nomor : PKS 198/Dir-6/0625),Direktur Busdev and PM;,366 - PKWT,perjanjian kerja waktu tertentu antara pt pos indonesia persero dengan iwan irwansyah sebagai tenaga kerja profesional perusahaan nomor pks 198dir60625 direktur busdev and pm,PKWT
Nota Kesepahaman antara PT pos Indonesia (Persero) dengan Universitas Udayana tentang Pemanfaatan Layanan Jasa dan Potensi Masing-Masing Pihak,Plt Direktur Utama;,367 - Nota Kesepahaman,nota kesepahaman antara pt pos indonesia persero dengan universitas udayana tentang pemanfaatan layanan jasa dan potensi masingmasing pihak plt direktur utama,NOTA KESEPAHAMAN
Perjanjian Kerja Sama antara CV Prestis Kreatif Indo dengan PT Pos Indonesia (Persero) tentang Penjualan Produk Komoditi Sosro pada Gerai Agripost (Nomor : PKS.265/EVP Enterprise Business/2025),EVP Enterprise Business;,368 - PKS,perjanjian kerja sama antara cv prestis kreatif indo dengan pt pos indonesia persero tentang penjualan produk komoditi sosro pada gerai agripost nomor pks265evp enterprise business2025 evp enterprise business,PKS
Perjanjian Kerja Sama antara PT Pos Indonesia (Persero) dengan PT Karya Inovasi Parahyangan tentang Pengelolaan Super Agenpos Layanan Jasa Kurir (Nomor : 266/SVP Retail Business/0725),SVP Retail Business;,369 - PKS,perjanjian kerja sama antara pt pos indonesia persero dengan pt karya inovasi parahyangan tentang pengelolaan super agenpos layanan jasa kurir nomor 266svp retail business0725 svp retail business,PKS
Perjanjian Kerja Sama antara PT Pos Indonesia (Persero) dengan Koperasi Pegawai Pos Jakarta tentang Dana Talangan Layanan COD/CCOD (PKS251/SVP-Consumer Business/0725),SVP Consumer Business;,370 - PKS,perjanjian kerja sama antara pt pos indonesia persero dengan koperasi pegawai pos jakarta tentang dana talangan layanan codccod pks251svpconsumer business0725 svp consumer business,PKS
Nota Kesepahaman antara Universitas Telkom dengan PT Pos Indonesia (Persero) tentang Pemanfaatan Layanan Jasa dan Potensi Masing-Masing Pihak,Plt Direktur Utama;,371 - Nota Kesepahaman,nota kesepahaman antara universitas telkom dengan pt pos indonesia persero tentang pemanfaatan layanan jasa dan potensi masingmasing pihak plt direktur utama,NOTA KESEPAHAMAN
Risalah Ratas Perihal Pengelolaan Kemitraan PT Pos Indonesia (Persero) (11 Juli 2025),Direksi;,373 - Risalah Ratas,risalah ratas perihal pengelolaan kemitraan pt pos indonesia persero 11 juli 2025 direksi,RISALAH RATAS
Permohonan Penandatanganan Naskah Addendum PK Bank Neo Commerce,Plt Direktur Utama;,374 - Surat Dinas,permohonan penandatanganan naskah addendum pk bank neo commerce plt direktur utama,SURAT DINAS
SPPD Melani tgl 18 Juli 2025,Ruta;,375 - SPPD,sppd melani tgl 18 juli 2025 ruta,SPPD
Risalah Radir  Selasa 29 Juli 2025,Direksi;,378 - Risalah Radir,risalah radir selasa 29 juli 2025 direksi,RISALAH RADIR
Perjanjian Kerjasama antara PT Bank Negara Indonesia (Persero) Tbk dengan PT Pos Indonesia (Persero) tentang Penyaluran Fasilitas Kredit Usaha Rakyat dan Kredit BNI Wirausaha Pinjaman Andalan UMKM kepada Pelaku Usaha UMKM Pengguna Platform Milik PT Pos Indonesia (Persero) (Nomor PosInd : 271/SVP Consumer/0725),SVP Consumer Business;,379 - PKS,perjanjian kerjasama antara pt bank negara indonesia persero tbk dengan pt pos indonesia persero tentang penyaluran fasilitas kredit usaha rakyat dan kredit bni wirausaha pinjaman andalan umkm kepada pelaku usaha umkm pengguna platform milik pt pos indonesia persero nomor posind 271svp consumer0725 svp consumer business,PKS
Risalah Ratas perihal DES PosDigi,Direksi;,380 - Risalah Ratas,risalah ratas perihal des posdigi direksi,RISALAH RATAS
Risalah Ratas perihal Pembahasan Pergantian Mobil Jabatan Direksi yang Akan Habis Masa Sewanya,Direksi;,381 - Risalah Ratas,risalah ratas perihal pembahasan pergantian mobil jabatan direksi yang akan habis masa sewanya direksi,RISALAH RATAS
Risalah Rakomdir 14 Juni 2025,Direksi;,383 - Risalah Rakomdir,risalah rakomdir 14 juni 2025 direksi,RISALAH RAKOMDIR
Risalah Rakomdir 25 Juni 2025,Direksi;,384 - Risalah Rakomdir,risalah rakomdir 25 juni 2025 direksi,RISALAH RAKOMDIR
Risalah Rakomdir 30 Juni 2025,Direksi;,385 - Risalah Rakomdir,risalah rakomdir 30 juni 2025 direksi,RISALAH RAKOMDIR
Risalah Ratas Pembahasan Tindaklanjut Arahan Danantara Indonesia Tanggal 30 Juli 2025 terkait Implementasi Bantuan Pensiunan,Direksi;,386 - Risalah Ratas,risalah ratas pembahasan tindaklanjut arahan danantara indonesia tanggal 30 juli 2025 terkait implementasi bantuan pensiunan direksi,RISALAH RATAS
KD nomor : 019/Dir-5/0725 tentang Tarif Pos Xtra Instan,Direktur Bisnis dan Kurlog;,387 - KD,kd nomor 019dir50725 tentang tarif pos xtra instan direktur bisnis dan kurlog,KD
SK Nomor : SK.1086/Dirut/0725 tentang Perubahan Susunan Keanggotaan dan Perpanjangan Masa Tugas Tim Penganugerahan Tanda Kehormatan dari Presiden RI Kepada Direksi dan Karyawan PT Pos Indonesia (Persero) Tahun 2025,Plt Direktur Utama;,388 - SK,sk nomor sk1086dirut0725 tentang perubahan susunan keanggotaan dan perpanjangan masa tugas tim penganugerahan tanda kehormatan dari presiden ri kepada direksi dan karyawan pt pos indonesia persero tahun 2025 plt direktur utama,SK
Nota Kesepahaman antara PT Pos Indonesia (Persero) dengan PT Perisai Cakrawala Indonesia (PCI) tentang Pemanfaatan Layanan Jasa dan Potensi Masing-Masing Pihak,Direktur Bisnis Kurir dan Logistik;,392 - Nota Kesepahaman,nota kesepahaman antara pt pos indonesia persero dengan pt perisai cakrawala indonesia pci tentang pemanfaatan layanan jasa dan potensi masingmasing pihak direktur bisnis kurir dan logistik,NOTA KESEPAHAMAN
Nota Kesepahaman antara PT Pos Indonesia (Persero) dengan Perkumpulan Kejasama Shipping dan Logistik Indonesia (PKSLI) tentang Pemanfaatan Layanan Jasa dan Potensi Masing-Masing Pihak,Direktur Bisnis Kurir Logistik;,393 - Nota Kesepahaman,nota kesepahaman antara pt pos indonesia persero dengan perkumpulan kejasama shipping dan logistik indonesia pksli tentang pemanfaatan layanan jasa dan potensi masingmasing pihak direktur bisnis kurir logistik,NOTA KESEPAHAMAN
Perjanjian Kerja Sama tentang Layanan Pengangkutan Mail Internasional antara PT Pos Indonesia (Persero) dan All Nippon Airways,Direktur Operasi dan Digital Services;,395 - PKS,perjanjian kerja sama tentang layanan pengangkutan mail internasional antara pt pos indonesia persero dan all nippon airways direktur operasi dan digital services,PKS
Perjanjian Kerja Sama antara PT Pos Indonesia (Persero) dengan PT Chandra Adi Sentosa tentang Penyediaan Layanan Scanning X-Ray Kiriman Ekspor di Tempat Penimbunan Sementara (TPS) Bandara Soekarno Hatta,POH SVP IPS;,396 - PKS,perjanjian kerja sama antara pt pos indonesia persero dengan pt chandra adi sentosa tentang penyediaan layanan scanning xray kiriman ekspor di tempat penimbunan sementara tps bandara soekarno hatta poh svp ips,PKS
Perjanjian antara PT Pos Indonesia (Persero) dengan PT Vigers Real Estate tentang Pengadaan Jasa Konsultan Audit Meep Ex Kerja Sama BOT di Banjarmasin Tahun 2025,Direktur Keuangan dan Manajemen Risiko;,398 - PKS,perjanjian antara pt pos indonesia persero dengan pt vigers real estate tentang pengadaan jasa konsultan audit meep ex kerja sama bot di banjarmasin tahun 2025 direktur keuangan dan manajemen risiko,PKS
Perjanjian Kerahasiaan antara PT Pos Indonesia (Persero) dengan PT Maju Aman Sejahtera,SVP Consumer Business;,401 - Perjanjian Kerahasiaan,perjanjian kerahasiaan antara pt pos indonesia persero dengan pt maju aman sejahtera svp consumer business,PERJANJIAN KERAHASIAAN
Perjanjian Kerja Sama antara PT Pos Indonesia (Persero) dengan PT Mohsen Cargo Service tentang Penanganan Kiriman Kargo Umroh dan Pekerja Migran Indonesia di Kerajaan Saudi Arabia,Direktur Bisnis Kurir dan Logistik;,402 - PKS,perjanjian kerja sama antara pt pos indonesia persero dengan pt mohsen cargo service tentang penanganan kiriman kargo umroh dan pekerja migran indonesia di kerajaan saudi arabia direktur bisnis kurir dan logistik,PKS
Perjanjian Kerahasiaan antara PT Pos Indonesia (Persero) dengan Perusahaan Perseroan (Persero) PT Nusantara Putra Mandiri tentang Pertukaran Data dan atau Informasi (No : NDA.276/Dir-6/0725),Direktur Busdev dan PM;,403 - Perjanjian Kerahasiaan,perjanjian kerahasiaan antara pt pos indonesia persero dengan perusahaan perseroan persero pt nusantara putra mandiri tentang pertukaran data dan atau informasi no nda276dir60725 direktur busdev dan pm,PERJANJIAN KERAHASIAAN
Perjanjian Kerja Sama antara Perusahaan Umum (Perum) Bulog dengan PT Pos Indonesia (Persero) tentang Penyaluran Stabilisasi Pasokan dan Harga Pangan Beras pada Outlet Pos (No : PKS 038/Dirut/0725),Plt Direktur Utama;,408 - PKS,perjanjian kerja sama antara perusahaan umum perum bulog dengan pt pos indonesia persero tentang penyaluran stabilisasi pasokan dan harga pangan beras pada outlet pos no pks 038dirut0725 plt direktur utama,PKS
Perjanjian Kerja Sama antara PT Pos Indonesia (Persero) dengan PT Finnet Indonesia tentang Penerimaan Pembayaran multi Biller Melalui Sistem Online Payment Point Pos (PKS.268/Dir-4/0725),Direktur Bisnis Jasa Keuangan;,409 - PKS,perjanjian kerja sama antara pt pos indonesia persero dengan pt finnet indonesia tentang penerimaan pembayaran multi biller melalui sistem online payment point pos pks268dir40725 direktur bisnis jasa keuangan,PKS
Nota Kesepahaman antara PT Pos Indonesia (Persero) dengan PT Sicepat Ekspress Indonesia tentang Pemanfaatan Jasa dan Potensi Masing-masing Pihak (Nomor : MOU.315/Dirut/0825),Plt Direktur Utama;,410 - Nota Kesepahaman,nota kesepahaman antara pt pos indonesia persero dengan pt sicepat ekspress indonesia tentang pemanfaatan jasa dan potensi masingmasing pihak nomor mou315dirut0825 plt direktur utama,NOTA KESEPAHAMAN
Risalah Radir  Selasa 12 Agt 2025,Direksi;,411 - Risalah Radir,risalah radir selasa 12 agt 2025 direksi,RISALAH RADIR
Perjanjian Kerjasama Program antara PT Shopee International Indonesia dengan PT Pos Indonesia tentang Program Diskon (Nomor : SVP Retail Business/0725),SVP Retail Business;,415 - PKS,perjanjian kerjasama program antara pt shopee international indonesia dengan pt pos indonesia tentang program diskon nomor svp retail business0725 svp retail business,PKS
Surat Sponsor Kedutaan Swiss,Kedutaan Swiss;,416 - Surat Dinas,surat sponsor kedutaan swiss kedutaan swiss,SURAT DINAS
SK Direksi PT Pos Indonesia (Persero) Nomor : SK.1186/Dir-2/0825 tentang Hasil Akhir Rekrutmen Karyawan PT Pos Indonesia (Persero) melalui Program Ikatan Dinas dan Pemberian Beasiswa untuk Mahasiswa Keas Khusus Program Studi Diploma III Ligistik Universitas Logistik dan Bisnis Internasional Tahun 2025,Direktur Human Capital Management;,419 - SK,sk direksi pt pos indonesia persero nomor sk1186dir20825 tentang hasil akhir rekrutmen karyawan pt pos indonesia persero melalui program ikatan dinas dan pemberian beasiswa untuk mahasiswa keas khusus program studi diploma iii ligistik universitas logistik dan bisnis internasional tahun 2025 direktur human capital management,SK
SK Direksi PT Pos Indonesia (Persero) Nomor SK.1141/Dir-2/0725 tentang Hasil Seleksi Akhir Program Rekrutmen Bersama Badan Usaha Milik Negara di PT Pos Indonesia (Persero) Gruo Tahun 2025,Direktur Human Capital Management;,420 - SK,sk direksi pt pos indonesia persero nomor sk1141dir20725 tentang hasil seleksi akhir program rekrutmen bersama badan usaha milik negara di pt pos indonesia persero gruo tahun 2025 direktur human capital management,SK
SK Direksi PT Pos Indonesia (Persero) Nomor : SK.1187/Dir-2/0825 tentang Hasil Selesi Akhir Program Rekrutmen Bersama Badan Usaha Milik Negara Kategori Orang Asli Papua (OAP) di PT Pos Indonesia (Persero) Grup Tahun 2025,Direktur Human Capital Management;,421 - SK,sk direksi pt pos indonesia persero nomor sk1187dir20825 tentang hasil selesi akhir program rekrutmen bersama badan usaha milik negara kategori orang asli papua oap di pt pos indonesia persero grup tahun 2025 direktur human capital management,SK
Perjanjian Kerjasama antara PT Pos Indonesia (Persero) dengan Koperasi Simpan Pinjam Nasari tentang Penyelesaian Pemotongan Uang Pensiun untuk Angsuran Kredit Pensiun,EVP Government & Corporate Business;,422 - PKS,perjanjian kerjasama antara pt pos indonesia persero dengan koperasi simpan pinjam nasari tentang penyelesaian pemotongan uang pensiun untuk angsuran kredit pensiun evp government corporate business,PKS
Nota Kesepahaman antara PT Daur Ulang Sampah Elektronik dengan PT Pos Indonesia (Persero) tentang Pemanfaatan Jasa dan Potensi Masing-masing Pihak,Direktur Bisnis Kurir dan Logistik;,423 - Nota Kesepahaman,nota kesepahaman antara pt daur ulang sampah elektronik dengan pt pos indonesia persero tentang pemanfaatan jasa dan potensi masingmasing pihak direktur bisnis kurir dan logistik,NOTA KESEPAHAMAN
Membalas Surat dari Pengadaan (Permintaan Karyadi Legal),GS;,424 - Surat Dinas,membalas surat dari pengadaan permintaan karyadi legal gs,SURAT DINAS
Risalah Radir  Selasa 19 Agustus 2025,Direksi;,427 - Risalah Radir,risalah radir selasa 19 agustus 2025 direksi,RISALAH RADIR
KD nomor : KD.041/Dirut/0725 tentang Master Plan Teknologi Informasi PT Pos Indonesia (Persero) Tahun 2025-2029,Plt Direktur Utama;,431 - KD,kd nomor kd041dirut0725 tentang master plan teknologi informasi pt pos indonesia persero tahun 20252029 plt direktur utama,KD
Perjanjian Kerja Waktu Tertentu antara PT Pos Indonesia (Persero) dengan Shatria Putra Dhartia sebagai Tenaga Kerja Profesional Perusahaan Nomor : PKS 314/Dir-5/0825,Direktur Bisnis Kurir dan logistik;,437 - PKWT,perjanjian kerja waktu tertentu antara pt pos indonesia persero dengan shatria putra dhartia sebagai tenaga kerja profesional perusahaan nomor pks 314dir50825 direktur bisnis kurir dan logistik,PKWT
Perjanjian Kerjasama antara PT Pos Indonesia dengan PT Logistik Indonesia tentang Jasa Pengiriman Lastmile Produk Indosat,EVP Enterprise Business;,438 - PKS,perjanjian kerjasama antara pt pos indonesia dengan pt logistik indonesia tentang jasa pengiriman lastmile produk indosat evp enterprise business,PKS
Perjanjian Kerjasama antara Direktorat Kerjasama Pendanaan dan Pembiayaan Pusat Investasi Pemerintah dan PT Pos Indonesia (Persero) tentang Sinergi Perluasan Layanan Jasa Keuangan dan Pembiayaan Usaha Mikro  Kecil dan Menengah,Direktur Bisnis Jasa Keuangan;,444 - PKS,perjanjian kerjasama antara direktorat kerjasama pendanaan dan pembiayaan pusat investasi pemerintah dan pt pos indonesia persero tentang sinergi perluasan layanan jasa keuangan dan pembiayaan usaha mikro kecil dan menengah direktur bisnis jasa keuangan,PKS
Perjanjian Kerja Sama antara PT Lion Express dengan PT Pos Indonesia (Persero) tentang Penanganan Kiriman Last Mile (PKS.300/Dir-5/0825),Direktur Bisnis Kurir dan Logistik;,453 - PKS,perjanjian kerja sama antara pt lion express dengan pt pos indonesia persero tentang penanganan kiriman last mile pks300dir50825 direktur bisnis kurir dan logistik,PKS
Perjanjian Kerahasiaan antara PT Bank Syariah Indonesia  Tbk dengn PT Pos Indonesia (Persero) tentang Pertukaran Data dan/Atau Informasi,SVP Retail Business;,454 - Perjanjian Kerahasiaan,perjanjian kerahasiaan antara pt bank syariah indonesia tbk dengn pt pos indonesia persero tentang pertukaran data danatau informasi svp retail business,PERJANJIAN KERAHASIAAN
Perjanjian Kerahasiaan Asisten Deputi Digitalisasi Kementerian Koperasi dengan PT Pos Indonesia (Persero) tentang Pertukaran Data dan/Atau Informasi Dalam Rangka Integrasi Sistem Informasi untuk Mendukung Keberhasilan Koperasi Desa/Kelurahan Merah Putih (KDMP),SVP Strategic Partnership and Business Development;,458 - Perjanjian Kerahasiaan,perjanjian kerahasiaan asisten deputi digitalisasi kementerian koperasi dengan pt pos indonesia persero tentang pertukaran data danatau informasi dalam rangka integrasi sistem informasi untuk mendukung keberhasilan koperasi desakelurahan merah putih kdmp svp strategic partnership and business development,PERJANJIAN KERAHASIAAN
SPPD a.n Melani,Ruta;,461 - Surat Dinas,sppd an melani ruta,SURAT DINAS
SPPD a.n Melani,Ruta;,462 - Surat Dinas,sppd an melani ruta,SURAT DINAS
SPPD a.n Melani,Ruta;,463 - Surat Dinas,sppd an melani ruta,SURAT DINAS
Risalah Radir Selasa  2 September 2025,Direksi;,464 - Risalah Radir,risalah radir selasa 2 september 2025 direksi,RISALAH RADIR
Risalah Ratas tentang Pembahasan tentang Kebijakan dan Implementasi Demosi Karyawan,Direksi;,465 - Risalah Ratas,risalah ratas tentang pembahasan tentang kebijakan dan implementasi demosi karyawan direksi,RISALAH RATAS
Risalah Radir  Selasa 9 September 2025,Direksi;,474 - Risalah Radir,risalah radir selasa 9 september 2025 direksi,RISALAH RADIR
Risalah Radir  Selasa 16 September 2025,Direksi;,487 - Risalah Radir,risalah radir selasa 16 september 2025 direksi,RISALAH RADIR
Perjanjian Kerja Sama antara PT Pos Indonesia (Persero) dengan PT Bank Pembangunan Daerah Sulawesi Utara dan Gorontalo tentang Kemitraan Pospay Secara Host to Host (PKS.354/SVP Consumer Business/0925),SVP Consumer Business;,493 - PKS,perjanjian kerja sama antara pt pos indonesia persero dengan pt bank pembangunan daerah sulawesi utara dan gorontalo tentang kemitraan pospay secara host to host pks354svp consumer business0925 svp consumer business,PKS
PKS antara PT Pos Indonesia (Persero) dengan PT Uang Kita tentang Pemanfaatan Layanan Weselpos Dalam Negeri ( PKS.349/SVP Consumer Business/0925),SVP Consumer Business;,496 - PKS,pks antara pt pos indonesia persero dengan pt uang kita tentang pemanfaatan layanan weselpos dalam negeri pks349svp consumer business0925 svp consumer business,PKS
Nota Kesepahaman antara Perusahaan Perseroan (Persero) PT Telekomunikasi Indonesia Tbk dan PT Pos Indonesia (Persero) tentang Eksplorasi Kerja Sama Terkait Platform Digital Telkom,SVP Strategic Partnership and Business Development;,497 - Nota Kesepahaman,nota kesepahaman antara perusahaan perseroan persero pt telekomunikasi indonesia tbk dan pt pos indonesia persero tentang eksplorasi kerja sama terkait platform digital telkom svp strategic partnership and business development,NOTA KESEPAHAMAN
SK nomor : SK.1326/Dirut/0925 tentang Tim Perunding Perjanjian Kerja Bersama Tahun 2025-2027 antara Perusahaan dengan Serikat Pekerja,Plt Direktur Utama;,501 - SK,sk nomor sk1326dirut0925 tentang tim perunding perjanjian kerja bersama tahun 20252027 antara perusahaan dengan serikat pekerja plt direktur utama,SK
Perjanjian antara PT Pos Indonesia (Persero) dengan PT Millennia Solusi Informatika tentang Pekerjaan Pengadaan Jasa Konsultan Reassessment COBIT 2019 di PT Pos Indonesia (Persero) Tahun 2025 (Nomor POS : PKS.344/SVP Digital Services/0925),SVP Digital Services;,504 - PKS,perjanjian antara pt pos indonesia persero dengan pt millennia solusi informatika tentang pekerjaan pengadaan jasa konsultan reassessment cobit 2019 di pt pos indonesia persero tahun 2025 nomor pos pks344svp digital services0925 svp digital services,PKS
SK nomor : SK.1138/Dirut/0725 tentang Susunan Tim Koordinasi Penyelenggaraan Layanan Pos Universal Tahun Anggaran 2025,Plt Direktur Utama;,505 - SK,sk nomor sk1138dirut0725 tentang susunan tim koordinasi penyelenggaraan layanan pos universal tahun anggaran 2025 plt direktur utama,SK
PKS PT Pos Indonesia (Persero) dengan PT Jasa Angkasa Semesta Tbk tentang Kerjasama Kegiatan Penanganan Kargo dan Pos di Fasilitas Pergudangan Internasional Bandar Udara Internasional Soekarno Hatta,PPOH SVP Internasional Post Services;,506 - PKS,pks pt pos indonesia persero dengan pt jasa angkasa semesta tbk tentang kerjasama kegiatan penanganan kargo dan pos di fasilitas pergudangan internasional bandar udara internasional soekarno hatta ppoh svp internasional post services,PKS
Perjanjian Kerja Sama antara PT Pos Indonesia (Persero) dengan PT Pos Logistik Indonesia tentang Pengelolaan Lahan dan Gedung Kantor Tukar Pos Udara Jakarta Soekarno-Hatta sebagai Gudang Lini-1 (PKS.220/Dirut/0725),Direktur Keuangan dan manajemen Risiko;,510 - PKS,perjanjian kerja sama antara pt pos indonesia persero dengan pt pos logistik indonesia tentang pengelolaan lahan dan gedung kantor tukar pos udara jakarta soekarnohatta sebagai gudang lini1 pks220dirut0725 direktur keuangan dan manajemen risiko,PKS
Perjanjian Kerja Sama Pengiriman dengan Metode Cash on Delivery (COD) antara PT pos Indonesia (Persero) dan PT Shopee International Indonesia,SVP Retail Business;,513 - PKS,perjanjian kerja sama pengiriman dengan metode cash on delivery cod antara pt pos indonesia persero dan pt shopee international indonesia svp retail business,PKS
Nota Kesepahaman antara Direktorat Jenderal Tanaman Pangan Kementerian Pertanian RI dengan PT Pos Indonesia (Persero) tentang Pemanfaatan Layanan Jas dan Potensi Masing-Masing Pihak,Plt Direktur Utama;,517 - Nota Kesepahaman,nota kesepahaman antara direktorat jenderal tanaman pangan kementerian pertanian ri dengan pt pos indonesia persero tentang pemanfaatan layanan jas dan potensi masingmasing pihak plt direktur utama,NOTA KESEPAHAMAN
Perjanjian antara PT pos Indonesia (Persero) dengan PT Dwi Indah tentang Pekerjaan Pengadaan Stiker Thermal Cetak Label (Nomor : PKS.316/Dir-2/0825),Direktur Human Capital Management;,519 - PKS,perjanjian antara pt pos indonesia persero dengan pt dwi indah tentang pekerjaan pengadaan stiker thermal cetak label nomor pks316dir20825 direktur human capital management,PKS
Perjanjian Kerja Sama antara PT Pos Indonesia (Persero) dengan Koperasi Jasa Serba Usaha Postra tentang Pemotongan Uang Pensiun untuk Angsuran Kredit Pensiun  Pemberian Fasilitas Kredit kepada Pensiunan dan Pemeliharaan Data (Flagging) Pegawai negeri Sipil/Aparatur Sipil Negara/TNI/Polri yang Memperoleh Kredit Melalui Koperasi Jasa Serba Usaha Postra (Nomor : PKS.380/EVP Government and Corporate Business/1025),EVP Government and Corporate Business;,624 - PKS,perjanjian kerja sama antara pt pos indonesia persero dengan koperasi jasa serba usaha postra tentang pemotongan uang pensiun untuk angsuran kredit pensiun pemberian fasilitas kredit kepada pensiunan dan pemeliharaan data flagging pegawai negeri sipilaparatur sipil negaratnipolri yang memperoleh kredit melalui koperasi jasa serba usaha postra nomor pks380evp government and corporate business1025 evp government and corporate business,PKS
PKWT antara PT Pos Indonesia (Persero) dengan Iwan Irwansyah sebagai TKPP (Nomor : PKS.339/Dirut/0925),Plt Dirut;,625 - PKWT,pkwt antara pt pos indonesia persero dengan iwan irwansyah sebagai tkpp nomor pks339dirut0925 plt dirut,PKWT
PKWT antara PT Pos Indonesia (Persero) dengan Henry Pratomo sebagai TKPP (Nomor : PKS.153/Dirut/0525),Plt Dirut;,626 - PKWT,pkwt antara pt pos indonesia persero dengan henry pratomo sebagai tkpp nomor pks153dirut0525 plt dirut,PKWT
Risalah Radir  Selasa 4 November 2025,Direksi;,629 - Risalah Radir,risalah radir selasa 4 november 2025 direksi,RISALAH RADIR
Application for Visa,Embassy of Australia;,630 - Surat Dinas,application for visa embassy of australia,SURAT DINAS
Perjanjian Kerahasiaan antara PT Pos Indonesia (Persero) dengan PT Ondel Teknologi Indonesia tentang Pertukaran Data Dan/Atau Informasi,Plt DirBisKurlog;,631 - Perjanjian Kerahasiaan,perjanjian kerahasiaan antara pt pos indonesia persero dengan pt ondel teknologi indonesia tentang pertukaran data danatau informasi plt dirbiskurlog,PERJANJIAN KERAHASIAAN
Application for Schengen Visa,Embassy of Switzerland;,638 - Surat Dinas,application for schengen visa embassy of switzerland,SURAT DINAS
Nota Kesepahaman antara PT Maza Indowisata Tour dengan PT Pos Indonesia (Persero) tentang Fronting Layanan Halal/Muslim Tour dan Umrah Melalui PT Pos Indonesia (Persero),Direktur Bisnis Jasa Keuangan;,639 - Nota Kesepahaman,nota kesepahaman antara pt maza indowisata tour dengan pt pos indonesia persero tentang fronting layanan halalmuslim tour dan umrah melalui pt pos indonesia persero direktur bisnis jasa keuangan,NOTA KESEPAHAMAN
Perjanjian Kerja Sama PT Pelabuhan Indonesia (Persero) dengan PT pos Indonesia (Persero) tentang Penyaluran Bantuan Uang Sembako kepada Pensiunan Pekerja PT Pelabuhan Indonesia (Persero),EVP Government and Corporate Business;,640 - PKS,perjanjian kerja sama pt pelabuhan indonesia persero dengan pt pos indonesia persero tentang penyaluran bantuan uang sembako kepada pensiunan pekerja pt pelabuhan indonesia persero evp government and corporate business,PKS
Adendum Kedua atas Perjanjian Kerjasama Nomor : PKS234/Dir-4/1122 antara PT Pos Indonesia (Persero) dengan PT Dhanapatra Loka Abadi tentang Pemanfatan Layanan Pospay-Dhapat,SVP Consumer Business;,643 - PKS,adendum kedua atas perjanjian kerjasama nomor pks234dir41122 antara pt pos indonesia persero dengan pt dhanapatra loka abadi tentang pemanfatan layanan pospaydhapat svp consumer business,PKS
Perjanjian Kerja Sama antara PT Pos Indonesia (Persero) dengan PT Dapensi Trio Usaha tentang Loket Tempat Penguangan Tunai Kemitraan Layanan Remittance,SVP Consumer Business;,644 - PKS,perjanjian kerja sama antara pt pos indonesia persero dengan pt dapensi trio usaha tentang loket tempat penguangan tunai kemitraan layanan remittance svp consumer business,PKS
Perjanjian Kerja Sama antara PT Asuransi Jiwa Taspen dengan PT Pos Indonesia (Persero) tentang Penyalran Dana Asuransi Multiguna Sejahtera,Direktur Bisnis Jasa Keuangan;,645 - PKS,perjanjian kerja sama antara pt asuransi jiwa taspen dengan pt pos indonesia persero tentang penyalran dana asuransi multiguna sejahtera direktur bisnis jasa keuangan,PKS
Perjanjian Kerahasiaan antara PT Tri Adi Bersama dengan PT Pos Indonesia (Persero) tentang Pertukaran Data dan/atau Informasi,Plt Direktur Bisnis Kurir Logistik;,647 - Perjanjian Kerahasiaan,perjanjian kerahasiaan antara pt tri adi bersama dengan pt pos indonesia persero tentang pertukaran data danatau informasi plt direktur bisnis kurir logistik,PERJANJIAN KERAHASIAAN
SK Direksi PT Pos Indonesia (Persero) tentang Perubahan Susunan Keanggotaan Komite Pengelolaan Anak Perusahaan,Plt Direktur Utama;,649 - SK,sk direksi pt pos indonesia persero tentang perubahan susunan keanggotaan komite pengelolaan anak perusahaan plt direktur utama,SK
Perjanjian Kerahasiaan antara PT Nusantara Ekspress Kilat dengan PT Pos Indonesia (Persero) tentang Pertukaran Data dan/Atau Informasi,Plt Direktur Bisnis Kurir dan Logistik;,652 - Perjanjian Kerahasiaan,perjanjian kerahasiaan antara pt nusantara ekspress kilat dengan pt pos indonesia persero tentang pertukaran data danatau informasi plt direktur bisnis kurir dan logistik,PERJANJIAN KERAHASIAAN
SK Direksi PT Pos Indonesia Nomor : SK.1445/Dirut/0925 tentang Perubahan Susunan Tim Tindaklanjut atas Pengajuan dan Pertanggungjawaban Dana Penyelenggaraan Layanan Pos Universal Tahun Anggaran 2025,Plt Direktur Utama;,653 - SK,sk direksi pt pos indonesia nomor sk1445dirut0925 tentang perubahan susunan tim tindaklanjut atas pengajuan dan pertanggungjawaban dana penyelenggaraan layanan pos universal tahun anggaran 2025 plt direktur utama,SK
SK Direksi PT Pos Indonesia (Persero) tentang Perubahan Tim Counterpart Assesment Penerapan Good Corporate Governance Tahun 2025,Plt Direktur Utama (Endy PR Abdurrahman);,657 - SK,sk direksi pt pos indonesia persero tentang perubahan tim counterpart assesment penerapan good corporate governance tahun 2025 plt direktur utama endy pr abdurrahman,SK
Risalah Radir  Selasa 11 November 2025,Direksi;,658 - Risalah Radir,risalah radir selasa 11 november 2025 direksi,RISALAH RADIR
Perjanjian Kerja Sama Program Diskon antara PT Shopee International Indonesia dengan PT Pos Indonesia (Persero) tentang Program Diskon,SVP Retail Business;,661 - PKS,perjanjian kerja sama program diskon antara pt shopee international indonesia dengan pt pos indonesia persero tentang program diskon svp retail business,PKS
Surat Penunjukkan KKO,VP Corcom;,662 - Surat Dinas,surat penunjukkan kko vp corcom,SURAT DINAS
PKWT antara PT Pos Indonesia (Persero) dengan Yoga Pria Utama sebagai Tenaga Kerja Profesional Perusahaan (PKS.363/Dir-5/0925),Plt Direktur Bisnis Kurir dan Logistik;,665 - PKWT,pkwt antara pt pos indonesia persero dengan yoga pria utama sebagai tenaga kerja profesional perusahaan pks363dir50925 plt direktur bisnis kurir dan logistik,PKWT
Perjanjian Kerja Sama antara PT Pos Indonesia (Persero) dengan Koperasi Konsumen Pegawai Pos Indonesia Jakarta Pusat tentang Pemberian Fasilitas Kredit dan Pemotongan Uang Pensiun untuk Angsuran Kredit Pensiun untuk Peserta Dana Pensiun Pos Indonesia,EVP Government and Corporate Business;,668 - PKS,perjanjian kerja sama antara pt pos indonesia persero dengan koperasi konsumen pegawai pos indonesia jakarta pusat tentang pemberian fasilitas kredit dan pemotongan uang pensiun untuk angsuran kredit pensiun untuk peserta dana pensiun pos indonesia evp government and corporate business,PKS
Perjanjian antara PT Pos Indonesia (Persero) dengan PT Sinwa Perdana Mandiri tentang Pekerjaan Pengadaan Seal Plastik,Direktur Human Capital management;,669 - PKS,perjanjian antara pt pos indonesia persero dengan pt sinwa perdana mandiri tentang pekerjaan pengadaan seal plastik direktur human capital management,PKS
Surat Sponsor Pembuatan Visa Schengen,Kedubes Switzerland;,672 - Surat Dinas,surat sponsor pembuatan visa schengen kedubes switzerland,SURAT DINAS
